CASE_ID,ACCIDENT_YEAR,PROC_DATE,JURIS,COLLISION_DATE,COLLISION_TIME,OFFICER_ID,REPORTING_DISTRICT,DAY_OF_WEEK,CHP_SHIFT,POPULATION,CNTY_CITY_LOC,SPECIAL_COND,BEAT_TYPE,CHP_BEAT_TYPE,CITY_DIVISION_LAPD,CHP_BEAT_CLASS,BEAT_NUMBER,PRIMARY_RD,SECONDARY_RD,DISTANCE,DIRECTION,INTERSECTION,WEATHER_1,WEATHER_2,STATE_HWY_IND,CALTRANS_COUNTY,CALTRANS_DISTRICT,STATE_ROUTE,ROUTE_SUFFIX,POSTMILE_PREFIX,POSTMILE,LOCATION_TYPE,RAMP_INTERSECTION,SIDE_OF_HWY,TOW_AWAY,COLLISION_SEVERITY,NUMBER_KILLED,NUMBER_INJURED,PARTY_COUNT,PRIMARY_COLL_FACTOR,PCF_CODE_OF_VIOL,PCF_VIOL_CATEGORY,PCF_VIOLATION,PCF_VIOL_SUBSECTION,HIT_AND_RUN,TYPE_OF_COLLISION,MVIW,PED_ACTION,ROAD_SURFACE,ROAD_COND_1,ROAD_COND_2,LIGHTING,CONTROL_DEVICE,CHP_ROAD_TYPE,PEDESTRIAN_ACCIDENT,BICYCLE_ACCIDENT,MOTORCYCLE_ACCIDENT,TRUCK_ACCIDENT,NOT_PRIVATE_PROPERTY,ALCOHOL_INVOLVED,STWD_VEHTYPE_AT_FAULT,CHP_VEHTYPE_AT_FAULT,COUNT_SEVERE_INJ,COUNT_VISIBLE_INJ,COUNT_COMPLAINT_PAIN,COUNT_PED_KILLED,COUNT_PED_INJURED,COUNT_BICYCLIST_KILLED,COUNT_BICYCLIST_INJURED,COUNT_MC_KILLED,COUNT_MC_INJURED,PRIMARY_RAMP,SECONDARY_RAMP,LATITUDE,LONGITUDE,COUNTY,CITY,POINT_X,POINT_Y
6592395,2014,2014-09-04,4807,2014-07-19,0050,636,VALLE,6,5,6,4807,0,0,0,,0,004,LEMON,SONOMA,0.00,,Y,A,-,N,,,,,,,,,,Y,2,0,1,2,A,-,01,23152,A,N,E,E,A,A,H,-,C,A,0,,,,,Y,Y,-,,1,0,0,0,0,0,0,0,0,"- ","- ",,,SOLANO,VALLEJO,-122.24345992000001,38.087799959999998
6606195,2014,2014-10-02,9365,2014-06-02,0324,018799,,1,3,6,4807,0,1,1,,2,081,"RT 80","REDWOOD ST",100.00,W,N,B,-,Y,SOL,4,80,-,-,4.410,H,-,W,Y,1,1,1,1,A,-,08,22107,,N,E,I,A,A,H,-,C,D,1,,,,Y,Y,,F,26,0,1,0,0,0,0,0,0,0,"- ","- ",38.122540000000001,-122.23039,SOLANO,VALLEJO,-122.23016157000001,38.122785839999999
6813339,2014,2015-02-20,4803,2014-12-28,0203,1546,,7,5,5,4803,0,0,0,,0,0CO,"SUISUN VALLEY RD","WESTAMERICA DR",150.00,N,N,A,-,N,,,,,,,,,,Y,2,0,1,1,A,-,01,23152,A,N,E,I,A,A,H,-,C,A,0,,,,,Y,Y,A,01,1,0,0,0,0,0,0,0,0,"- ","- ",,,SOLANO,FAIRFIELD,-122.12861791,38.230189940000002
6983533,2015,2017-01-06,9365,2015-06-27,1455,018799,,6,2,3,4802,0,1,1,,2,089,"RT 80","PITT SCHOOL RD",1302.00,E,N,A,-,Y,SOL,4,80,-,-,37.150,H,-,E,Y,2,0,2,2,A,-,08,22107,,N,E,J,A,A,H,-,A,D,1,,,,,Y,,A,01,1,1,0,0,0,0,0,0,0,"- ","- ",38.462989999999998,-121.8366,SOLANO,DIXON,-121.83765353,38.462064490000003
7110615,2015,2017-02-03,4803,2015-10-09,0021,1283,SOLAN,5,5,5,4803,0,0,0,,0,00W,"WATERMAN BL","HILBORN RD",350.00,E,N,A,-,Y,SOL,4,80,-,-,19.330,R,4,W,Y,2,0,1,1,A,-,01,23152,A,N,F,A,A,A,H,-,C,D,0,,,Y,,Y,Y,C,02,1,0,0,0,0,0,0,0,1,"- ","- ",38.273400000000002,-122.05252,SOLANO,FAIRFIELD,-122.04832457000001,38.27523995
7183608,2016,2016-08-24,4803,2016-01-31,1937,1507,FAIRF,7,5,5,4803,0,0,0,,0,EAST,"CLAY BANK RD","EAST TABOR AV",300.00,S,N,A,-,N,,,,,,,,,,Y,2,0,1,1,A,-,01,23152,A,N,A,J,A,A,H,-,C,D,0,,,,,Y,Y,A,01,1,0,0,0,0,0,0,0,0,"- ","- ",38.265149999999998,-122.00700000000001,SOLANO,FAIRFIELD,-122.00722,38.265189999999997
92363455,2023,2024-04-12,9365,2023-03-09,"355 ",018192,,4,3,6,4807,0,1,1,,2,080,"I-80 EASTBOUND","CAQUINEZ BRIDGE TOLL PLAZA",1729.00,E,N,A,-,Y,SOL,,80," "," ",0.905,H,,R,Y,1,1,0,2,A,-,11,21954,A,N,G,B,E,A,D,-,C,D,0,Y,,,Y,Y,,N,60,0,0,0,1,0,0,0,0,0,"- ","- ",38.073238372802734,-122.22963714599609,SOLANO,VALLEJO,-122.22963714599609,38.0732421875
94700565,2025,2025-05-26,9365,2025-05-23,1310,024386,,5,1,5,4806,0,1,3,,2,113,"SR-113 S/B","HASTINGS ROAD",1900.00,S,N,A,-,Y,SOL,,113," "," ",6.660,H,,L,Y,2,0,4,2,A,-,02,22400,A,N,C,2,A,A,H,-,A,D,0,,,,,Y,,D,22,1,3,0,0,0,0,0,0,0,"- ","- ",38.279991149902344,-121.80535125732422,SOLANO,VACAVILLE,-121.80531311035156,38.279991149902344
81629928,2021,2021-11-19,4803,2021-11-08,1606,1584,SOLAN,1,5,5,4803,0,0,0,,0,00E,"PEPPERTREE DRIVE","CHALICE COURT",33.00,S,N,A,-,N,,,,,,,,,,Y,2,0,1,1,A,-,03,22350,,N,E,I,A,A,H,-,A,D,0,,,,,Y,,A,01,1,0,0,0,0,0,0,0,0,"- ","- ",38.277729034423828,-122.01570892333984,SOLANO,FAIRFIELD,-122.01579284667969,38.277790069580078
81710362,2022,2022-02-28,4807,2022-01-17,1900,#733,VALLE,1,5,6,4807,0,0,0,,0,004,"SONOMA BL","MAGAZINE ST",0.00,,Y,A,-,N,,,,,,,,,,N,2,0,1,2,A,-,11,21456,C,N,G,B,B,A,H,-,C,A,0,Y,,,,Y,,N,60,1,0,0,0,1,0,0,0,0,"- ","- ",38.082408905029297,-122.23867797851562,SOLANO,VALLEJO,-122.23850250244141,38.082492828369141
81830614,2022,2022-08-02,4803,2022-07-29,1815,1769,,5,5,5,4803,0,0,0,,0,002,"BECK AVENUE","WOOLNER AVENUE",62.00,N,N,A,-,N,,,,,,,,,,Y,2,0,1,1,A,-,08,22107,,N,E,I,A,A,H,-,A,A,0,,,,,Y,,A,01,1,0,0,0,0,0,0,0,0,"- ","- ",38.245269775390625,-122.06620788574219,SOLANO,FAIRFIELD,-122.06623840332031,38.245380401611328
91028835,2019,2019-07-11,9365,2019-07-04,1955,020508,,4,2,9,4800,0,1,1,,2,087,"I-80 E/B","WEBER RD",2323.00,W,N,A,-,Y,,,80,,,,,,E,Y,2,0,1,1,A,-,01,23152,A,N,E,I,A,A,H,-,A,D,0,,,,,Y,Y,A,01,1,0,0,0,0,0,0,0,0,"- ","- ",38.398891448974609,-121.91954040527344,SOLANO,UNINCORPORATED,-121.91968536376953,38.399082183837891
92016173,2023,2023-03-13,9365,2023-03-01,"630 ",017820,,3,1,6,4807,0,1,1,,2,081,"SR-37 E/B","FAIRGROUNDS DR",2798.00,W,N,A,-,Y,SOL,,37," "," ",10.455,H,,R,N,2,0,2,2,A,-,03,22350,,N,C,C,A,A,H,-,A,A,0,,,,,Y,,D,22,1,1,0,0,0,0,0,0,0,"- ","- ",38.141700744628906,-122.24165344238281,SOLANO,VALLEJO,-122.24166107177734,38.141647338867188
92188956,2023,2023-10-03,9365,2023-09-25,1637,022019,,1,2,9,4800,0,2,4,,2,202,"SUISUN VALLEY RD","LEDGEWOOD RD",1919.00,N,N,A,-,N,,,,,,,,,,N,2,0,1,2,A,-,09,21804,A,N,C,C,A,A,H,-,A,A,0,,,Y,,Y,,A,01,1,0,0,0,0,0,0,0,1,"- ","- ",38.276679992675781,-122.11350250244141,SOLANO,UNINCORPORATED,-122.11331939697266,38.276443481445312
6393468,2014,2014-06-19,4807,2014-02-08,1310,586,VALLE,6,5,6,4807,0,0,0,,0,001,"COLUMBUS PKWY","LAKE HERMAN RD",792.00,N,N,C,-,N,,,,,,,,,,Y,2,0,4,2,A,-,01,23152,,N,A,I,A,B,H,-,A,D,0,,,,,Y,,-,,1,1,2,0,0,0,0,0,0,"- ","- ",,,SOLANO,VALLEJO,-122.19386369,38.117987929999998
8976386,2019,2019-12-10,4803,2019-10-29,1121,1694,,2,5,5,4803,0,0,0,,0,0CE,"MAYWOOD WY","HANFORD CT",25.00,W,N,A,-,N,,,,,,,,,,N,2,0,1,2,A,-,21,22106,,N,G,B,E,A,H,-,A,D,0,Y,,,,Y,,I,11,1,0,0,0,1,0,0,0,0,"- ","- ",38.282779693603516,-122.02726745605469,SOLANO,FAIRFIELD,-122.02724456787109,38.282821655273438
90462023,2017,2017-05-23,9365,2017-04-29,0715,015810,,6,1,9,4800,0,1,1,,2,089,"I-80 E/B","SR-113  N/B O/C",200.00,W,N,A,-,Y,,,80,,,,,,E,Y,2,0,4,2,A,-,01,23152,A,N,C,C,A,A,H,-,A,D,0,,,,,Y,Y,A,01,1,2,1,0,0,0,0,0,0,"- ","- ",38.520589999999999,-121.76918999999999,SOLANO,UNINCORPORATED,-121.76919029,38.520590310000003
91053814,2018,2019-10-11,9365,2018-12-28,0002,021127,,5,3,5,4803,0,1,1,,2,083,"SR-12 E/B","CHADBOURNE RD",3000.00,W,N,A,-,Y,,,,,,,,,,Y,1,1,0,2,A,-,11,21956,A,N,G,B,E,A,H,-,D,D,0,Y,,,,Y,,N,60,0,0,0,1,0,0,0,0,0,"- ","- ",38.238739013671875,-122.09403228759766,SOLANO,FAIRFIELD,-122.09441375732422,38.238632202148438
91580266,2021,2021-09-27,9365,2021-09-16,1912,018794,,4,2,9,4800,0,3,5,,2,020,"SHILOH RD",SR-12,8448.00,S,N,A,-,N,,,,,,,,,,N,2,0,1,2,D,-,00,,,N,C,C,A,A,H,-,A,D,0,,Y,,,Y,,-,"- ",1,0,0,0,0,0,1,0,0,"- ","- ",38.197700500488281,-121.89035034179688,SOLANO,UNINCORPORATED,-121.89028167724609,38.197360992431641
6945677,2015,2015-06-22,4803,2015-05-07,2354,1538,,4,5,5,4803,0,0,0,,0,00E,"REDWOOD DR","DOGWOOD CIR",120.00,S,N,A,-,N,,,,,,,,,,Y,2,0,1,1,A,-,01,23152,A,N,E,I,A,A,H,-,C,D,0,,,,,Y,,A,01,1,0,0,0,0,0,0,0,0,"- ","- ",,,SOLANO,FAIRFIELD,-122.02060609999999,38.283661039999998
9370672,2021,2021-12-28,4804,2021-11-25,1630,12365RV,4804,4,5,2,4804,0,0,0,,0,,"MCCORMACK RD","PROVINCE PATH PROLONGATION",200.00,W,N,A,-,N,,,,,,,,,,N,2,0,2,2,A,-,09,21804,A,N,B,C,A,A,G,-,A,D,0,,,Y,,Y,,C,02,1,0,1,0,0,0,0,0,1,"- ","- ",,,SOLANO,"RIO VISTA",-121.72383117675781,38.197811126708984
81688839,2022,2022-01-31,4803,2022-01-21,1715,1660,,5,5,5,4803,0,0,0,,0,00E,"AIR BASE PARKWAY","WILEY LANE",70.00,E,N,A,-,N,,,,,,,,,,Y,2,0,1,2,A,-,07,21658,A,N,C,C,A,A,H,-,A,D,0,,,Y,,Y,Y,C,02,1,0,0,0,0,0,0,0,1,"- ","- ",38.272418975830078,-121.97868347167969,SOLANO,FAIRFIELD,-121.97844696044922,38.272407531738281
82398684,2022,2024-05-30,4807,2022-12-13,0704,#635,,2,5,6,4807,0,0,0,,0,006,"SONOMA BL","REDWOOD ST",777.00,N,N,A,-,N,,,,,,,,,,N,1,1,0,2,A,-,11,21956,,F,G,B,D,A,H,-,C,D,0,Y,,,,Y,,N,60,0,0,0,1,0,0,0,0,0,"- ","- ",38.123008728027344,-122.25537109375,SOLANO,VALLEJO,-122.25538635253906,38.123008728027344
90212892,2016,2016-06-30,9365,2016-06-24,1523,016515,,5,2,3,4802,0,1,1,,2,089,"I-80 E/B","SR-113 S/B",528.00,E,N,A,-,Y,,,80,,,,,,E,Y,2,0,1,3,C,-,18,,,N,F,C,A,A,H,-,A,D,0,,,Y,,Y,,-,"- ",1,0,0,0,0,0,0,0,1,"- ","- ",38.4741,-121.82201000000001,SOLANO,DIXON,-121.82208847,38.474199419999998
90321219,2016,2016-11-16,9365,2016-09-19,0520,013235,,1,3,9,4800,0,1,1,,2,088,"I-80 EASTBOUND","MIDWAY ROAD",1950.00,E,N,A,-,Y,,,,,,,,,,Y,1,1,0,3,A,-,01,23152,E,N,C,C,A,A,H,-,D,D,0,,,Y,,Y,,C,02,0,0,0,0,0,0,0,1,0,"- ","- ",38.251399999999997,-121.53279999999999,SOLANO,UNINCORPORATED,-121.89229779,38.419994369999998
90639691,2018,2018-01-15,9365,2018-01-05,2230,020565,,5,3,9,4800,0,1,A,,2,030,"LEWIS RD.","FRY RD.",0.00,,Y,C,-,N,,,,,,,,,,Y,2,0,4,2,A,-,12,22450,A,N,D,C,A,B,H,-,D,A,0,,,,,Y,,A,01,1,2,1,0,0,0,0,0,0,"- ","- ",38.337188720703125,-121.89698791503906,SOLANO,UNINCORPORATED,-121.89695739746094,38.337188720703125
90811291,2018,2018-09-20,9365,2018-09-04,1630,018954,,2,2,9,4800,0,1,1,,2,089,"I-80 EB","RICHARDS BLVD",6375.00,W,N,A,-,Y,,,,,,,,,,Y,2,0,1,2,A,-,07,21658,A,N,B,C,A,A,H,-,A,D,0,,,Y,,Y,,A,07,1,0,0,0,0,0,0,0,1,"- ","- ",38.324649810791016,-121.44326019287109,SOLANO,UNINCORPORATED,,
90925172,2018,2019-02-15,9365,2018-07-13,1841,019458,,5,2,9,4800,0,1,1,,2,089,"I-80 W/B TO SR-113 N/B","OLD DAVIS RD",2535.00,W,N,A,-,Y,,,80,,,,R,,W,Y,1,1,0,1,A,-,08,22107,,N,E,I,A,A,H,-,A,D,0,,,,,Y,Y,A,01,0,0,0,0,0,0,0,0,0,"- ","- ",38.525901794433594,-121.76470184326172,SOLANO,UNINCORPORATED,-121.76470184326172,38.525901794433594
90933204,2019,2019-02-25,9365,2019-02-18,2005,019299,,1,2,3,4802,0,1,1,,2,089,"I-80 E/B","SR-113 S/B",1000.00,E,N,A,-,Y,,,80,,,,,,E,Y,2,0,2,2,A,-,08,22107,,N,F,C,A,A,H,-,C,D,0,,,,,Y,,A,07,1,1,0,0,0,0,0,0,0,"- ","- ",38.47528076171875,-121.82074737548828,SOLANO,DIXON,-121.82073974609375,38.475265502929688
91251479,2019,2020-06-12,9365,2019-08-12,2050,018192,,1,2,4,4801,0,1,1,,2,078,"I-780 E/B","E. SECOND STREET",1015.00,W,N,A,-,Y,,,780,,,,,,E,Y,1,1,0,1,A,-,01,23152,A,N,E,I,A,A,H,-,B,D,0,,,,,Y,Y,D,22,0,0,0,0,0,0,0,0,0,"- ","- ",38.059810638427734,-122.15152740478516,SOLANO,BENICIA,-122.15151977539062,38.059818267822266
6509461,2014,2016-04-12,9365,2014-05-17,1200,17799,,6,1,6,4807,0,1,3,,2,370,"RT 37","RAILROAD AV",1198.00,E,N,A,-,Y,SOL,4,37,-,R,7.440,H,-,W,Y,2,0,1,2,A,-,03,22350,,N,C,C,A,A,H,-,A,D,1,,,,,Y,,A,01,1,0,0,0,0,0,0,0,0,"- ","- ",38.119399999999999,-122.28319999999999,SOLANO,VALLEJO,-122.28518376,38.118626120000002
6813319,2014,2015-02-20,4803,2014-12-31,1733,1302,SOLAN,3,5,5,4803,0,0,0,,0,00E,"AIR BASE PKWY","CLAY BANK RD",6.00,W,N,A,-,N,,,,,,,,,,N,2,0,1,2,A,-,11,21456,B,N,G,B,B,A,H,-,C,A,0,Y,,,,Y,,N,60,1,0,0,0,1,0,0,0,0,"- ","- ",,,SOLANO,FAIRFIELD,-122.00660091,38.272599999999997
8875777,2019,2019-08-28,4803,2019-06-23,2129,1685,,7,5,5,4803,0,0,0,,0,HIGHWA,"RT 80","TRAVIS BL",690.00,S,N,A,-,Y,SOL,4,80,-,-,17.790,H,-,W,,2,0,1,1,A,-,08,22107,,N,E,I,A,A,H,-,C,D,0,,,,,Y,,A,01,1,0,0,0,0,0,0,0,0,"- ","- ",,,SOLANO,FAIRFIELD,-122.06404876708984,38.256687164306641
8900494,2018,2019-07-26,4807,2018-07-15,2158,705,VALLE,7,5,6,4807,0,0,0,,0,002,"ROLLINGWOOD DR","KEATS DR",189.00,S,N,A,-,N,,,,,,,,,,Y,2,0,1,2,A,-,11,21954,A,N,G,B,E,A,H,-,D,D,0,Y,,,,Y,,N,60,1,0,0,0,1,0,0,0,0,"- ","- ",38.095428466796875,-122.20865631103516,SOLANO,VALLEJO,-122.20862579345703,38.094951629638672
90261208,2016,2016-09-06,9365,2016-08-19,1635,020141,,5,2,5,4803,0,1,1,,2,084,"I-80 E/B","ROCKVILLE RD.",1056.00,W,N,A,-,Y,,,80,,,,,,E,Y,2,0,1,2,A,-,03,22350,,N,C,C,A,A,H,-,A,D,0,,,Y,,Y,,C,02,1,0,0,0,0,0,0,0,1,"- ","- ",38.247660000000003,-122.0732,SOLANO,FAIRFIELD,-122.07317629000001,38.247584619999998
91447502,2020,2021-04-09,9365,2020-11-25,0630,013706,,3,1,3,4802,0,1,1,,2,089,"I-80 E/B","PEDRICK ROAD",2790.00,W,N,A,-,Y,,,80,,,,,,E,Y,1,1,0,1,A,-,08,22107,,N,E,I,A,A,H,-,A,D,0,,,,,Y,,A,07,0,0,0,0,0,0,0,0,0,"- ","- ",38.484649658203125,-121.80880737304688,SOLANO,DIXON,-121.80882263183594,38.484661102294922
94756549,2025,2025-07-10,9365,2025-06-21,1300,024276,,6,1,9,4800,0,1,1,,2,680,"INTERSTATE 680","PARISH ROAD",860.00,N,N,A,-,Y,SOL,,680," ",R,5.196,H,,R,Y,2,0,1,2,A,-,07,21658,A,N,C,D,A,A,H,-,A,D,0,,,Y,,Y,,A,01,1,0,0,0,0,0,0,0,1,"- ","- ",38.118389129638672,-122.10601043701172,SOLANO,UNINCORPORATED,-122.10601806640625,38.118389129638672
6526593,2014,2016-04-12,9365,2014-05-27,2200,016783,,2,3,5,4806,0,1,1,,2,505,"RT 505","VACA VALLEY PKWY",2640.00,N,N,A,-,Y,SOL,4,505,-,R,1.950,H,-,N,Y,2,0,1,1,A,-,08,22107,,N,F,A,A,A,H,-,C,D,1,,,Y,,Y,,C,02,1,0,0,0,0,0,0,0,1,"- ","- ",38.379049999999999,-121.95326,SOLANO,VACAVILLE,-121.94799292,38.40110387
7149750,2015,2016-01-07,4806,2015-12-15,0606,564,,2,5,5,4806,0,0,0,,0,,"PEABODY RD","SOUTHWOOD DR",0.00,,Y,A,-,N,,,,,,,,,,Y,2,0,2,3,A,-,09,21802,A,N,D,C,A,A,H,-,C,A,0,,,,,Y,,A,01,1,0,1,0,0,0,0,0,0,"- ","- ",,,SOLANO,VACAVILLE,-121.97009998999999,38.3383799
8294058,2017,2017-02-01,4803,2017-01-19,1918,1602,4803,4,5,5,4803,0,0,0,,0,00S,"RT 12","PENNSYLVANIA AV",1207.00,W,N,A,-,N,,,12,,,,,,,Y,2,0,2,4,A,-,03,22350,,N,C,C,A,A,H,-,C,D,0,,,,,Y,,A,01,1,0,1,0,0,0,0,0,0,"- ","- ",38.241399999999999,-122.0504,SOLANO,FAIRFIELD,-122.05039077000001,38.241327210000001
8374242,2017,2017-05-30,4803,2017-05-06,1648,476,,6,5,5,4803,0,0,0,,0,,"HILBORN RD","HILL GLEN DR",0.00,,Y,A,-,N,,,,,,,,,,N,2,0,2,2,A,-,03,22350,B,N,D,C,A,A,H,-,A,D,0,,,Y,,Y,,C,02,1,1,0,0,0,0,0,0,1,"- ","- ",38.282649999999997,-122.05351,SOLANO,FAIRFIELD,-122.05301989,38.283089939999996
8443960,2017,2017-09-11,4807,2017-08-07,0010,636,VALLE,1,5,6,4807,0,0,0,,0,006,"FLAGSHIP DR","NEREUS ST",70.00,N,N,A,-,N,,,,,,,,,,Y,2,0,2,1,A,-,08,22107,,N,F,I,A,A,H,-,C,D,0,,,,,Y,,-,,1,0,1,0,0,0,0,0,0,"- ","- ",,,SOLANO,VALLEJO,-122.26898307,38.088695870000002
8818642,2018,2019-03-29,4806,2018-06-22,1507,605,404,5,5,5,4806,0,0,0,,0,004,"MARSHALL RD","SHASTA DR",0.00,,Y,A,-,N,,,,,,,,,,Y,2,0,2,2,A,-,09,21801,A,N,A,C,A,A,H,-,A,A,0,,,,,Y,,A,01,2,0,0,0,0,0,0,0,0,"- ","- ",38.346431732177734,-121.9722900390625,SOLANO,VACAVILLE,-121.97225189208984,38.346408843994141
9646654,2023,2024-03-12,4806,2023-12-25,1909,827,805,1,5,5,4806,0,0,0,,0,008,"MERCHANT ST","E WALNUT AV",428.00,W,N,A,-,N,,,,,,,,,,Y,2,0,1,2,A,-,01,23153,A,N,G,B,D,A,H,-,C,A,0,Y,,,,Y,Y,N,60,1,0,0,0,1,0,0,0,0,"- ","- ",,,SOLANO,VACAVILLE,-121.99329376220703,38.351497650146484
90697829,2018,2018-04-03,9365,2018-03-28,2120,020606,,3,2,6,4807,0,1,1,,2,081,"I-80 W/B","REDWOOD PARKWAY",737.00,E,N,A,-,Y,,,80,,,,,,W,Y,2,0,6,3,A,-,03,22350,,N,C,C,A,A,H,-,C,D,0,,,,,Y,,A,01,1,0,5,0,0,0,0,0,0,"- ","- ",38.12506103515625,-122.22923278808594,SOLANO,VALLEJO,-122.22920989990234,38.125045776367188
92336123,2024,2024-03-12,9365,2024-03-03,1545,022614,,7,2,9,4800,0,1,3,,2,121,"SR-12 E/B","SPURS TRL",798.00,W,N,A,-,Y,SOL,,12," "," ",0.411,H,,R,Y,2,0,3,1,A,-,01,23152,A,N,E,9,A,A,H,-,A,D,0,,,,,Y,Y,A,01,1,2,0,0,0,0,0,0,0,"- ","- ",38.208839416503906,-122.19603729248047,SOLANO,UNINCORPORATED,-122.19603729248047,38.208881378173828
6730671,2014,2015-01-16,4807,2014-11-15,0150,621,VPD,6,5,6,4807,0,0,0,,0,002,ROLLINGWOOD,KEATS,30.00,S,N,A,-,N,,,,,,,,,,Y,2,0,1,2,A,-,08,22107,,N,C,E,A,A,H,-,C,D,0,,,,,Y,Y,-,,1,0,0,0,0,0,0,0,0,"- ","- ",,,SOLANO,VALLEJO,-122.20862065,38.095387590000001
8580628,2017,2018-04-02,4805,2017-12-02,1620,5L80,4805,6,5,4,4805,0,0,0,,0,003,"SEAGULL DR","PELICAN WY",0.00,,Y,A,-,N,,,,,,,,,,N,2,0,1,1,A,-,03,22350,,N,F,A,A,A,H,-,A,D,0,,,Y,,Y,,C,02,1,0,0,0,0,0,0,0,1,"- ","- ",38.24485,-121.99445,SOLANO,"SUISUN CITY",-121.99440985,38.244829959999997
9074953,2020,2020-05-20,4806,2020-02-12,1923,609,801,3,5,5,4806,0,0,0,,0,008,"DEPOT ST","EAST MONTE VISTA AV",149.00,S,N,A,-,N,,,,,,,,,,N,2,0,1,2,A,-,11,21954,A,N,G,B,D,A,H,-,C,D,0,Y,,,,Y,,N,60,1,0,0,0,1,0,0,0,0,"- ","- ",,,SOLANO,VACAVILLE,-121.98175811767578,38.358509063720703
9249174,2021,2021-04-27,4806,2021-03-27,1642,457,906,6,5,5,4806,0,0,0,,0,009,"ORANGE DR","AUTO CENTER DR",0.00,,Y,A,-,N,,,,,,,,,,Y,2,0,1,2,A,-,09,21802,A,N,D,C,A,A,H,-,A,A,0,,,Y,,Y,,C,02,1,0,0,0,0,0,0,0,1,"- ","- ",38.379489898681641,-121.94254302978516,SOLANO,VACAVILLE,-121.942626953125,38.379581451416016
9565500,2023,2023-05-31,4806,2023-04-11,2125,846,405,2,5,5,4806,0,0,0,,0,004,"ELMIRA RD","BEELARD DR",0.00,,Y,A,-,N,,,,,,,,,,N,2,0,1,2,A,-,12,21453,A,F,H,G,A,A,H,-,C,A,0,,Y,,,Y,,-,"- ",1,0,0,0,0,0,1,0,0,"- ","- ",38.351829528808594,-121.96028137207031,SOLANO,VACAVILLE,-121.96034240722656,38.351844787597656
9700347,2024,2024-06-06,4806,2024-04-02,1603,686,502,2,5,5,4806,0,0,0,,0,005,"ELMIRA RD","NUT TREE RD",0.00,,Y,A,-,N,,,,,,,,,,Y,2,0,2,3,A,-,08,22107,,N,A,C,A,A,H,-,A,A,0,,,,,Y,,A,07,1,0,1,0,0,0,0,0,0,"- ","- ",38.351810455322266,-121.95323944091797,SOLANO,VACAVILLE,-121.95323181152344,38.351680755615234
9771937,2024,2025-01-23,4806,2024-12-03,1712,880,802,2,5,5,4806,0,0,0,,0,008,"MONTE VISTA AV","DOBBINS ST",0.00,,Y,A,-,N,,,,,,,,,,N,2,0,2,2,A,-,01,23152,A,F,A,C,A,A,H,-,C,A,0,,,,Y,Y,Y,A,01,1,0,1,0,0,0,0,0,0,"- ","- ",38.359039306640625,-121.98882293701172,SOLANO,VACAVILLE,-121.98876953125,38.359027862548828
84556728,2024,2025-01-31,4807,2024-10-24,"820 ",#774,,4,5,6,4807,0,0,0,,0,004,"SONOMA BL","MAGAZINE ST",906.00,S,N,A,-,N,,,,,,,,,,Y,2,0,1,2,D,-,00,,,N,C,G,A,A,H,-,A,D,0,,Y,,,Y,,-,"- ",1,0,0,0,0,0,1,0,0,"- ","- ",38.082408905029297,-122.23867797851562,SOLANO,VALLEJO,-122.23661804199219,38.080493927001953
90021014,2015,2015-10-19,9365,2015-09-16,1715,016515,,3,2,6,4807,0,3,5,,2,010,"I-80 E/B","MAGAZINE ST",31.00,W,N,B,C,Y,,,80,,,,,,E,Y,2,0,4,2,A,-,03,22350,,N,A,C,A,B,H,-,A,D,0,,,,,Y,,D,22,1,1,2,0,0,0,0,0,0,"- ","- ",38.085500000000003,-122.23265000000001,SOLANO,VALLEJO,-122.23275749,38.085531539999998
8467424,2017,2017-10-16,4803,2017-09-23,0205,1593,,6,5,5,4803,0,0,0,,0,00E,"DOBE LN","CASCADE LN",22.00,E,N,A,-,N,,,,,,,,,,Y,2,0,2,2,A,-,01,23152,A,F,B,C,A,A,H,-,C,D,0,,,Y,,Y,Y,C,02,1,1,0,0,0,0,0,0,2,"- ","- ",38.276060000000001,-121.96755,SOLANO,FAIRFIELD,-121.96729336999999,38.275968499999998
8648244,2018,2018-10-09,4803,2018-09-07,0632,476,,5,5,5,4803,0,0,0,,0,,"HUNTINGTON DR","STANFORD CT",600.00,W,N,A,-,N,,,,,,,,,,N,1,1,0,2,A,-,03,22350,,N,D,C,A,A,H,-,A,D,0,,,Y,,Y,,C,02,0,0,0,0,0,0,0,1,0,"- ","- ",38.277080535888672,-121.97532653808594,SOLANO,FAIRFIELD,-121.97707366943359,38.276237487792969
8822633,2018,2019-04-02,4806,2018-10-06,1932,609,706,6,5,5,4806,0,0,0,,0,007,"ALAMO DR","DAVIS ST",17.00,S,N,A,-,N,,,,,,,,,,Y,2,0,2,1,A,-,01,23152,F,N,E,I,A,A,H,-,A,A,0,,,,,Y,,A,01,2,0,0,0,0,0,0,0,0,"- ","- ",38.336830139160156,-121.98695373535156,SOLANO,VACAVILLE,-121.98682403564453,38.336803436279297