CASE_ID,ACCIDENT_YEAR,PROC_DATE,JURIS,COLLISION_DATE,COLLISION_TIME,OFFICER_ID,REPORTING_DISTRICT,DAY_OF_WEEK,CHP_SHIFT,POPULATION,CNTY_CITY_LOC,SPECIAL_COND,BEAT_TYPE,CHP_BEAT_TYPE,CITY_DIVISION_LAPD,CHP_BEAT_CLASS,BEAT_NUMBER,PRIMARY_RD,SECONDARY_RD,DISTANCE,DIRECTION,INTERSECTION,WEATHER_1,WEATHER_2,STATE_HWY_IND,CALTRANS_COUNTY,CALTRANS_DISTRICT,STATE_ROUTE,ROUTE_SUFFIX,POSTMILE_PREFIX,POSTMILE,LOCATION_TYPE,RAMP_INTERSECTION,SIDE_OF_HWY,TOW_AWAY,COLLISION_SEVERITY,NUMBER_KILLED,NUMBER_INJURED,PARTY_COUNT,PRIMARY_COLL_FACTOR,PCF_CODE_OF_VIOL,PCF_VIOL_CATEGORY,PCF_VIOLATION,PCF_VIOL_SUBSECTION,HIT_AND_RUN,TYPE_OF_COLLISION,MVIW,PED_ACTION,ROAD_SURFACE,ROAD_COND_1,ROAD_COND_2,LIGHTING,CONTROL_DEVICE,CHP_ROAD_TYPE,PEDESTRIAN_ACCIDENT,BICYCLE_ACCIDENT,MOTORCYCLE_ACCIDENT,TRUCK_ACCIDENT,NOT_PRIVATE_PROPERTY,ALCOHOL_INVOLVED,STWD_VEHTYPE_AT_FAULT,CHP_VEHTYPE_AT_FAULT,COUNT_SEVERE_INJ,COUNT_VISIBLE_INJ,COUNT_COMPLAINT_PAIN,COUNT_PED_KILLED,COUNT_PED_INJURED,COUNT_BICYCLIST_KILLED,COUNT_BICYCLIST_INJURED,COUNT_MC_KILLED,COUNT_MC_INJURED,PRIMARY_RAMP,SECONDARY_RAMP,LATITUDE,LONGITUDE,COUNTY,CITY,POINT_X,POINT_Y
9780559,2024,2025-03-14,4806,2024-12-10,1317,638,801,2,5,5,4806,0,0,0,,0,008,"MONTE VISTA AV","CALLEN ST",369.00,W,N,A,-,N,,,,,,,,,,Y,2,0,2,3,A,-,08,22107,,N,G,B,F,A,H,-,A,A,0,Y,,,,Y,,A,01,1,0,1,0,2,0,0,0,0,"- ","- ",38.360851287841797,-121.97470092773438,SOLANO,VACAVILLE,-121.98126983642578,38.358901977539062
81972392,2023,2023-01-20,4803,2023-01-04,"836 ",1638,,3,5,5,4803,0,0,0,,0,008,"VANDEN ROAD","ONE LAKE DRIVE",641.00,N,N,B,-,N,,,,,,,,,,Y,1,1,0,1,A,-,03,22350,,N,E,I,A,B,F,-,A,D,0,,,,,Y,,A,01,0,0,0,0,0,0,0,0,0,"- ","- ",38.294788360595703,-121.95778656005859,SOLANO,FAIRFIELD,,
82040208,2023,2023-04-10,4803,2023-03-23,"805 ",1660,,4,5,5,4803,0,0,0,,0,008,"EAST TABOR AVENUE","BLOSSOM AVENUE",18.00,W,N,A,-,N,,,,,,,,,,Y,1,1,0,2,A,-,01,23152,A,N,G,B,B,A,H,-,A,D,0,Y,,,,Y,Y,A,01,0,0,0,1,0,0,0,0,0,"- ","- ",38.265251159667969,-122.01466369628906,SOLANO,FAIRFIELD,-122.01488494873047,38.2652587890625
90535526,2017,2017-08-28,9365,2017-08-24,1935,020606,,4,2,9,4800,0,1,1,,2,081,"I-80 W/B","AMERICAN CANYON ROAD",1291.00,W,N,A,-,Y,,,80,,,,,,W,Y,2,0,1,2,A,-,07,21658,A,N,B,C,A,A,H,-,A,D,0,,,,,Y,,A,01,1,0,0,0,0,0,0,0,0,"- ","- ",38.16845,-122.20165,SOLANO,UNINCORPORATED,-122.20166781,38.168474850000003
91379821,2020,2021-01-04,9365,2020-12-18,2345,021598,,5,3,6,4807,0,1,1,,2,080,"I-80 W/B","GEORGIA ST",1056.00,W,N,A,-,Y,,,80,,,,,,W,Y,2,0,2,1,A,-,08,22107,,N,E,I,A,A,H,-,D,D,0,,,,,Y,Y,A,01,1,1,0,0,0,0,0,0,0,"- ","- ",38.097499847412109,-122.22989654541016,SOLANO,VALLEJO,-122.22991943359375,38.097499847412109
91468068,2021,2021-06-08,9365,2021-02-14,0400,020565,,7,3,9,4800,0,1,1,,2,087,"I-80 E/B","MIDWAY RD",3696.00,E,N,A,-,Y,,,,,,,,,,Y,2,0,1,1,A,-,08,22107,,N,A,I,A,A,H,-,D,D,0,,,,,Y,,D,22,1,0,0,0,0,0,0,0,0,"- ","- ",38.252651214599609,-121.53122711181641,SOLANO,UNINCORPORATED,-121.89618682861328,38.417030334472656
91528841,2021,2021-07-26,9365,2021-07-11,2355,021853,,7,3,5,4806,0,1,1,,2,087,"I-80 W/B","MERIDIAN RD",528.00,W,N,B,-,Y,,,80,,,,,,W,Y,2,0,2,1,A,-,08,22107,,F,F,A,A,A,H,-,C,D,0,,,,,Y,Y,A,01,1,1,0,0,0,0,0,0,0,"- ","- ",38.398651123046875,-121.92060089111328,SOLANO,VACAVILLE,-121.92062377929688,38.398685455322266
91700566,2022,2022-02-14,9365,2022-02-06,0345,021204,,7,3,9,4800,0,1,1,,2,089,"I-80 E/B TO PEDRICK RD","PEDRICK RD",500.00,W,N,A,-,Y,,,,,,,,,,Y,2,0,1,1,A,-,08,22107,,N,E,I,A,A,H,-,D,D,0,,,,,Y,,A,07,1,0,0,0,0,0,0,0,0,"- ","- ",38.486980438232422,-121.80532836914062,SOLANO,UNINCORPORATED,-121.80532836914062,38.486980438232422
8458378,2017,2017-09-28,4803,2017-09-20,2110,1593,,3,5,5,4803,0,0,0,,0,0CE,"TRAVIS BL","CLAY ST",13.00,W,N,A,-,N,,,,,,,,,,Y,2,0,1,2,A,-,10,21950,A,F,G,B,B,A,H,-,C,A,0,Y,,,,Y,,A,01,1,0,0,0,1,0,0,0,0,"- ","- ",38.258229999999998,-122.03796,SOLANO,FAIRFIELD,-122.03802528999999,38.25826
8648397,2018,2020-05-26,4805,2018-07-15,0320,5L87,4805,7,5,4,4805,0,0,0,,0,001,"RT 12","MARINA BL",0.00,,Y,A,G,Y,SOL,4,12,-,-,5.150,I,5,W,N,1,1,0,2,A,-,11,21453,D,N,G,B,B,A,H,-,C,A,0,Y,,,,Y,Y,N,60,0,0,0,1,0,0,0,0,0,"- ","- ",38.244190216064453,-122.03130340576172,SOLANO,"SUISUN CITY",-122.03143310546875,38.244678497314453
90275573,2016,2016-09-26,9365,2016-09-04,1555,018702,,7,2,5,4806,0,1,1,,2,087,"I-80 W/B","NUT TREE RD",225.00,W,N,A,-,Y,,,,,,,,,,Y,2,0,1,3,A,-,07,21658,A,F,F,A,A,A,H,-,A,A,0,,,Y,,Y,,A,07,1,0,0,0,0,0,0,0,1,"- ","- ",38.361919999999998,-121.95851,SOLANO,VACAVILLE,-121.95843791999999,38.369281770000001
91117226,2019,2019-11-11,9365,2019-11-04,0150,021382,,1,3,9,4800,0,3,5,,2,020,"ROBBEN RD","BROWN RD",6.00,S,N,A,-,N,,,,,,,,,,Y,2,0,1,1,A,-,01,23152,A,N,E,I,A,A,B,-,D,D,0,,,Y,,Y,Y,C,06,1,0,0,0,0,0,0,0,1,"- ","- ",38.306900024414062,-121.78659820556641,SOLANO,UNINCORPORATED,-121.78653717041016,38.306919097900391
91493143,2021,2021-06-09,9365,2021-06-02,1542,017747,,3,2,5,4803,0,1,1,,2,084,"I-80 E/B","ABERNATHY ROAD",2640.00,E,N,A,-,Y,,,80,,,,,,E,Y,2,0,3,2,A,-,03,22350,,N,C,C,A,A,H,-,A,D,0,,,,,Y,,A,07,1,1,1,0,0,0,0,0,0,"- ","- ",38.247341156005859,-122.07441711425781,SOLANO,FAIRFIELD,-122.07439422607422,38.247230529785156
92007200,2023,2023-03-01,9365,2023-02-26,"835 ",016970,,7,1,3,4802,0,1,1,,2,088,"I-80 W/B","DIXON AVE",250.00,W,N,B,C,Y,SOL,,80," "," ",35.425,H,,L,Y,2,0,1,1,A,-,08,22107,,N,E,J,A,B,H,-,A,D,0,,,,,Y,,D,22,1,0,0,0,0,0,0,0,0,"- ","- ",38.444759368896484,-121.86051177978516,SOLANO,DIXON,-121.86038970947266,38.444660186767578
94725048,2025,2025-06-13,9365,2025-06-08,1440,024386,,7,2,5,4803,0,1,1,,2,084,"I-80 E/B","MANUEL CAMPOS PARKWAY",1500.00,W,N,A,-,Y,SOL,,80," "," ",20.628,H,,R,Y,2,0,1,2,A,-,07,21658,A,N,B,C,A,A,H,-,A,D,0,,,Y,,Y,,C,02,1,0,0,0,0,0,0,0,1,"- ","- ",38.290950775146484,-122.03473663330078,SOLANO,FAIRFIELD,-122.03473663330078,38.290950775146484
6821275,2015,2016-10-17,9365,2015-02-08,2305,019572,,7,3,9,4800,0,1,A,,2,030,"RT 113","CASEY RD",1280.00,S,N,B,-,Y,SOL,4,113,-,-,15.300,H,-,N,Y,2,0,1,1,A,-,01,23152,A,N,F,A,A,B,F,-,D,D,0,,,,,Y,Y,D,22,1,0,0,0,0,0,0,0,0,"- ","- ",38.384129999999999,-121.82313000000001,SOLANO,UNINCORPORATED,-121.8228209,38.38779925
9211634,2020,2021-02-24,4802,2020-11-08,2004,1258,,7,5,3,4802,0,0,0,,0,002,"RT 113","EAST B ST",0.00,,Y,A,-,Y,SOL,4,113,-,-,19.360,I,5,N,N,1,1,1,3,A,-,10,21950,A,F,G,B,B,A,H,-,C,D,0,Y,,,,Y,,A,01,1,0,0,1,1,0,0,0,0,"- ","- ",38.446578979492188,-121.822509765625,SOLANO,DIXON,-121.82251739501953,38.446544647216797
81924811,2022,2022-11-23,4803,2022-11-13,0936,1594,,7,5,5,4803,0,0,0,,0,001,"CENTRAL WAY","LINK ROAD",640.00,E,N,A,-,N,,,,,,,,,,N,1,1,0,2,A,-,08,22107,,N,G,B,F,A,H,-,A,D,0,Y,,,Y,Y,,G,25,0,0,0,1,0,0,0,0,0,"- ","- ",38.219398498535156,-122.13114929199219,SOLANO,FAIRFIELD,-122.12936401367188,38.220767974853516
82019166,2023,2023-03-17,4807,2023-01-27,1550,#744,VALLE,5,5,6,4807,0,0,0,,0,004,"GEORGIA ST","13TH ST",0.00,,Y,A,-,N,,,,,,,,,,Y,2,0,2,4,A,-,09,21801,A,F,D,C,A,A,H,-,A,D,0,,,,,Y,,D,22,2,0,0,0,0,0,0,0,0,"- ","- ",38.100799560546875,-122.23284912109375,SOLANO,VALLEJO,-122.23281860351562,38.100788116455078
82171705,2023,2023-09-18,4807,2023-08-06,1544,#742,VALLE,7,5,6,4807,0,0,0,,0,002,"GEORGIA ST","STEFFAN ST",0.00,,Y,A,-,N,,,,,,,,,,Y,2,0,5,2,A,-,12,21453,A,N,D,C,A,A,H,-,A,A,0,,,,,Y,,A,07,1,0,4,0,0,0,0,0,0,"- ","- ",38.100841522216797,-122.22850036621094,SOLANO,VALLEJO,-122.22849273681641,38.100772857666016
90256894,2016,2016-08-30,9365,2016-06-23,2225,020067,,4,3,9,4800,0,3,5,,2,020,SR-113,"ROBINSON RD",4752.00,S,N,A,-,Y,,,113,,,,,,,Y,2,0,3,2,A,-,05,21650,,F,A,C,A,A,H,-,D,D,0,,,,,Y,,A,01,1,1,1,0,0,0,0,0,0,"- ","- ",38.227550000000001,-121.80561,SOLANO,UNINCORPORATED,-121.8057773,38.22755197
91261853,2020,2020-07-01,9365,2020-06-26,1745,019051,,5,2,9,4800,0,1,1,,2,084,"I-80 W/B TO WATERMAN BLVD","WATERMAN BLVD",100.00,E,N,A,-,Y,,,,,,,,,,Y,2,0,1,1,A,-,01,23152,A,N,E,I,A,A,H,-,A,D,0,,,Y,,Y,Y,C,02,1,0,0,0,0,0,0,0,1,"- ","- ",38.273731231689453,-122.05001068115234,SOLANO,UNINCORPORATED,,
91378216,2020,2020-12-30,9365,2020-12-23,1518,018794,,3,2,9,4800,0,1,1,,2,086,"I-505 S/B","ALLENDALE RD",2640.00,N,N,A,-,Y,,,505,,,,,,S,Y,2,0,1,1,A,-,08,22107,,N,E,I,A,A,H,-,A,D,0,,,,,Y,,A,08,1,0,0,0,0,0,0,0,0,"- ","- ",38.459869384765625,-121.94191741943359,SOLANO,UNINCORPORATED,-121.94228363037109,38.459869384765625
91768574,2022,2022-05-10,9365,2022-05-05,0612,017508,,4,1,6,4807,0,1,1,,2,080,"I-80 E/B","TOLL PLAZA",148.00,E,N,A,-,Y,SOL,,80,,,0.640,H,,R,N,2,0,1,2,A,-,09,21804,A,N,D,C,A,A,H,-,A,D,0,,,Y,,Y,,A,01,1,0,0,0,0,0,0,0,1,"- ","- ",38.069721221923828,-122.22720336914062,SOLANO,VALLEJO,-122.22699737548828,38.069789886474609
8147151,2016,2016-10-17,4803,2016-10-01,1928,504,,6,5,5,4803,0,0,0,,0,0CE,"NORTH TEXAS ST","OAK ST",188.00,S,N,A,-,N,,,,,,,,,,Y,2,0,1,2,A,-,01,23152,F,N,G,B,D,A,H,-,C,D,0,Y,,,,Y,,A,07,1,0,0,0,1,0,0,0,0,"- ","- ",38.261920000000003,-122.03412,SOLANO,FAIRFIELD,-122.03423732,38.261443640000003
82125866,2023,2023-07-26,4803,2023-07-04,2309,1746,,2,5,5,4803,0,0,0,,0,008,"VANDEN ROAD","LAKE TRAIL",1396.00,N,N,A,-,N,,,,,,,,,,N,2,0,1,1,A,-,03,22350,,N,H,A,A,A,H,-,D,D,0,,,Y,,Y,,C,02,1,0,0,0,0,0,0,0,1,"- ","- ",38.297710418701172,-121.95195770263672,SOLANO,FAIRFIELD,,
82135831,2023,2023-08-04,4803,2023-07-19,"945 ",1577,,3,5,5,4803,0,0,0,,0,005,"EAST TABOR AVENUE","NORTH TEXAS STREET",238.00,E,N,A,-,N,,,,,,,,,,Y,2,0,1,2,A,-,11,21954,A,F,G,B,C,A,H,-,A,A,0,Y,,,,Y,,N,60,1,0,0,0,1,0,0,0,0,"- ","- ",38.265651702880859,-122.0341796875,SOLANO,FAIRFIELD,-122.03336334228516,38.265548706054688
90225310,2016,2016-07-19,9365,2016-07-10,0340,019720,,7,3,9,4800,0,1,1,,2,680,"I-680 S/B","CORDELIA RD",871.00,S,N,A,-,Y,,,680,,,,,,S,Y,2,0,1,1,A,-,01,23152,A,N,E,I,A,A,H,-,D,D,0,,,,,Y,Y,A,01,1,0,0,0,0,0,0,0,0,"- ","- ",38.20823,-122.13791999999999,SOLANO,UNINCORPORATED,-122.13799706,38.208233229999998
90352141,2016,2016-12-27,9365,2016-12-21,1500,015882,,3,2,9,4800,0,1,3,,2,121,"SR-12 E/B","RED TOP RD",175.00,W,N,A,-,Y,,,12,,,,,,E,Y,2,0,1,2,A,-,03,22350,,N,C,C,A,A,H,-,A,D,0,,,,,Y,,A,01,1,0,0,0,0,0,0,0,0,"- ","- ",38.20758,-122.15685000000001,SOLANO,UNINCORPORATED,-122.15685687,38.207676569999997
91534593,2021,2021-08-02,9365,2021-07-24,2333,021853,,6,3,5,4803,0,1,1,,2,084,"W/B I-80","MANUEL CAMPOS PARKWAY",1056.00,E,N,A,-,Y,,,80,,,,,,,Y,2,0,1,1,A,-,08,22107,,N,E,J,A,A,H,-,C,D,0,,,Y,,Y,,C,02,1,0,0,0,0,0,0,0,1,"- ","- ",38.304130554199219,-122.03391265869141,SOLANO,FAIRFIELD,-122.03403472900391,38.304130554199219
6620680,2014,2014-09-19,4806,2014-08-15,0610,638,,5,5,5,4806,0,0,0,,0,,"PEABODY DR","BERRYESSA DR",0.00,,Y,A,-,N,,,,,,,,,,N,2,0,1,2,A,-,12,21453,A,N,D,B,A,A,H,-,A,A,0,,Y,,,Y,,L,04,1,0,0,0,0,0,1,0,0,"- ","- ",,,SOLANO,VACAVILLE,-121.9760199,38.348919899999999
6755232,2014,2015-02-06,4807,2014-12-20,1152,652,VALLE,6,5,6,4807,0,0,0,,0,006,"SACRAMENTO ST","COUGHLAN ST",87.00,N,N,B,-,N,,,,,,,,,,N,2,0,1,2,A,-,09,21804,,N,D,G,A,A,H,-,A,D,0,,Y,,,Y,,L,04,1,0,0,0,0,0,1,0,0,"- ","- ",,,SOLANO,VALLEJO,-122.25799000000001,38.115418980000001
8545062,2018,2018-02-06,4803,2018-01-24,2116,1600,4803,3,5,5,4803,0,0,0,,0,WEST,"MARTIN RD","GREY FOX LN",70.00,E,N,C,-,N,,,,,,,,,,Y,2,0,1,1,A,-,01,23152,A,N,E,I,A,B,H,-,D,D,0,,,,,Y,Y,D,22,1,0,0,0,0,0,0,0,0,"- ","- ",38.28363037109375,-122.04872894287109,SOLANO,FAIRFIELD,-122.04843902587891,38.283615112304688
9012566,2019,2020-01-03,4805,2019-11-03,0148,5L102,4805,7,5,4,4805,0,0,0,,0,003,"WALTERS RD","MCCLELLAN DR",0.00,,Y,A,-,N,,,,,,,,,,Y,2,0,1,2,A,-,01,23152,A,N,D,C,A,A,H,-,C,D,0,,,,,Y,Y,A,01,1,0,0,0,0,0,0,0,0,"- ","- ",38.256149291992188,-121.98818206787109,SOLANO,"SUISUN CITY",-121.98812866210938,38.256210327148438
9132949,2020,2020-12-01,4802,2020-02-08,1113,1260,,6,5,3,4802,0,0,0,,0,,"SOUTH 1ST ST","PARKWAY BL",0.00,,Y,A,-,Y,SOL,4,113,-,-,18.300,I,5,S,Y,2,0,2,2,A,-,01,23153,A,N,D,C,A,A,H,-,A,A,0,,,,,Y,Y,A,01,1,1,0,0,0,0,0,0,0,"- ","- ",,,SOLANO,DIXON,-121.82258605957031,38.431262969970703
9486219,2022,2022-09-16,4806,2022-08-29,1855,686,,1,5,5,4806,0,0,0,,0,,"ALAMO DR","SOUTHSIDE BIKEWAY",0.00,,Y,A,-,N,,,,,,,,,,N,2,0,1,2,A,-,12,21453,A,N,D,G,A,A,H,-,A,A,0,,Y,,,Y,,A,01,1,0,0,0,0,0,1,0,0,"- ","- ",,,SOLANO,VACAVILLE,,
82034163,2023,2023-07-21,4803,2023-03-23,1112,1772,,4,5,5,4803,0,0,0,,0,007,"ATLANTIC AVENUE","ORCHID STREET",354.00,W,N,A,-,N,,,,,,,,,,N,2,0,1,2,A,-,08,22107,,F,G,B,E,A,H,-,A,A,0,Y,,,,Y,,A,08,1,0,0,0,1,0,0,0,0,"- ","- ",38.276138305664062,-122.03691101074219,SOLANO,FAIRFIELD,-122.03818511962891,38.276378631591797
82193895,2023,2023-10-09,4807,2023-08-05,"150 ",#768,VALLE,6,5,6,4807,0,0,0,,0,005,"SONOMA BL","MISSOURI ST",393.00,N,N,A,-,Y,SOL,,29," "," ",3.210,H,,R,N,2,0,1,2,A,-,11,21954,A,F,G,B,D,A,H,-,C,D,0,Y,,,,Y,,N,60,1,0,0,0,1,0,0,0,0,"- ","- ",38.115890502929688,-122.25450134277344,SOLANO,VALLEJO,-122.25445556640625,38.115898132324219
91459590,2020,2021-04-27,9365,2020-06-01,0250,021609,,1,3,5,4806,0,2,S,,2,901,"ALAMO DRIVE E/B","ALAMO LANE",83.00,E,N,A,-,N,,,,,,,,,,Y,1,2,1,1,A,-,01,23152,F,N,E,I,A,A,H,-,C,D,0,,,,,Y,,A,01,0,1,0,0,0,0,0,0,0,"- ","- ",38.335430145263672,-121.98497772216797,SOLANO,VACAVILLE,-121.98490142822266,38.335529327392578
91751696,2021,2022-04-20,9365,2021-06-20,0049,021598,,7,3,3,4802,0,1,1,,2,088,"I-80 W/B","DIXON AVE",650.00,W,N,A,-,Y,,,80,,,,,,W,Y,1,1,6,6,A,-,03,22350,,N,C,C,E,A,H,-,D,D,0,Y,,,Y,Y,,F,25,3,3,0,1,0,0,0,0,0,"- ","- ",38.444801330566406,-121.86032104492188,SOLANO,DIXON,-121.86027526855469,38.444744110107422
6753024,2014,2015-01-23,4803,2014-11-25,0008,1339,,2,5,5,4803,0,0,0,,0,00E,"AIR BASE PKWY","PARKER RD",600.00,E,N,A,-,N,,,,,,,,,,Y,2,0,1,1,A,-,01,23152,A,N,E,J,A,B,H,-,C,A,0,,,Y,,Y,Y,C,06,1,0,0,0,0,0,0,0,1,"- ","- ",,,SOLANO,FAIRFIELD,-121.95697785999999,38.271647659999999
6291111,2014,2014-08-14,9365,2014-04-27,0645,15810,,7,1,9,4800,0,2,4,,2,301,"PLEASANTS VALLEY RD","PUTAH CREEK RD",4752.00,S,N,B,C,N,,,,,,,,,,Y,1,1,0,1,A,-,01,23152,A,N,E,J,A,B,H,-,B,D,0,,,,,Y,Y,A,01,0,0,0,0,0,0,0,0,0,"- ","- ",38.491300000000003,-122.0085,SOLANO,UNINCORPORATED,-122.03260018,38.469641979999999
6291954,2014,2015-02-13,9365,2014-02-20,1845,19051,,4,2,9,4800,0,1,1,,2,081,"RT 80","REDWOOD ST",6864.00,E,N,A,-,Y,SOL,4,80,-,-,5.720,H,-,W,Y,1,1,0,2,A,-,01,23152,A,N,E,I,A,A,H,-,C,D,1,,,,Y,Y,Y,A,01,0,0,0,0,0,0,0,0,0,"- ","- ",38.13917,-122.22033,SOLANO,UNINCORPORATED,-122.21949511,38.140269119999999
6292421,2015,2015-07-30,9365,2015-05-12,2250,18954,,2,3,9,4800,0,3,5,,2,020,"MCGARY RD","HIDDENBROOKE PKWY",1584.00,E,N,A,-,N,,,,,,,,,,N,1,1,0,2,A,-,11,21954,A,N,G,B,E,A,H,-,D,D,0,Y,,,,Y,,N,60,0,0,0,1,0,0,0,0,0,"- ","- ",38.172280000000001,-122.19521,SOLANO,UNINCORPORATED,-122.19556536,38.172042269999999
6292687,2015,2015-10-01,9365,2015-05-21,1737,15441,,4,2,9,4800,0,1,1,,2,086,"RT 80","BROWNS VALLEY PKWY",86.00,W,N,A,-,Y,SOL,4,80,-,R,27.300,R,2,W,Y,1,1,0,2,A,-,03,22350,,N,F,A,A,A,H,-,A,D,1,,,Y,Y,Y,,C,02,0,0,0,0,0,0,0,1,0,FR,"- ",38.363019999999999,-121.96732,SOLANO,UNINCORPORATED,-121.96758637000001,38.362724479999997
6292690,2015,2015-10-01,4807,2015-06-19,1524,599,4807,5,5,6,4807,0,0,0,,0,007,"SONOMA BL","REDWOOD PKWY",455.00,N,N,A,-,Y,SOL,4,29,-,-,3.800,H,-,N,Y,1,1,6,7,A,-,01,23152,A,N,G,B,F,A,H,-,A,D,0,Y,,,,Y,,-,,0,5,1,1,5,0,0,0,0,"- ","- ",,,SOLANO,VALLEJO,-122.25521784999999,38.124424859999998
6356442,2014,2014-06-06,4806,2014-01-19,1504,377,315,7,5,5,4806,0,0,0,,0,003,"MONTICELLO CT","N STANTON DR",0.00,,Y,A,-,N,,,,,,,,,,N,2,0,2,4,A,-,10,21950,A,F,G,B,E,A,H,-,A,D,0,Y,,,,Y,Y,-,,2,0,0,0,2,0,0,0,0,"- ","- ",,,SOLANO,VACAVILLE,-121.93872035,38.397327400000002
6387233,2014,2016-02-08,9365,2014-01-26,2055,017559,,7,2,5,4803,0,1,1,,2,085,"RT 80","MANUEL CAMPOS PKWY",1170.00,E,N,A,-,Y,SOL,4,80,-,-,21.180,H,-,W,Y,2,0,1,1,A,-,08,22107,,N,F,I,A,A,H,-,D,D,1,,,,,Y,,A,08,1,0,0,0,0,0,0,0,0,"- ","- ",38.298139999999997,-122.03425,SOLANO,FAIRFIELD,-122.03415149999999,38.299048509999999
6419904,2014,2016-02-12,9365,2014-03-18,0230,019572,,2,3,5,4806,0,1,1,,2,086,"RT 80","LEISURE TOWN RD",184.00,E,N,A,-,Y,SOL,4,80,-,-,29.890,H,-,W,Y,2,0,2,2,A,-,01,23152,A,N,B,C,A,A,H,-,C,D,1,,,,Y,Y,Y,A,01,1,0,1,0,0,0,0,0,0,"- ","- ",38.388759999999998,-122.93340999999999,SOLANO,VACAVILLE,-121.93348552,38.388632020000003
6445853,2014,2016-03-05,4802,2014-02-26,1859,1224,NORTH,3,5,3,4802,0,0,0,,0,003,"E C ST","N 1ST ST",0.00,,Y,C,-,Y,SOL,4,113,-,-,19.430,I,5,S,N,2,0,2,3,A,-,10,21950,A,F,G,B,B,B,H,-,C,A,0,Y,,,,Y,,A,01,2,0,0,0,2,0,0,0,0,"- ","- ",,,SOLANO,DIXON,-121.82250476999999,38.447548830000002
6461660,2014,2016-03-29,9365,2014-04-08,1715,010965,,2,2,4,4801,0,1,1,,2,077,"RT 780","BENICIA RD",265.00,W,N,A,-,Y,SOL,4,780,-,-,4.060,H,-,W,Y,2,0,3,3,A,-,08,22107,,N,A,C,A,A,H,-,A,D,1,,,,,Y,,D,22,1,0,2,0,0,0,0,0,0,"- ","- ",38.06964,-122.18366,SOLANO,BENICIA,-122.18367421000001,38.06949899
6515922,2014,2014-08-01,9365,2014-05-27,2355,18074,,2,3,9,4800,0,3,5,,2,040,"PORTER RD","LINCOLN RD",740.00,S,N,A,-,N,,,,,,,,,,Y,2,0,1,1,A,-,01,23152,A,N,E,I,A,A,H,-,D,D,0,,,,,Y,Y,A,01,1,0,0,0,0,0,0,0,0,"- ","- ",38.431399999999996,-121.8379,SOLANO,UNINCORPORATED,-121.83789555,38.431461509999998
6517370,2014,2015-12-04,9365,2014-06-08,0242,18874,,7,3,9,4800,0,1,A,,2,030,"PUTAH CREEK RD","RACE COURSE LN",287.00,E,N,A,-,N,,,,,,,,,,Y,2,0,1,1,A,-,01,23152,A,N,E,I,A,A,H,-,D,D,0,,,,,Y,Y,D,22,1,0,0,0,0,0,0,0,0,"- ","- ",38.52243,-122.96106,SOLANO,UNINCORPORATED,-121.96082468,38.52253382
6524029,2014,2016-04-14,9365,2014-04-19,1335,017735,,6,1,5,4803,0,1,1,,2,083,"RT 80","SUISUN VALLEY RD",2112.00,W,N,A,-,Y,SOL,4,80,-,-,13.140,R,2,W,Y,2,0,1,1,A,-,08,22107,,N,E,I,A,A,H,-,A,D,1,,,Y,,Y,,C,02,1,0,0,0,0,0,0,0,1,"- ","- ",38.218809999999998,-122.1375,SOLANO,FAIRFIELD,-122.13387038,38.21962679
6555871,2014,2014-09-11,4803,2014-07-30,2220,861,,3,5,5,4803,0,0,0,,0,00C,"EAST TABOR AV","SAN SALVADOR ST",203.00,E,N,A,-,N,,,,,,,,,,Y,2,0,2,2,A,-,01,23152,A,N,C,C,A,A,H,-,C,D,0,,,,,Y,Y,A,07,1,0,1,0,0,0,0,0,0,"- ","- ",,,SOLANO,FAIRFIELD,-122.02773304999999,38.265484290000003
6592399,2014,2014-09-26,4807,2014-07-11,0045,651,4807,5,5,6,4807,0,0,0,,0,006,"SONOMA BL",MISSOURI,300.00,N,N,A,-,N,,,,,,,,,,Y,2,0,1,2,A,-,01,23152,,N,C,C,A,A,H,-,C,D,0,,,,,Y,Y,A,,1,0,0,0,0,0,0,0,0,"- ","- ",,,SOLANO,VALLEJO,-122.25478569000001,38.116732519999999
6609382,2014,2016-05-24,9365,2014-08-09,2354,018634,,6,3,5,4806,0,1,1,,2,086,"RT 80","DAVIS ST",231.00,E,N,A,-,Y,SOL,4,80,-,R,26.050,H,-,W,Y,2,0,2,1,A,-,01,23152,A,N,F,A,A,A,H,-,D,D,1,,,,,Y,Y,A,07,1,1,0,0,0,0,0,0,0,"- ","- ",38.351599999999998,-121.98399999999999,SOLANO,VACAVILLE,-121.98520863,38.351146669999999
6612298,2014,2014-09-17,4807,2014-08-16,1427,599,4807,6,5,6,4807,0,0,0,,0,001,"ADMIRAL CALLAGHAN LN","MICHELE CT",528.00,S,N,A,-,N,,,,,,,,,,Y,2,0,1,1,A,-,03,22350,,N,E,I,A,A,H,-,A,D,0,,,,,Y,,-,,1,0,0,0,0,0,0,0,0,"- ","- ",,,SOLANO,VALLEJO,-122.22942999999999,38.121589620000002