CASE_ID,ACCIDENT_YEAR,PROC_DATE,JURIS,COLLISION_DATE,COLLISION_TIME,OFFICER_ID,REPORTING_DISTRICT,DAY_OF_WEEK,CHP_SHIFT,POPULATION,CNTY_CITY_LOC,SPECIAL_COND,BEAT_TYPE,CHP_BEAT_TYPE,CITY_DIVISION_LAPD,CHP_BEAT_CLASS,BEAT_NUMBER,PRIMARY_RD,SECONDARY_RD,DISTANCE,DIRECTION,INTERSECTION,WEATHER_1,WEATHER_2,STATE_HWY_IND,CALTRANS_COUNTY,CALTRANS_DISTRICT,STATE_ROUTE,ROUTE_SUFFIX,POSTMILE_PREFIX,POSTMILE,LOCATION_TYPE,RAMP_INTERSECTION,SIDE_OF_HWY,TOW_AWAY,COLLISION_SEVERITY,NUMBER_KILLED,NUMBER_INJURED,PARTY_COUNT,PRIMARY_COLL_FACTOR,PCF_CODE_OF_VIOL,PCF_VIOL_CATEGORY,PCF_VIOLATION,PCF_VIOL_SUBSECTION,HIT_AND_RUN,TYPE_OF_COLLISION,MVIW,PED_ACTION,ROAD_SURFACE,ROAD_COND_1,ROAD_COND_2,LIGHTING,CONTROL_DEVICE,CHP_ROAD_TYPE,PEDESTRIAN_ACCIDENT,BICYCLE_ACCIDENT,MOTORCYCLE_ACCIDENT,TRUCK_ACCIDENT,NOT_PRIVATE_PROPERTY,ALCOHOL_INVOLVED,STWD_VEHTYPE_AT_FAULT,CHP_VEHTYPE_AT_FAULT,COUNT_SEVERE_INJ,COUNT_VISIBLE_INJ,COUNT_COMPLAINT_PAIN,COUNT_PED_KILLED,COUNT_PED_INJURED,COUNT_BICYCLIST_KILLED,COUNT_BICYCLIST_INJURED,COUNT_MC_KILLED,COUNT_MC_INJURED,PRIMARY_RAMP,SECONDARY_RAMP,LATITUDE,LONGITUDE,COUNTY,CITY,POINT_X,POINT_Y
82106935,2023,2023-06-30,4805,2023-06-19,2329,KHA01,2,1,5,4,4805,0,0,0,,0,001,"STATE ROUTE 12","MARINA BLVD",0.00,,Y,A,-,Y,SOL,,12," ",R,5.149,H,,R,N,2,0,1,2,A,-,10,21950,A,F,H,G,A,A,H,-,C,A,0,,Y,,,Y,,-,99,1,0,0,0,0,0,1,0,0,"- ","- ",38.244480133056641,-122.03156280517578,SOLANO,"SUISUN CITY",-122.03156280517578,38.244476318359375
82107879,2022,2023-07-03,4807,2022-09-06,2035,#739,VALLE,2,5,6,4807,0,0,0,,0,007,"BROADWAY ST","COUCH ST",270.00,S,N,A,-,N,,,,,,,,,,N,2,0,1,2,A,-,11,21954,A,N,G,B,D,A,H,-,C,D,0,Y,,,,Y,,N,60,1,0,0,0,1,0,0,0,0,"- ","- ",38.127361297607422,-122.25140380859375,SOLANO,VALLEJO,-122.25109100341797,38.126773834228516
82120854,2023,2023-07-19,4805,2023-06-09,1644,CON01,9,5,5,4,4805,0,0,0,,0,003,"WALTERS RD","MAMMOTH WY",270.00,N,-,A,-,N,,,,,,,,,,Y,2,0,1,2,A,-,08,22107,,N,H,G,A,A,H,-,A,A,0,,Y,,,Y,,L,04,1,0,0,0,0,0,1,0,0,"- ","- ",38.246360778808594,-121.98812866210938,SOLANO,"SUISUN CITY",-121.98824310302734,38.247112274169922
82121374,2023,2023-08-07,4805,2023-05-02,1537,CON01,1,2,5,4,4805,0,0,0,,0,001,"HWY 12","MARINA BLVD",3225.00,W,-,A,-,N,,,,,,,,,,Y,2,0,2,4,A,-,03,22350,,N,C,C,A,A,H,-,A,A,0,,,,,Y,,A,01,1,1,0,0,0,0,0,0,0,"- ","- ",38.243209838867188,-122.04271697998047,SOLANO,"SUISUN CITY",-122.042724609375,38.243221282958984
82125859,2023,2023-07-26,4803,2023-05-31,2250,1728,,3,5,5,4803,0,0,0,,0,002,"RT 12","PENNSYLVANIA AVENUE",110.00,W,N,A,G,Y,SOL,,12," ",R,4.078,H,,R,Y,2,0,1,2,A,-,12,21453,A,F,C,C,A,A,H,-,C,A,0,,,Y,,Y,Y,A,01,1,0,0,0,0,0,0,0,1,"- ","- ",38.241401672363281,-122.05039978027344,SOLANO,FAIRFIELD,-122.05036163330078,38.241203308105469
82155125,2023,2023-08-28,4805,2023-08-12,1507,FLO02,6,6,5,4,4805,0,0,0,,0,003,"1210 PINTAIL DR","THE EAST PROLONGATINO CURB LINE OF CRANE DR",33.79,E,-,A,-,N,,,,,,,,,,N,2,0,1,1,A,-,04,21703,,N,C,E,A,A,H,-,A,D,0,,,Y,,Y,,C,02,1,0,0,0,0,0,0,0,1,"- ","- ",38.248149871826172,-121.99665069580078,SOLANO,"SUISUN CITY",,
82193668,2023,2023-10-09,4807,2023-07-17,1355,#768,VALLE,1,5,6,4807,0,0,0,,0,005,"REDWOOD ST","MANZANITA DR",230.00,W,N,A,-,N,,,,,,,,,,N,2,0,2,2,A,-,01,23153,G,N,D,C,A,A,H,-,A,D,0,,,,,Y,Y,A,01,2,0,0,0,0,0,0,0,0,"- ","- ",38.123100280761719,-122.24305725097656,SOLANO,VALLEJO,-122.24384307861328,38.123252868652344
82209679,2023,2024-04-01,4805,2023-10-13,2029,CAR02,9,5,5,4,4805,0,0,0,,0,003,"MAMMOTH WAY","WALTERS RD",0.00,,Y,A,-,N,,,,,,,,,,Y,2,0,2,2,A,-,03,22350,,N,D,C,A,A,H,-,C,A,0,,,,,Y,,-,"- ",1,1,0,0,0,0,0,0,0,"- ","- ",38.246360778808594,-121.98812866210938,SOLANO,"SUISUN CITY",-121.98824310302734,38.246372222900391
82238275,2023,2023-12-21,4805,2023-10-29,1309,FIE01,2,7,5,4,4805,0,0,0,,0,001,"HWY 12","MARINA BLVD",30.00,W,Y,A,-,Y,SOL,,12," ",R,5.149,H,,R,N,2,0,1,2,A,-,03,22350,,N,C,C,A,A,H,-,A,A,0,,,Y,,Y,,C,02,1,0,0,0,0,0,0,0,1,"- ","- ",38.244480133056641,-122.03156280517578,SOLANO,"SUISUN CITY",-122.03156280517578,38.244476318359375
82263691,2023,2023-12-18,4803,2023-11-26,"820 ",1577,,7,5,5,4803,0,0,0,,0,002,"WOOLNER AVENUE","BECK AVENUE",19.00,E,N,A,-,N,,,,,,,,,,N,2,0,1,2,A,-,11,21456,A,N,G,B,B,A,H,-,A,A,0,Y,,,,Y,Y,N,60,1,0,0,0,1,0,0,0,0,"- ","- ",38.245269775390625,-122.06620788574219,SOLANO,FAIRFIELD,-122.06617736816406,38.245208740234375
82274388,2023,2023-12-29,4805,2023-12-27,2500,DEM02,3,3,5,4,4805,0,0,0,,0,003,"RAILROAD AV","BLOSSOM AVE",0.00,,Y,A,-,N,,,,,,,,,,N,2,0,1,2,A,-,21,22106,,F,G,B,D,A,H,-,D,D,0,Y,,,,Y,,A,01,1,0,0,0,1,0,0,0,0,"- ","- ",38.259490966796875,-122.01483917236328,SOLANO,"SUISUN CITY",-122.01470947265625,38.259799957275391
82277412,2023,2024-01-03,4803,2023-12-26,"900 ",1765,,2,5,5,4803,0,0,0,,0,005,"AIR BASE PARKWAY","AIR BASE PARKWAY EB OFFRAMP (E)",20.00,E,N,A,-,N,,,,,,,,,,Y,2,0,1,2,A,-,01,23153,F,N,D,C,A,A,H,-,A,A,0,,,,,Y,,-,35,1,0,0,0,0,0,0,0,0,"- ","- ",38.272880554199219,-122.02778625488281,SOLANO,FAIRFIELD,,
82286544,2023,2024-01-15,4807,2023-11-18,1955,#765,,6,5,6,4807,0,0,0,,0,006,"SACRAMENTO ST","WILSON AV",400.00,E,N,C,-,N,,,,,,,,,,Y,2,0,2,2,A,-,05,21651,B,F,A,C,A,B,H,-,D,D,0,,,,,Y,,A,01,2,0,0,0,0,0,0,0,0,"- ","- ",38.126209259033203,-122.26901245117188,SOLANO,VALLEJO,-122.2711181640625,38.125839233398438
82307928,2023,2024-02-07,4805,2023-10-29,1310,FIE01,2,7,5,4,4805,0,0,0,,0,001,"HWY 12","MARINA BLVD",30.00,W,Y,A,-,Y,SOL,,12," ",R,5.149,H,,R,N,2,0,1,2,A,-,03,22350,,N,C,C,A,A,H,-,A,A,0,,,Y,,Y,,C,02,1,0,0,0,0,0,0,0,1,"- ","- ",38.244480133056641,-122.03156280517578,SOLANO,"SUISUN CITY",-122.03156280517578,38.244476318359375
82351115,2024,2024-04-01,4805,2024-03-20,"838 ",GAL02,1,3,5,4,4805,0,0,0,,0,001,"HWY 12","WEBSTER STREET",357.00,W,-,A,-,Y,SOL,,12," ",R,4.517,H,,R,N,2,0,1,1,A,-,03,22350,,N,H,A,A,A,H,-,A,D,0,,,,,Y,,A,01,1,0,0,0,0,0,0,0,0,"- ","- ",38.243209838867188,-122.04271697998047,SOLANO,"SUISUN CITY",-122.04273223876953,38.243228912353516
82364025,2024,2024-04-16,4807,2024-03-11,1439,#759,,1,5,6,4807,0,0,0,,0,001,"ADMIRAL CALLAGHAN LN","AUTO CLUB WY",12.00,W,N,A,-,N,,,,,,,,,,N,2,0,1,2,A,-,10,21950,A,N,G,B,B,A,H,-,A,A,0,Y,,,,Y,,A,01,1,0,0,0,1,0,0,0,0,"- ","- ",38.135528564453125,-122.21565246582031,SOLANO,VALLEJO,-122.21569061279297,38.135391235351562
82391056,2024,2024-05-16,4803,2024-05-05,2204,1597,,7,5,5,4803,0,0,0,,0,001,"CORDELIA ROAD","LINK ROAD",353.00,E,N,A,-,N,,,,,,,,,,Y,2,0,1,1,A,-,01,23152,A,N,E,I,A,A,H,-,D,D,0,,,Y,,Y,Y,C,02,1,0,0,0,0,0,0,0,1,"- ","- ",38.214008331298828,-122.12217712402344,SOLANO,FAIRFIELD,-122.12098693847656,38.214435577392578
82398798,2024,2024-05-27,4805,2024-05-14,"35  ",ABD01,,2,5,4,4805,0,0,0,,0,001,"HWY 12","MARINA CENTER",0.00,,Y,A,-,Y,SOL,,12," ",R,5.149,H,,R,N,2,0,1,2,A,-,11,21954,A,F,G,B,D,A,H,-,C,D,0,Y,,,,Y,Y,N,60,1,0,0,0,1,0,0,0,0,"- ","- ",38.244480133056641,-122.03156280517578,SOLANO,"SUISUN CITY",-122.03156280517578,38.244476318359375
82419396,2024,2024-06-20,4805,2024-06-04,"655 ",CAM03,,2,5,4,4805,0,0,0,,0,002,"STATE ROUTE 12","GRIZZLY ISLAND RD",0.00,,Y,A,-,Y,SOL,,12," "," ",5.759,H,,R,Y,2,0,1,2,A,-,03,22350,,N,C,C,A,A,H,-,A,A,0,,,Y,,Y,,A,01,1,0,0,0,0,0,0,0,1,"- ","- ",38.2435302734375,-122.02037048339844,SOLANO,"SUISUN CITY",-122.02037048339844,38.243515014648438
82421268,2024,2024-06-24,4805,2024-05-21,1212,VER01,,2,5,4,4805,0,0,0,,0,001,"SUNSET AV",RAILROAD,201.00,N,-,A,-,N,,,,,,,,,,Y,2,0,2,5,A,-,08,22107,,N,C,C,A,A,H,-,A,A,0,,,,,Y,,A,01,1,0,1,0,0,0,0,0,0,"- ","- ",38.253780364990234,-122.01994323730469,SOLANO,"SUISUN CITY",-122.01987457275391,38.256790161132812
82429103,2024,2024-07-03,4803,2024-06-28,2119,1594,,5,5,5,4803,0,0,0,,0,006,"UNION AVENUE","ACACIA STREET",20.00,N,N,A,-,N,,,,,,,,,,N,2,0,1,1,A,-,01,21200,5,N,F,G,A,A,H,-,C,D,0,,Y,,,Y,Y,L,04,1,0,0,0,0,0,1,0,0,"- ","- ",38.262428283691406,-122.04039764404297,SOLANO,FAIRFIELD,-122.04045104980469,38.262504577636719
82430757,2024,2024-07-04,4807,2024-04-22,"924 ",#774,,1,5,6,4807,0,0,0,,0,005,"TENNESSEE ST","SHASTA ST",72.00,E,N,A,-,N,,,,,,,,,,Y,2,0,1,2,A,-,21,22106,,N,D,C,A,A,H,-,A,D,0,,,Y,,Y,,A,08,1,0,0,0,0,0,0,0,0,"- ","- ",38.109619140625,-122.23474884033203,SOLANO,VALLEJO,-122.23445892333984,38.109714508056641
8304917,2017,2017-02-10,4807,2017-01-20,1844,653,VALLE,5,5,6,4807,0,0,0,,0,008,"BROADWAY ST","LEWIS BROWN RD",500.00,N,N,C,-,N,,,,,,,,,,Y,2,0,2,2,A,-,01,23152,A,N,A,C,A,B,H,-,D,D,0,,,,,Y,Y,A,01,1,1,0,0,0,0,0,0,0,"- ","- ",,,SOLANO,VALLEJO,-122.25229,38.142240000000001
8308648,2017,2017-02-17,4803,2017-02-05,1520,1469,NSOLA,7,5,5,4803,0,0,0,,0,00E,"WR GLUSEN DR","JOSEPH GEREVAS DR",29.00,S,N,B,-,N,,,,,,,,,,N,2,0,1,1,A,-,03,22350,,N,F,A,A,A,H,-,A,A,0,,,,,Y,,A,42,1,0,0,0,0,0,0,0,0,"- ","- ",38.29889,-121.97514,SOLANO,FAIRFIELD,-121.97624746,38.298531949999997
8404546,2017,2017-09-15,4807,2017-06-20,0631,628,4807,2,5,6,4807,0,0,0,,0,004,"CURTOLA PKWY","LEMON ST",1056.00,W,N,A,-,N,,,,,,,,,,Y,1,1,2,2,A,-,08,22107,,N,D,C,A,A,H,-,A,D,0,,,,,Y,,A,01,0,0,2,0,0,0,0,0,0,"- ","- ",,,SOLANO,VALLEJO,-122.23835817,38.093607130000002
8416886,2017,2017-08-03,4801,2017-07-08,1246,1099,4801,6,5,4,4801,0,0,0,,0,0B3,"PARK RD","E 2ND ST",1584.00,S,N,A,-,N,,,,,,,,,,N,2,0,1,1,C,-,18,,,N,H,J,A,A,A,-,A,D,0,,Y,,,Y,,-,"- ",1,0,0,0,0,0,1,0,0,"- ","- ",,,SOLANO,BENICIA,-122.12094947,38.077526880000001
84385207,2023,2024-09-09,4807,2023-10-17,1426,#606,,2,5,6,4807,0,0,0,,0,006,"CAROLINA ST","SANTA CLARA ST",137.00,E,N,A,-,N,,,,,,,,,,Y,1,1,0,5,A,-,03,22350,,F,B,E,E,A,H,-,A,D,0,Y,,,,Y,,A,01,0,0,0,1,0,0,0,0,0,"- ","- ",38.104141235351562,-122.25994873046875,SOLANO,VALLEJO,-122.25940704345703,38.104114532470703
84418747,2024,2024-10-04,4803,2024-10-02,1918,1764,,3,5,5,4803,0,0,0,,0,00E,"CEMENT HILL ROAD","ELMHURST CIRCLE",23.00,E,N,A,-,N,,,,,,,,,,N,2,0,1,2,A,-,10,21950,A,N,G,B,B,A,H,-,D,B,0,Y,,,,Y,,A,01,1,0,0,0,1,0,0,0,0,"- ","- ",38.276290893554688,-122.03173828125,SOLANO,FAIRFIELD,-122.03175354003906,38.276393890380859
84432413,2024,2024-10-16,4803,2024-09-25,"805 ",1594,,3,5,5,4803,0,0,0,,0,00W,"WATERMAN BOULEVARD","MONTEREY DRIVE",0.00,,Y,A,-,N,,,,,,,,,,Y,1,1,0,2,A,-,10,21950,A,N,G,B,B,A,H,-,A,A,0,Y,,,,Y,,A,01,0,0,0,1,0,0,0,0,0,"- ","- ",38.269298553466797,-122.06278991699219,SOLANO,FAIRFIELD,-122.06276702880859,38.269458770751953
84437222,2024,2024-10-21,4803,2024-09-24,1916,1594,,2,5,5,4803,0,0,0,,0,00E,"EAST TABOR AVENUE","MANOR PLACE",0.00,,Y,A,-,N,,,,,,,,,,Y,1,2,0,3,A,-,10,21950,A,N,G,B,B,A,H,-,B,A,0,Y,,,,Y,,A,01,0,0,0,2,0,0,0,0,0,"- ","- ",38.265239715576172,-122.01290893554688,SOLANO,FAIRFIELD,-122.01312255859375,38.265228271484375
84501200,2024,2025-02-19,4807,2024-09-25,"837 ",#703,,3,5,6,4807,0,0,0,,0,004,"SOLANO AV","CURTOLA PKWY",230.00,E,N,A,-,N,,,,,,,,,,Y,2,0,2,3,A,-,03,22350,,N,C,C,A,A,H,-,A,A,0,,,,,Y,,A,01,1,0,1,0,0,0,0,0,0,"- ","- ",38.096969604492188,-122.24687957763672,SOLANO,VALLEJO,-122.2462158203125,38.097312927246094
84529144,2024,2025-01-08,4803,2024-12-24,1100,1750,,2,5,5,4803,0,0,0,,0,00E,"CONIFER DRIVE","COULTER COURT",38.00,N,N,A,-,N,,,,,,,,,,N,2,0,1,2,D,-,00,,,N,H,G,A,A,H,-,A,D,0,,Y,,,Y,,-,"- ",1,0,0,0,0,0,1,0,0,"- ","- ",38.280399322509766,-122.00991058349609,SOLANO,FAIRFIELD,-122.01011657714844,38.280586242675781
8454299,2017,2017-10-02,4805,2017-06-22,2023,5L85,4805,4,5,4,4805,0,0,0,,0,003,"WALTERS RD","MONTEBELLO DR",0.00,,Y,A,-,N,,,,,,,,,,Y,2,0,2,2,A,-,12,21453,A,N,D,C,A,A,H,-,A,A,0,,,Y,,Y,,C,02,1,0,1,0,0,0,0,0,1,"- ","- ",38.246340000000004,-121.98815999999999,SOLANO,"SUISUN CITY",-121.98810988,38.24633
8454307,2017,2017-10-02,4805,2017-06-07,0729,5L68,4805,3,5,4,4805,0,0,0,,0,001,"SUNSET AV","MERGANSER DR",0.00,,Y,A,-,N,,,,,,,,,,N,2,0,1,2,A,-,12,21453,A,N,G,B,B,A,H,-,A,A,0,Y,,,,Y,,A,01,1,0,0,0,1,0,0,0,0,"- ","- ",38.246650000000002,-122.02034,SOLANO,"SUISUN CITY",-122.02048000000001,38.246619979999998
84637137,2025,2025-04-04,4807,2025-01-17,1441,#672,,5,5,6,4807,0,0,0,,0,005,"TUOLUMNE ST","TENNESSEE ST",75.00,N,N,A,-,N,,,,,,,,,,Y,2,0,1,2,A,-,09,21804,A,N,D,C,A,A,H,-,A,A,0,,,Y,,Y,,A,07,1,0,0,0,0,0,0,0,1,"- ","- ",38.109748840332031,-122.23818969726562,SOLANO,VALLEJO,-122.23814392089844,38.109966278076172
84726519,2025,2025-06-16,4807,2025-05-10,1205,#760,,6,5,6,4807,0,0,0,,0,008,"SONOMA BL","MINI DR",441.00,S,N,A,-,N,,,,,,,,,,N,2,0,3,2,A,-,03,22350,,N,C,C,A,A,H,-,A,D,0,,,,,Y,,D,22,1,0,2,0,0,0,0,0,0,"- ","- ",38.153831481933594,-122.25388336181641,SOLANO,VALLEJO,-122.25398254394531,38.152610778808594
84750295,2025,2025-07-07,4807,2025-06-01,2156,#788,,7,5,6,4807,0,0,0,,0,004,"SONOMA BL","LEMON ST",45.00,N,N,A,-,N,,,,,,,,,,Y,2,0,1,2,A,-,21,22106,,F,B,E,A,A,H,-,C,D,0,,,,,Y,,A,01,1,0,0,0,0,0,0,0,0,"- ","- ",38.087810516357422,-122.2435302734375,SOLANO,VALLEJO,-122.24355316162109,38.087898254394531
84767625,2025,2025-07-18,4807,2025-06-05,1819,#790,,4,5,6,4807,0,0,0,,0,001,"REDWOOD PKWY","ASCOT PKWY",0.00,,Y,A,-,N,,,,,,,,,,Y,2,0,1,2,A,-,12,21453,A,N,D,C,A,A,H,-,A,A,0,,,Y,,Y,,C,02,1,0,0,0,0,0,0,0,1,"- ","- ",38.121841430664062,-122.20793914794922,SOLANO,VALLEJO,-122.20790100097656,38.121776580810547
84771460,2025,2025-07-22,4803,2025-06-27,2112,1839,,5,5,5,4803,0,0,0,,0,00S,"DIAMOND WAY","BECK AVENUE",13.00,W,N,A,-,Y,,,,,,,,,,Y,2,0,2,1,A,-,03,22350,,N,E,I,A,A,H,-,C,D,0,,,,,Y,,A,01,2,0,0,0,0,0,0,0,0,"- ","- ",38.242351531982422,-122.06632232666016,SOLANO,FAIRFIELD,-122.06638336181641,38.242290496826172
8498202,2017,2017-12-12,4803,2017-11-12,0653,1653,,7,5,5,4803,0,0,0,,0,0CE,"DOVER AV","EAST ATLANTIC AV",0.00,,Y,A,-,N,,,,,,,,,,Y,2,0,1,2,A,-,08,22107,,F,B,C,A,A,H,-,A,D,0,,,Y,,Y,,A,01,1,0,0,0,0,0,0,0,1,"- ","- ",38.276229999999998,-122.02504,SOLANO,FAIRFIELD,-122.02490998,38.276239910000001
8503576,2017,2017-11-28,4802,2017-08-31,1830,1259,SOLAN,4,5,3,4802,0,0,0,,0,,"PEDRICK RD","MILEPOST MARKERS 52.",62.00,S,N,A,-,N,,,,,,,,,,Y,2,0,1,2,A,-,05,21650,,F,B,C,A,A,H,-,A,D,0,,,Y,,Y,,C,02,1,0,0,0,0,0,0,0,1,"- ","- ",,,SOLANO,DIXON,,
8519768,2017,2018-01-04,4807,2017-12-05,1751,684,4807,2,5,6,4807,0,0,0,,0,006,"SACRAMENTO ST","COUGHLAN ST",0.00,,Y,A,-,N,,,,,,,,,,N,2,0,1,2,A,-,10,21950,A,F,G,B,B,A,H,-,D,D,0,Y,,,,Y,,A,01,1,0,0,0,1,0,0,0,0,"- ","- ",,,SOLANO,VALLEJO,-122.25798988,38.115179939999997
8539759,2018,2018-02-02,4803,2018-01-06,1520,1660,,6,5,5,4803,0,0,0,,0,,"WATERMAN BL","AIR BASE PKWY",0.00,,Y,A,-,N,,,,,,,,,,Y,2,0,8,3,A,-,05,21460,A,N,A,C,A,A,H,-,A,D,0,,,,,Y,,A,01,1,1,6,0,0,0,0,0,0,"- ","- ",38.273399353027344,-122.05252075195312,SOLANO,FAIRFIELD,-122.05005645751953,38.273349761962891
8572922,2018,2018-03-21,4803,2018-02-21,0922,504,,3,5,5,4803,0,0,0,,0,00E,"PEABODY RD","CEMENT HILL RD",628.00,N,N,A,-,N,,,,,,,,,,Y,2,0,2,2,A,-,09,21801,A,N,D,C,A,A,H,-,A,D,0,,,,,Y,,D,22,1,1,0,0,0,0,0,0,0,"- ","- ",38.290081024169922,-121.96949768066406,SOLANO,FAIRFIELD,-121.96955108642578,38.288585662841797
8696016,2018,2018-10-18,4803,2018-07-18,0502,1283,,3,5,5,4803,0,0,0,,0,00W,"OLIVER RD","ROCKVILLE RD",580.00,N,N,A,-,N,,,,,,,,,,Y,2,0,6,2,A,-,09,21804,A,N,D,C,A,A,H,-,B,D,0,,,,,Y,,A,01,1,0,5,0,0,0,0,0,0,"- ","- ",38.249839782714844,-122.07042694091797,SOLANO,FAIRFIELD,-122.06931304931641,38.251117706298828
8708012,2018,2018-10-30,4807,2018-09-03,1141,537,,1,5,6,4807,0,0,0,,0,,"SONOMA BL","PENNSYLVANIA ST",62.00,S,N,A,-,Y,SOL,4,29,-,-,1.980,H,-,S,N,2,0,1,1,A,-,03,22350,,N,F,I,A,A,H,-,A,D,0,,,Y,,Y,,C,02,1,0,0,0,0,0,0,0,1,"- ","- ",38.098129272460938,-122.25505065917969,SOLANO,VALLEJO,-122.25503540039062,38.097995758056641
8749786,2018,2018-12-07,4807,2018-10-06,1829,702,SOLAN,6,5,6,4807,0,0,0,,0,002,"GEORGIA ST","OAKWOOD AV",0.00,,Y,A,-,N,,,,,,,,,,Y,2,0,2,2,A,-,03,22350,,N,A,C,A,A,H,-,B,A,0,,,,,Y,,D,22,1,1,0,0,0,0,0,0,0,"- ","- ",38.099899291992188,-122.21794891357422,SOLANO,VALLEJO,-122.21791839599609,38.099880218505859
8779525,2018,2019-01-31,4807,2018-12-12,1851,654,VALLE,3,5,6,4807,0,0,0,,0,007,"SONOMA BL","LEWIS BROWN DR",486.00,N,N,A,-,Y,SOL,4,29,-,-,4.820,H,-,N,Y,2,0,1,1,A,-,08,22107,,N,F,A,A,A,H,-,C,D,0,,,Y,,Y,,C,02,1,0,0,0,0,0,0,0,1,"- ","- ",38.137428283691406,-122.25627136230469,SOLANO,VALLEJO,-122.256102,38.139085999999999
8808136,2019,2019-05-10,4803,2019-01-10,0637,1568,,4,5,5,4803,0,0,0,,0,0CE,"EAST TRAVIS BL","KIDDER AV",241.00,W,N,E,-,N,,,,,,,,,,N,1,1,0,2,A,-,11,21956,,N,G,B,E,B,H,-,C,D,0,Y,,,Y,Y,,N,60,0,0,0,1,0,0,0,0,0,"- ","- ",,,SOLANO,FAIRFIELD,-122.03102874755859,38.258228302001953
8817667,2019,2019-05-07,4803,2019-03-04,0133,1215,,1,5,5,4803,0,0,0,,0,00S,"WEST TEXAS ST","CURTIS DR",150.00,E,N,A,-,N,,,,,,,,,,Y,2,0,1,2,A,-,01,23152,A,N,G,B,E,A,H,-,C,D,0,Y,,,,Y,Y,D,22,1,0,0,0,1,0,0,0,0,"- ","- ",,,SOLANO,FAIRFIELD,-122.05718994140625,38.249271392822266
8818584,2018,2019-04-02,4806,2018-03-28,1838,721,,3,5,5,4806,0,0,0,,0,003,"NUT TREE PKWY","EAST MONTE VISTA AV",0.00,,Y,A,-,N,,,,,,,,,,N,2,0,1,2,A,-,05,21650,1,N,H,G,A,A,H,-,A,A,0,,Y,,Y,Y,,L,04,1,0,0,0,0,0,1,0,0,"- ","- ",,,SOLANO,VACAVILLE,-121.95909118652344,38.370601654052734
8824723,2018,2019-04-03,4806,2018-02-11,1750,360,606,7,5,5,4806,0,0,0,,0,006,"WINTERGREEN CT","SILVERTOP WY",0.00,,Y,A,-,N,,,,,,,,,,N,2,0,1,1,A,-,03,22350,,N,E,J,A,A,H,-,C,D,0,,,Y,,Y,,C,02,1,0,0,0,0,0,0,0,1,"- ","- ",38.326648712158203,-121.96382904052734,SOLANO,VACAVILLE,-121.96379852294922,38.326591491699219
8825044,2018,2019-03-26,4806,2018-05-26,1313,301,611,6,5,5,4806,0,0,0,,0,006,"PEABODY RD",SOLANO,284.00,S,N,A,-,N,,,,,,,,,,Y,2,0,2,2,A,-,06,21755,,N,D,C,A,A,H,-,A,D,0,,,Y,,Y,,C,02,1,1,0,0,0,0,0,0,2,"- ","- ",38.317428588867188,-121.97051239013672,SOLANO,VACAVILLE,,
8827595,2019,2019-04-08,4807,2019-02-24,0300,713,,7,5,6,4807,0,0,0,,0,,"SACRAMENTO ST","BALDWIN ST",39.00,N,N,A,-,N,,,,,,,,,,N,2,0,1,2,A,-,11,21954,A,N,G,B,E,A,H,-,C,D,0,Y,,,,Y,,N,60,1,0,0,0,1,0,0,0,0,"- ","- ",38.124038696289062,-122.26400756835938,SOLANO,VALLEJO,-122.26410675048828,38.124061584472656
8835830,2019,2019-04-17,4807,2019-03-02,2200,713,4807,6,5,6,4807,0,0,0,,0,002,"STEFFAN ST","BUSS AV",282.00,S,N,A,-,N,,,,,,,,,,Y,2,0,2,3,A,-,08,22107,,N,A,C,A,A,H,-,C,D,0,,,,,Y,,A,01,1,0,1,0,0,0,0,0,0,"- ","- ",38.097679138183594,-122.22857666015625,SOLANO,VALLEJO,-122.22855377197266,38.096843719482422
8858322,2019,2019-05-24,4803,2019-01-14,1620,1691,,1,5,5,4803,0,0,0,,0,00E,"PEABODY RD","CEMENT HILL RD",0.00,,Y,B,C,N,,,,,,,,,,Y,2,0,1,2,A,-,09,21804,A,N,D,C,A,B,H,-,A,D,0,,,,,Y,,-,,1,0,0,0,0,0,0,0,0,"- ","- ",,,SOLANO,FAIRFIELD,-121.96958923339844,38.286861419677734
8869692,2019,2019-07-11,4803,2019-05-23,1044,476,,4,5,5,4803,0,0,0,,0,00E,"MANUEL CAMPOS PKWY","PARADISE VALLEY DR",0.00,,Y,A,-,N,,,,,,,,,,Y,2,0,2,2,A,-,12,21453,A,N,D,C,A,A,H,-,A,A,0,,,,,Y,,A,01,1,1,0,0,0,0,0,0,0,"- ","- ",38.291999816894531,-122.02020263671875,SOLANO,FAIRFIELD,-122.02458190917969,38.292659759521484
8888248,2019,2019-07-17,4803,2019-06-07,0606,1284,4803,5,5,5,4803,0,0,0,,0,00S,"PENNSYLVANIA AV","TEXAS ST",30.00,S,N,A,-,N,,,,,,,,,,Y,2,0,1,2,A,-,03,22350,,F,G,B,F,A,H,-,A,A,0,Y,,,,Y,,-,,1,0,0,0,1,0,0,0,0,"- ","- ",38.249130249023438,-122.04988098144531,SOLANO,FAIRFIELD,-122.04997253417969,38.249156951904297