CASE_ID,ACCIDENT_YEAR,PROC_DATE,JURIS,COLLISION_DATE,COLLISION_TIME,OFFICER_ID,REPORTING_DISTRICT,DAY_OF_WEEK,CHP_SHIFT,POPULATION,CNTY_CITY_LOC,SPECIAL_COND,BEAT_TYPE,CHP_BEAT_TYPE,CITY_DIVISION_LAPD,CHP_BEAT_CLASS,BEAT_NUMBER,PRIMARY_RD,SECONDARY_RD,DISTANCE,DIRECTION,INTERSECTION,WEATHER_1,WEATHER_2,STATE_HWY_IND,CALTRANS_COUNTY,CALTRANS_DISTRICT,STATE_ROUTE,ROUTE_SUFFIX,POSTMILE_PREFIX,POSTMILE,LOCATION_TYPE,RAMP_INTERSECTION,SIDE_OF_HWY,TOW_AWAY,COLLISION_SEVERITY,NUMBER_KILLED,NUMBER_INJURED,PARTY_COUNT,PRIMARY_COLL_FACTOR,PCF_CODE_OF_VIOL,PCF_VIOL_CATEGORY,PCF_VIOLATION,PCF_VIOL_SUBSECTION,HIT_AND_RUN,TYPE_OF_COLLISION,MVIW,PED_ACTION,ROAD_SURFACE,ROAD_COND_1,ROAD_COND_2,LIGHTING,CONTROL_DEVICE,CHP_ROAD_TYPE,PEDESTRIAN_ACCIDENT,BICYCLE_ACCIDENT,MOTORCYCLE_ACCIDENT,TRUCK_ACCIDENT,NOT_PRIVATE_PROPERTY,ALCOHOL_INVOLVED,STWD_VEHTYPE_AT_FAULT,CHP_VEHTYPE_AT_FAULT,COUNT_SEVERE_INJ,COUNT_VISIBLE_INJ,COUNT_COMPLAINT_PAIN,COUNT_PED_KILLED,COUNT_PED_INJURED,COUNT_BICYCLIST_KILLED,COUNT_BICYCLIST_INJURED,COUNT_MC_KILLED,COUNT_MC_INJURED,PRIMARY_RAMP,SECONDARY_RAMP,LATITUDE,LONGITUDE,COUNTY,CITY,POINT_X,POINT_Y
8891553,2018,2019-09-12,4805,2018-12-10,2010,5L92,4805,1,5,4,4805,0,0,0,,0,001,"RT 12","JACKSON ST",532.00,E,N,A,-,Y,SOL,4,12,-,R,4.510,H,-,W,Y,2,0,1,1,D,-,00,,,N,E,I,A,A,H,-,C,D,0,,,,,Y,,-,"- ",1,0,0,0,0,0,0,0,0,"- ","- ",,,SOLANO,"SUISUN CITY",-122.0428466796875,38.243301391601562
8903333,2019,2019-08-12,4807,2019-07-03,1813,662,VPD,3,5,6,4807,0,0,0,,0,006,"SACRAMENTO ST","VIRGINIA ST",0.00,,Y,A,-,N,,,,,,,,,,N,2,0,1,2,A,-,10,21950,A,N,G,B,C,A,H,-,A,D,0,Y,,,,Y,,A,01,1,0,0,0,1,0,0,0,0,"- ","- ",38.102161407470703,-122.25827789306641,SOLANO,VALLEJO,-122.25826263427734,38.102119445800781
8910852,2020,2020-03-18,4803,2020-01-13,0147,976,,1,5,5,4803,0,0,0,,0,0CE,"NORTH TEXAS ST","TEXAS ST",0.00,,Y,A,-,N,,,,,,,,,,Y,1,1,0,1,A,-,01,23152,A,N,E,I,A,A,H,-,C,D,0,,,Y,,Y,Y,C,02,0,0,0,0,0,0,0,1,0,"- ","- ",,,SOLANO,FAIRFIELD,-122.03491973876953,38.249950408935547
8922439,2019,2019-10-18,4803,2019-08-09,0829,1501,,5,5,5,4803,0,0,0,,0,00E,"CEMENT HILL RD","DOVER AV",584.00,E,N,A,-,N,,,,,,,,,,,2,0,1,1,A,-,07,21658,A,N,E,I,A,A,H,-,A,D,0,,,,,Y,,D,22,1,0,0,0,0,0,0,0,0,"- ","- ",38.279701232910156,-122.02481842041016,SOLANO,FAIRFIELD,-122.02286529541016,38.279861450195312
8934378,2019,2019-10-22,4803,2019-08-04,0131,1655,,7,5,5,4803,0,0,0,,0,00S,"TEXAS ST","WEBSTER ST",0.00,,Y,A,-,N,,,,,,,,,,Y,2,0,1,2,A,-,12,21453,A,N,D,C,A,A,H,-,C,A,0,,,,,Y,,A,01,1,0,0,0,0,0,0,0,0,"- ","- ",38.249099731445312,-122.04324340820312,SOLANO,FAIRFIELD,-122.04322052001953,38.249229431152344
8939339,2019,2019-10-24,4807,2019-02-08,2012,600,4807,5,5,6,4807,0,0,0,,0,008,"SONOMA BL","LEWIS BROWN RD",788.00,N,N,B,-,Y,SOL,4,29,-,-,4.880,H,-,S,Y,1,1,1,2,A,-,05,21651,A,N,D,C,A,B,H,-,C,D,0,,,,,Y,,A,01,0,0,1,0,0,0,0,0,0,"- ","- ",38.137428283691406,-122.25627136230469,SOLANO,VALLEJO,-122.25588226318359,38.141822814941406
8939640,2019,2021-05-24,4805,2019-12-01,1927,5L103,4805,7,5,4,4805,0,0,0,,0,001,"RT 12","MARINA BL",0.00,,Y,C,-,Y,SOL,4,12,-,-,5.150,I,5,W,,1,1,1,3,A,-,09,21804,A,N,H,G,A,B,H,-,C,A,0,,Y,,,Y,,L,04,0,0,1,0,0,1,0,0,0,"- ","- ",,,SOLANO,"SUISUN CITY",-122.03143310546875,38.244678497314453
8959600,2019,2019-10-30,4803,2019-09-20,0818,1691,,5,5,5,4803,0,0,0,,0,00S,"NORTH TEXAS ST","BELL AV",0.00,,Y,A,-,N,,,,,,,,,,,2,0,1,2,A,-,10,21950,A,N,G,B,B,A,H,-,A,A,0,Y,,,,Y,,A,01,1,0,0,0,1,0,0,0,0,"- ","- ",38.255069732666016,-122.0341796875,SOLANO,FAIRFIELD,-122.03423309326172,38.254920959472656
90016140,2015,2015-12-09,9365,2015-08-29,1153,015810,,6,1,9,4800,0,2,4,,2,301,"PLEASANTS VALLEY ROAD","WHEDBEE DRIVE",214.00,N,N,A,-,N,,,,,,,,,,N,2,0,1,3,A,-,06,21751,,F,C,G,A,A,H,-,A,D,0,,Y,,,Y,,D,22,1,0,0,0,0,0,1,0,0,"- ","- ",38.343620000000001,-122.02475,SOLANO,UNINCORPORATED,-122.02468283,38.343607769999998
90019606,2015,2015-10-19,9365,2015-09-04,1555,018954,,5,2,5,4803,0,1,1,,2,083,"I-80 E/B","SUISUN PKWY",3212.00,W,N,A,-,Y,,,,,,,,,,Y,2,0,1,2,A,-,03,22350,,N,C,C,A,A,H,-,A,D,0,,,,,Y,,A,01,1,0,0,0,0,0,0,0,0,"- ","- ",38.236229999999999,-122.10075000000001,SOLANO,FAIRFIELD,,
90068682,2015,2015-12-09,9365,2015-11-26,0155,019749,,4,3,9,4800,0,1,1,,2,085,"I-80 W/B","MANUEL CAMPOS PKWY",6600.00,E,N,A,-,Y,,,80,,,,,,W,Y,2,0,1,3,A,-,01,23152,A,N,C,E,A,A,H,-,D,D,0,,,,Y,Y,Y,A,01,1,0,0,0,0,0,0,0,0,"- ","- ",38.306660000000001,-122.03402,SOLANO,UNINCORPORATED,-122.03399161999999,38.306658970000001
90092781,2015,2016-01-11,9365,2015-12-29,2308,018346,,2,3,9,4800,0,1,3,,2,113,"SR-113 S/B","MIDWAY RD",2112.00,N,N,A,-,Y,,,113,,,,,,S,Y,2,0,1,1,A,-,01,23152,A,N,E,I,A,A,H,-,C,D,0,,,,,Y,Y,A,07,1,0,0,0,0,0,0,0,0,"- ","- ",38.422429999999999,-121.82273000000001,SOLANO,UNINCORPORATED,-121.82267856999999,38.422429649999998
90094999,2015,2016-01-14,9365,2015-12-31,2214,019572,,4,3,5,4803,0,1,1,,2,084,"I-80 W/B","MANUEL CAMPOS PKWY",850.00,E,N,A,-,Y,,,80,,,,,,W,Y,2,0,1,1,A,-,01,23152,A,N,F,A,A,A,H,-,C,D,0,,,Y,,Y,Y,C,02,1,0,0,0,0,0,0,0,1,"- ","- ",38.298389999999998,-122.03427000000001,SOLANO,FAIRFIELD,-122.03415904000001,38.298388729999999
9011858,2019,2019-12-31,4805,2019-10-25,1524,5L66,4805,5,5,4,4805,0,0,0,,0,001,"SUNSET AV","PINTAIL DR",0.00,,Y,A,-,,,,,,,,,,,,2,0,2,2,A,-,05,21202,A,N,H,G,A,A,H,-,A,A,0,,Y,,,Y,,L,04,1,0,1,0,0,0,1,0,0,"- ","- ",38.24932861328125,-122.02036285400391,SOLANO,"SUISUN CITY",-122.02052307128906,38.249320983886719
90151353,2016,2016-05-23,9365,2016-03-29,0948,018874,,2,1,5,4803,0,1,1,,2,083,"I-80 W/B","SUISUN VALLEY RD",1000.00,E,N,A,-,Y,,,80,,,,,,W,N,1,1,0,1,C,-,18,,,N,E,J,A,A,H,-,A,D,0,,,,,Y,,-,"- ",0,0,0,0,0,0,0,0,0,"- ","- ",38.229689999999998,-122.11644,SOLANO,FAIRFIELD,-122.11641890999999,38.229638610000002
90154452,2016,2016-04-11,9365,2016-03-11,1438,018954,,5,2,9,4800,0,1,3,,2,113,SR-113,"CASEY ROAD",511.00,S,N,B,C,Y,,,113,,,,,,,Y,2,0,1,1,A,-,03,22350,,N,F,I,A,B,F,-,A,D,0,,,,,Y,,A,07,1,0,0,0,0,0,0,0,0,"- ","- ",38.389099999999999,-121.82288,SOLANO,UNINCORPORATED,-121.82282256000001,38.389100069999998
90165527,2016,2016-04-26,9365,2016-04-16,1825,016515,,6,2,9,4800,0,1,1,,2,089,"I-80 W/B","KIDWELL RD",3696.00,E,N,A,-,Y,,,80,,,,,,W,Y,2,0,1,1,C,-,18,,,N,H,A,A,A,H,-,A,D,0,,,,,Y,,-,"- ",1,0,0,0,0,0,0,0,0,"- ","- ",38.51032,-121.78064000000001,SOLANO,UNINCORPORATED,-121.78063753000001,38.510317350000001
90182081,2016,2016-05-18,9365,2016-05-13,2245,017736,,5,3,9,4800,0,1,1,,2,680,"CORDELIA RD","RITCHIE RD",360.00,S,N,A,-,Y,,,,,,,,,,Y,2,0,1,1,A,-,08,22107,,N,E,I,A,A,H,-,C,D,0,,,,,Y,,D,22,1,0,0,0,0,0,0,0,0,"- ","- ",38.123890000000003,-122.843,SOLANO,UNINCORPORATED,-122.13441855000001,38.210788749999999
90187174,2016,2016-05-25,9365,2016-05-18,0510,017736,,3,3,9,4800,0,1,3,,2,122,"LAMBIE RD","BITHELL LN",1056.00,N,N,A,-,Y,,,,,,,,,,Y,2,0,1,2,A,-,21,22106,,N,D,C,A,A,H,-,B,D,0,,,,,Y,,E,22,1,0,0,0,0,0,0,0,0,"- ","- ",38.13129,-121.51272,SOLANO,UNINCORPORATED,-121.86117,38.220230000000001
90191029,2016,2016-05-31,9365,2016-05-20,1340,019621,,5,1,5,4803,0,1,1,,2,083,"I-80 E/B","THE SCALES",1320.00,W,N,A,-,Y,,,,,,,,,,Y,2,0,1,1,A,-,08,22107,,N,F,A,A,A,H,-,A,D,0,,,,,Y,,A,07,1,0,0,0,0,0,0,0,0,"- ","- ",38.134830000000001,-122.06514,SOLANO,FAIRFIELD,,
9019410,2019,2020-02-06,4806,2019-12-12,1608,564,404,4,5,5,4806,0,0,0,,0,004,"ELMIRA RD","DEL RIO CIR",0.00,,Y,B,-,N,,,,,,,,,,Y,2,0,5,2,A,-,09,21802,A,N,D,C,A,A,H,-,A,A,0,,,,,Y,,A,01,1,0,4,0,0,0,0,0,0,"- ","- ",38.353569030761719,-121.9732666015625,SOLANO,VACAVILLE,-121.97322845458984,38.353549957275391
90195415,2016,2016-06-06,9365,2016-05-31,1102,015810,,2,1,5,4803,0,1,1,,2,083,"I-80 E/B","SR-12 (RIO VISTA) O/C",3696.00,W,N,A,-,Y,,,,,,,,,,Y,2,0,2,2,A,-,03,22350,,N,C,C,A,A,H,-,A,D,0,,,,,Y,Y,A,07,1,0,1,0,0,0,0,0,0,"- ","- ",38.235819999999997,-122.10244,SOLANO,FAIRFIELD,,
90210555,2016,2016-06-27,9365,2016-06-19,1345,019231,,7,1,9,4800,0,1,A,,2,030,"FRY RD","DALLY RD",1320.00,W,N,A,-,N,,,,,,,,,,Y,2,0,1,1,A,-,01,23152,A,N,E,J,A,A,H,-,A,D,0,,,,,Y,Y,A,01,1,0,0,0,0,0,0,0,0,"- ","- ",38.337020000000003,-121.87403,SOLANO,UNINCORPORATED,-121.87389301,38.337068950000003
9023600,2019,2020-08-26,4807,2019-12-13,0654,713,VALLE,5,5,6,4807,0,0,0,,0,008,"SONOMA BL","MINI DR",0.00,,Y,E,-,Y,SOL,4,29,-,-,5.820,H,-,N,Y,2,0,2,3,A,-,03,22350,,N,C,C,A,B,H,-,B,A,0,,,,,Y,,A,07,1,0,1,0,0,0,0,0,0,"- ","- ",38.152999877929688,-122.25299835205078,SOLANO,VALLEJO,-122.25379180908203,38.153530120849609
90236976,2016,2017-08-15,9365,2016-07-02,1120,016919,,6,1,5,4803,0,1,3,,2,122,"SR-12 E/B","BECK AVE",3168.00,W,N,A,-,Y,,,12,,,,,,E,Y,1,1,4,3,A,-,03,22350,,N,C,C,A,A,H,-,A,D,0,,,,,Y,,A,07,0,2,2,0,0,0,0,0,0,"- ","- ",38.239899999999999,-122.07819000000001,SOLANO,FAIRFIELD,-122.07818919,38.239872900000002
90256594,2016,2016-08-30,9365,2016-08-18,1855,016261,,4,2,9,4800,0,3,5,,2,020,"LOPES RD","MARSHVIEW RD",1056.00,S,N,A,-,Y,,,,,,,,,,N,2,0,1,2,A,-,05,21460,A,N,D,C,A,A,H,-,B,D,0,,,Y,,Y,,C,02,1,0,0,0,0,0,0,0,1,"- ","- ",38.142400000000002,-122.10991,SOLANO,UNINCORPORATED,-122.11056704000001,38.145804529999999
90290632,2016,2016-10-12,9365,2016-10-08,0143,020667,,6,3,5,4803,0,3,5,,2,020,"WILLOTTA DR","ROCKVILLE RD",840.00,S,N,A,-,N,,,,,,,,,,Y,2,0,1,1,A,-,01,23152,A,N,E,I,A,A,H,-,D,D,0,,,,,Y,Y,A,07,1,0,0,0,0,0,0,0,0,"- ","- ",38.242179999999998,-122.1116,SOLANO,FAIRFIELD,-122.11388194,38.24199239
90321692,2016,2016-11-21,9365,2016-10-01,2155,019790,,6,2,9,4800,0,1,1,,2,083,"I-80 W/B","PITTMAN RD",50.00,E,N,A,-,Y,,,,,,,,,,N,1,1,0,4,A,-,11,21954,A,N,G,B,E,A,H,-,D,D,0,Y,,,,Y,,N,60,0,0,0,1,0,0,0,0,0,"- ","- ",38.223050000000001,-122.12879,SOLANO,UNINCORPORATED,,
90354438,2016,2016-12-27,9365,2016-12-14,0200,018303,,3,3,5,4803,0,1,1,,2,083,"I-80 W/B","LAGOON VALLEY RD",5250.00,W,N,B,C,Y,,,,,,,,,,Y,2,0,3,2,A,-,08,22107,,N,C,C,A,B,H,-,C,D,0,,,,,Y,,A,01,2,1,0,0,0,0,0,0,0,"- ","- ",38.249360000000003,-122.03997,SOLANO,FAIRFIELD,,
90372211,2017,2017-01-18,9365,2017-01-02,0955,016970,,1,1,6,4807,0,1,3,,2,371,"SR-37 W/B FROM I-80 W/B","FAIRGROUNDS DR",2640.00,E,N,B,C,Y,,,37,,,,R,,W,Y,2,0,2,1,A,-,08,22107,,N,E,I,A,B,H,-,A,D,0,,,,,Y,,A,01,1,0,1,0,0,0,0,0,0,"- ","- ",38.141599999999997,-122.2216,SOLANO,VALLEJO,-122.2216,38.141599999999997
9038918,2020,2020-02-15,4807,2020-01-14,2021,#665,,2,5,6,4807,0,0,0,,0,004,"MAINE ST","SUTTER ST",11.00,W,N,A,-,N,,,,,,,,,,Y,2,0,1,2,A,-,10,21950,A,N,G,B,D,A,H,-,C,D,0,Y,,,,Y,,A,01,1,0,0,0,1,0,0,0,0,"- ","- ",38.099098205566406,-122.25334930419922,SOLANO,VALLEJO,-122.25334930419922,38.099090576171875
90436056,2017,2017-04-17,9365,2017-04-07,2345,020432,,5,3,3,4802,0,1,1,,2,088,"I-80 W/B","DIXON AVENUE",1584.00,E,N,B,C,Y,,,80,,,,,,W,Y,2,0,2,2,A,-,03,22350,,N,C,C,A,B,H,-,C,D,0,,,,,Y,,A,07,1,1,0,0,0,0,0,0,0,"- ","- ",38.449150000000003,-121.8546,SOLANO,DIXON,-121.85462080000001,38.44917684
90546205,2017,2017-09-12,9365,2017-09-12,0019,019986,,2,3,5,4803,0,1,1,,2,083,"I-80 E/B","RED TOP ROAD",2316.00,E,N,A,-,Y,,,80,,,,,,E,Y,2,0,1,1,A,-,08,22107,,N,E,J,A,A,H,-,D,D,0,,,,,Y,,A,01,1,0,0,0,0,0,0,0,0,"- ","- ",38.206659999999999,-122.15122,SOLANO,FAIRFIELD,-122.15137498999999,38.206838220000002
90547253,2017,2017-09-13,9365,2017-09-07,1832,019749,,4,2,5,4806,0,1,1,,2,085,"I-80 E/B","LAGOON VALLEY RD",300.00,W,N,A,-,Y,,,80,,,,,,E,Y,2,0,1,1,A,-,08,22107,,N,E,I,A,A,H,-,A,D,0,,,,,Y,,A,01,1,0,0,0,0,0,0,0,0,"- ","- ",38.324809999999999,-122.02377,SOLANO,VACAVILLE,-122.0239849,38.324944170000002
9055074,2020,2020-03-02,4806,2020-01-31,1702,457,209,5,5,5,4806,0,0,0,,0,002,"ALLISON PKWY","EDENDERRY DR",775.00,S,N,A,-,N,,,,,,,,,,Y,2,0,1,1,A,-,08,22107,,N,E,I,A,A,H,-,A,D,0,,,Y,,Y,,C,02,1,0,0,0,0,0,0,0,1,"- ","- ",38.393909454345703,-121.96720886230469,SOLANO,VACAVILLE,-121.96571350097656,38.392120361328125
90554573,2017,2017-09-25,9365,2017-09-15,0344,017736,,5,3,5,4803,0,1,1,,2,680,"I-680 S/B","CORDELIA RD",261.00,N,N,A,-,Y,,,680,,,,,,S,Y,2,0,1,3,A,-,03,22350,,N,C,C,E,A,H,-,C,D,0,Y,,,,Y,,A,07,1,0,0,0,1,0,0,0,0,"- ","- ",38.21087,-122.13796000000001,SOLANO,FAIRFIELD,-122.13799984000001,38.210870550000003
90588837,2017,2017-11-07,9365,2017-08-22,0120,020281,,2,3,5,4803,0,1,1,,2,083,"I-80 E/B TO SUISUN VALLEY ROAD","SUISUN VALLEY RD O/C",300.00,W,N,A,-,Y,,,80,,,,R,,E,Y,1,1,0,1,A,-,01,23152,A,N,E,I,A,A,H,-,D,D,0,,,,,Y,Y,A,01,0,0,0,0,0,0,0,0,0,"- ","- ",38.221919999999997,-122.12949,SOLANO,FAIRFIELD,-122.12949,38.221919999999997
90589598,2017,2017-11-07,9365,2017-08-07,2500,020774,,1,4,6,4807,0,1,1,,2,081,"I-80 E/B TO SR-37 W/B","SR-37 W/B",468.00,W,N,A,-,Y,,,80,,,,R,,E,Y,1,1,0,1,A,-,01,23152,A,N,E,I,A,A,H,-,D,D,0,,,,,Y,Y,A,01,0,0,0,0,0,0,0,0,0,"- ","- ",38.136879999999998,-122.22024999999999,SOLANO,VALLEJO,-122.22024999999999,38.136879999999998
90633058,2017,2018-01-04,9365,2017-12-23,2340,020506,,6,3,9,4800,0,1,A,,2,030,"HAWKINS RD.",SR-113,0.00,,Y,A,-,N,,,,,,,,,,Y,2,0,1,1,A,-,01,23152,A,N,E,I,A,A,H,-,D,A,0,,,,,Y,Y,A,01,1,0,0,0,0,0,0,0,0,"- ","- ",38.358539999999998,-121.82299,SOLANO,UNINCORPORATED,-121.82307986000001,38.358549949999997
90650062,2018,2018-01-29,9365,2018-01-13,2350,020565,,6,3,9,4800,0,1,1,,2,680,"I-680 S/B","MARSHVIEW RD. O/C",2112.00,N,N,A,-,Y,,,680,,,,,,S,Y,2,0,1,1,A,-,08,22107,,N,E,I,A,A,H,-,D,D,0,,,,,Y,,A,01,1,0,0,0,0,0,0,0,0,"- ","- ",38.155868530273438,-122.11461639404297,SOLANO,UNINCORPORATED,-122.11454010009766,38.155910491943359
90699729,2018,2018-04-05,9365,2018-04-03,1530,017747,,2,2,9,4800,0,2,4,,2,202,"SUISUN VALLEY ROAD","MORRISON LANE",915.00,S,N,A,-,N,,,,,,,,,,Y,2,0,3,2,A,-,08,22107,,N,A,C,A,A,H,-,A,D,0,,,,,Y,,A,07,1,2,0,0,0,0,0,0,0,"- ","- ",38.263801574707031,-122.11350250244141,SOLANO,UNINCORPORATED,-122.11368560791016,38.26361083984375
90711352,2018,2018-04-23,9365,2018-04-18,0041,017736,,3,3,6,4807,0,1,1,,2,080,"I-80 E/B","CARQUINEZ TOLL PLAZA",1795.00,W,N,A,-,Y,,,80,,,,,,E,Y,2,0,6,3,A,-,03,22350,,N,C,J,A,A,H,-,C,D,0,,,,,Y,,A,01,1,4,1,0,0,0,0,0,0,"- ","- ",38.064170837402344,-122.22541046142578,SOLANO,VALLEJO,-122.22548675537109,38.064163208007812
90735119,2018,2018-05-25,9365,2018-05-20,0208,020667,,7,3,5,4803,0,1,1,,2,084,"I-80 (W/B)","WEST TEXAS STREET",2112.00,W,N,A,-,Y,,,80,,,,,,,Y,2,0,1,1,A,-,08,22107,,N,E,I,A,A,H,-,D,D,0,,,,,Y,,A,01,1,0,0,0,0,0,0,0,0,"- ","- ",38.246898651123047,-122.07695007324219,SOLANO,FAIRFIELD,-122.07689666748047,38.246757507324219
90750036,2018,2018-07-31,9365,2018-02-11,0020,020506,,7,3,9,4800,0,1,1,,2,087,"I-80 W/B","MIDWAY RD",3325.00,E,N,A,-,Y,,,80,,,,,,W,Y,1,1,3,3,A,-,03,22350,,N,C,C,A,A,D,-,D,D,0,,,,,Y,,A,07,2,1,0,0,0,0,0,0,0,"- ","- ",38.4227294921875,-121.88915252685547,SOLANO,UNINCORPORATED,-121.88912963867188,38.422702789306641
90774764,2018,2018-07-23,9365,2018-07-13,1930,020074,,5,2,9,4800,0,1,A,,2,030,"PLEASANTS VALLEY RD","QUAIL CANYON RD",100.00,S,N,A,-,N,,,,,,,,,,Y,2,0,1,1,A,-,08,22107,,N,F,A,A,A,H,-,A,D,0,,,Y,,Y,,C,02,1,0,0,0,0,0,0,0,1,"- ","- ",38.367359161376953,-122.04971313476562,SOLANO,UNINCORPORATED,-122.04987335205078,38.467041015625
90775451,2018,2018-08-29,9365,2018-07-08,1626,020579,,7,2,6,4807,0,1,1,,2,080,"I-80 E/B","TOLL PLAZA",1.00,W,N,A,-,Y,,,80,,,,,,E,Y,2,0,1,2,A,-,07,21658,A,N,E,I,A,A,H,-,A,D,0,,,Y,,Y,Y,A,01,1,0,0,0,0,0,0,0,1,"- ","- ",38.068958282470703,-122.22675323486328,SOLANO,VALLEJO,-122.22660827636719,38.06903076171875
90784097,2018,2018-08-03,9365,2018-07-17,2245,020615,,2,3,9,4800,0,1,1,,2,081,"MCGARY RD W/B","AMERICAN CANYON RD",1715.00,E,N,A,-,Y,,,,,,,,,,Y,2,0,1,2,A,-,03,22350,,N,G,B,E,A,H,-,D,D,0,Y,,,,Y,,A,01,1,0,0,0,1,0,0,0,0,"- ","- ",38.172328948974609,-122.19522094726562,SOLANO,UNINCORPORATED,-122.19523620605469,38.172290802001953
90797838,2018,2018-08-27,9365,2018-08-18,1800,020566,,6,2,9,4800,0,3,5,,2,040,"DIXON AVE","MERIDIAN RD",531.00,E,N,A,-,N,,,,,,,,,,Y,2,0,1,2,A,-,05,21460,A,N,A,C,A,A,H,-,A,D,0,,,Y,,Y,,C,02,1,0,0,0,0,0,0,0,1,"- ","- ",38.446201324462891,-121.91519927978516,SOLANO,UNINCORPORATED,-121.91374206542969,38.446548461914062
90824456,2018,2018-10-18,9365,2018-03-25,0219,020565,,7,3,5,4806,0,1,1,,2,505,"I-505 S/B","MIDWAY RD",2645.00,N,N,A,-,Y,,,,,,,,,,Y,1,1,0,2,A,-,11,21956,A,N,G,B,E,A,H,-,D,D,0,Y,,,,Y,Y,N,60,0,0,0,1,0,0,0,0,0,"- ","- ",38.423221588134766,-121.94312286376953,SOLANO,VACAVILLE,-121.94291687011719,38.424209594726562
90876952,2018,2018-12-06,9365,2018-12-02,1545,020566,,7,2,9,4800,0,3,5,,2,040,"HAWKINS RD","BYRNES RD",0.00,,Y,A,-,N,,,,,,,,,,Y,2,0,2,2,A,-,09,21802,A,N,D,C,A,A,H,-,A,D,0,,,,,Y,,A,01,1,0,1,0,0,0,0,0,0,"- ","- ",38.358798980712891,-121.89679718017578,SOLANO,UNINCORPORATED,-121.90605163574219,38.358909606933594
90878858,2018,2018-12-10,9365,2018-07-20,1645,020508,,5,2,9,4800,0,1,3,,2,113,SR-113,"HAY RD",1037.00,N,N,A,-,Y,,,113,,,,,,,Y,1,2,0,2,A,-,01,23152,G,N,A,C,A,A,H,-,A,D,0,,,,,Y,Y,A,01,0,0,0,0,0,0,0,0,0,"- ","- ",38.318111419677734,-121.82338714599609,SOLANO,UNINCORPORATED,-121.82341766357422,38.318111419677734
90902972,2019,2019-01-14,9365,2019-01-03,1735,019927,,4,2,6,4807,0,1,1,,2,080,"I-80 W/B","TENNESSEE ST",100.00,W,N,A,-,Y,,,80,,,,,,W,Y,2,0,2,3,A,-,03,22350,,N,C,C,A,A,H,-,C,D,0,,,,,Y,,A,01,1,0,1,0,0,0,0,0,0,"- ","- ",38.108940124511719,-122.22971343994141,SOLANO,VALLEJO,-122.22977447509766,38.108940124511719
90927360,2018,2019-02-15,9365,2018-05-02,0315,018634,,3,3,5,4806,0,1,1,,2,087,"I-80 E/B TO LEISURE TOWN RD","LEISURE TOWN RD",793.00,W,N,A,-,Y,,,80,,,,R,,E,Y,1,1,0,1,A,-,01,23152,A,N,E,I,A,A,H,-,C,D,0,,,,,Y,Y,A,01,0,0,0,0,0,0,0,0,0,"- ","- ",38.386459350585938,-121.93498992919922,SOLANO,VACAVILLE,-121.93498992919922,38.386459350585938
90930105,2018,2019-02-20,9365,2018-09-16,0001,021116,,7,3,6,4807,0,1,1,,2,081,"I-80 W/B","I-80 E/B TO SR-37 W/B",2060.00,W,N,A,-,Y,,,80,,,,,,W,Y,1,1,1,1,A,-,01,23152,F,N,F,A,A,A,H,-,D,D,0,,,,,Y,,A,01,0,1,0,0,0,0,0,0,0,"- ","- ",38.135330200195312,-122.22260284423828,SOLANO,VALLEJO,-122.22264862060547,38.135360717773438
90953099,2018,2020-01-17,9365,2018-08-31,2030,018712,,5,2,9,4800,0,3,5,,2,040,"PITT SCHOOL RD","MIDWAY RD",1409.00,S,N,A,-,N,,,,,,,,,,Y,1,1,1,3,A,-,11,21956,,F,G,B,E,A,H,-,D,D,0,Y,,,,Y,Y,N,60,0,0,1,1,0,0,0,0,0,"- ","- ",38.412899017333984,-121.84130096435547,SOLANO,UNINCORPORATED,-121.84122467041016,38.412818908691406
90964281,2019,2019-04-09,9365,2019-04-06,1205,016505,,6,1,5,4803,0,1,1,,2,085,"I-80 E/B","MANUEL CAMPOS O/C",20.00,W,N,B,-,Y,,,80,,,,,,E,N,2,0,1,2,A,-,07,21658,A,N,B,C,A,A,H,-,A,D,0,,,Y,,Y,,A,07,1,0,0,0,0,0,0,0,1,"- ","- ",38.291519165039062,-122.03388214111328,SOLANO,FAIRFIELD,-122.03436279296875,38.291698455810547
90964835,2019,2019-04-10,9365,2019-04-03,0210,017805,,3,3,3,4802,0,1,1,,2,088,"I-80 E/B","PEDRICK RD",1150.00,E,N,A,-,Y,,,80,,,,,,E,Y,2,0,1,2,A,-,01,23152,A,N,C,C,A,A,H,-,C,D,0,,,,,Y,Y,A,08,1,0,0,0,0,0,0,0,0,"- ","- ",38.489791870117188,-121.80206298828125,SOLANO,DIXON,-121.80217742919922,38.48992919921875
9103495,2020,2020-10-30,4806,2020-05-01,1243,564,202,5,5,5,4806,0,0,0,,0,002,"MARKHAM AV","VINEYARD VALLEY WY",347.00,N,N,A,-,N,,,,,,,,,,Y,2,0,2,4,A,-,01,23153,A,N,C,E,A,A,H,-,A,D,0,,,,,Y,Y,A,01,1,1,0,0,0,0,0,0,0,"- ","- ",38.3603515625,-121.98164367675781,SOLANO,VACAVILLE,-121.98108673095703,38.361240386962891