CASE_ID,ACCIDENT_YEAR,PROC_DATE,JURIS,COLLISION_DATE,COLLISION_TIME,OFFICER_ID,REPORTING_DISTRICT,DAY_OF_WEEK,CHP_SHIFT,POPULATION,CNTY_CITY_LOC,SPECIAL_COND,BEAT_TYPE,CHP_BEAT_TYPE,CITY_DIVISION_LAPD,CHP_BEAT_CLASS,BEAT_NUMBER,PRIMARY_RD,SECONDARY_RD,DISTANCE,DIRECTION,INTERSECTION,WEATHER_1,WEATHER_2,STATE_HWY_IND,CALTRANS_COUNTY,CALTRANS_DISTRICT,STATE_ROUTE,ROUTE_SUFFIX,POSTMILE_PREFIX,POSTMILE,LOCATION_TYPE,RAMP_INTERSECTION,SIDE_OF_HWY,TOW_AWAY,COLLISION_SEVERITY,NUMBER_KILLED,NUMBER_INJURED,PARTY_COUNT,PRIMARY_COLL_FACTOR,PCF_CODE_OF_VIOL,PCF_VIOL_CATEGORY,PCF_VIOLATION,PCF_VIOL_SUBSECTION,HIT_AND_RUN,TYPE_OF_COLLISION,MVIW,PED_ACTION,ROAD_SURFACE,ROAD_COND_1,ROAD_COND_2,LIGHTING,CONTROL_DEVICE,CHP_ROAD_TYPE,PEDESTRIAN_ACCIDENT,BICYCLE_ACCIDENT,MOTORCYCLE_ACCIDENT,TRUCK_ACCIDENT,NOT_PRIVATE_PROPERTY,ALCOHOL_INVOLVED,STWD_VEHTYPE_AT_FAULT,CHP_VEHTYPE_AT_FAULT,COUNT_SEVERE_INJ,COUNT_VISIBLE_INJ,COUNT_COMPLAINT_PAIN,COUNT_PED_KILLED,COUNT_PED_INJURED,COUNT_BICYCLIST_KILLED,COUNT_BICYCLIST_INJURED,COUNT_MC_KILLED,COUNT_MC_INJURED,PRIMARY_RAMP,SECONDARY_RAMP,LATITUDE,LONGITUDE,COUNTY,CITY,POINT_X,POINT_Y
91050855,2019,2019-09-02,9365,2019-08-05,1540,018954,,1,2,9,4800,0,1,1,,2,089,"I-80 E/B","SR-113 NORTH",10.00,W,N,A,-,Y,,,80,,,,,,E,Y,2,0,2,2,A,-,07,21658,A,N,C,C,A,A,H,-,A,D,0,,,,,Y,,D,22,1,0,1,0,0,0,0,0,0,"- ","- ",38.521099090576172,-121.76840209960938,SOLANO,UNINCORPORATED,-121.76850891113281,38.521217346191406
91053830,2019,2019-08-16,9365,2019-02-13,0650,017559,,3,1,5,4806,0,1,1,,2,086,"I-80 E/B","ALAMO DR",1684.00,E,N,C,-,Y,,,80,,,,,,E,Y,1,1,0,2,A,-,11,21954,A,N,G,B,E,B,H,-,D,D,0,Y,,,Y,Y,,N,60,0,0,0,1,0,0,0,0,0,"- ","- ",38.348518371582031,-121.99114990234375,SOLANO,VACAVILLE,-121.99117279052734,38.348567962646484
91073750,2019,2019-09-12,9365,2019-09-08,1519,020633,,7,2,9,4800,0,1,3,,2,370,"SR-37 E/B","SOLANO COUNTY LINE",40.00,E,N,A,-,Y,,,37,,,,,,E,Y,2,0,3,4,A,-,03,22350,,N,C,C,A,A,H,-,A,D,0,,,,,Y,,A,01,1,0,2,0,0,0,0,0,0,"- ","- ",38.155658721923828,-122.40644836425781,SOLANO,UNINCORPORATED,-122.40645599365234,38.155616760253906
91090265,2019,2019-10-11,9365,2019-03-27,2045,020281,,3,2,5,4803,0,1,1,,2,083,"I-80 E/B","GREEN VALLEY RD",50.00,W,N,B,-,Y,,,80,,,,,,E,Y,1,1,1,1,A,-,01,23152,A,N,E,I,A,A,H,-,C,D,0,,,Y,,Y,Y,C,02,1,0,0,0,0,0,0,1,1,"- ","- ",38.216030120849609,-122.13851928710938,SOLANO,FAIRFIELD,-122.1385498046875,38.216068267822266
91093683,2019,2019-10-09,9365,2019-10-02,1605,018634,,3,2,5,4806,0,1,1,,2,505,"I-505 N/B","MIDWAY RD",739.00,N,N,A,-,Y,,,505,,,,,,N,Y,2,0,2,2,A,-,21,22106,,N,C,C,A,A,H,-,A,D,0,,,,Y,Y,,A,01,1,1,0,0,0,0,0,0,0,"- ","- ",38.419120788574219,-121.94374847412109,SOLANO,VACAVILLE,-121.94377136230469,38.419124603271484
91124959,2019,2021-04-07,9365,2019-05-30,1800,020281,,4,2,9,4800,0,1,3,,2,113,"SR-113 S/B","CASEY RD",4363.00,S,N,B,-,Y,,,113,,,,,,S,Y,1,1,2,2,A,-,01,23152,F,N,A,C,A,A,H,-,A,D,0,,,,,Y,,A,01,2,0,0,0,0,0,0,0,0,"- ","- ",38.378501892089844,-121.82289886474609,SOLANO,UNINCORPORATED,-121.82289123535156,38.378498077392578
91126000,2019,2019-11-21,9365,2019-05-05,2300,017736,,7,3,9,4800,0,1,1,,2,505,"I-505 N/B","ALLENDALE RD",5808.00,S,N,B,-,Y,,,505,,,,,,N,Y,1,2,1,2,A,-,01,23152,A,N,A,C,A,A,H,-,D,D,0,,,,,Y,Y,A,01,1,0,0,0,0,0,0,0,0,"- ","- ",38.437358856201172,-121.94241333007812,SOLANO,UNINCORPORATED,-121.94233703613281,38.437358856201172
9114154,2020,2020-08-31,4807,2020-06-10,0453,724,VALLE,3,5,6,4807,0,0,0,,0,003,"GLEN COVE PKWY","BERMUDA LN",300.00,S,N,A,-,N,,,,,,,,,,Y,2,0,1,1,A,-,07,21658,A,N,E,I,A,A,H,-,C,D,0,,,,,Y,,A,01,1,0,0,0,0,0,0,0,0,"- ","- ",38.077419281005859,-122.21076965332031,SOLANO,VALLEJO,-122.21019744873047,38.076751708984375
91153503,2019,2019-12-26,9365,2019-12-22,2040,019651,,7,2,9,4800,0,1,1,,2,085,"I-80 W/B","BLUE MOUNTAIN DR",744.00,W,N,B,-,Y,,,80,,,,,,W,Y,2,0,1,1,A,-,01,23152,A,N,E,I,A,A,H,-,D,D,0,,,,,Y,Y,D,22,1,0,0,0,0,0,0,0,0,"- ","- ",38.317729949951172,-122.03047180175781,SOLANO,UNINCORPORATED,-122.03038787841797,38.317661285400391
91191107,2020,2020-02-21,9365,2020-02-04,1800,015536,,2,2,5,4803,0,1,1,,2,084,"I-80 E/B","AIR BASE PKY",1050.00,W,N,A,-,Y,,,80,,,,,,E,Y,2,0,1,2,A,-,03,22350,,N,C,C,A,A,H,-,A,D,0,,,Y,,Y,,C,02,1,0,0,0,0,0,0,0,1,"- ","- ",38.270389556884766,-122.05210113525391,SOLANO,FAIRFIELD,-122.05207824707031,38.270374298095703
91193445,2020,2020-02-25,9365,2020-02-22,1815,021674,,6,2,6,4807,0,1,1,,2,081,"I-80 W/B","REDWOOD ST",1500.00,E,N,A,-,Y,,,80,,,,,,W,N,2,0,1,1,A,-,03,22350,,N,F,A,A,A,H,-,D,D,0,,,Y,,Y,,C,02,1,0,0,0,0,0,0,0,1,"- ","- ",38.126998901367188,-122.22799682617188,SOLANO,VALLEJO,-122.22795104980469,38.126972198486328
91222750,2019,2020-04-07,9365,2019-09-18,2237,020565,,3,3,9,4800,0,1,3,,2,122,"SR-12 W/B",SR-113,0.00,,Y,A,-,Y,,,12,,,,,,W,Y,1,2,0,1,A,-,03,22350,,N,E,I,A,A,D,-,C,A,0,,,,,Y,,A,01,0,0,0,0,0,0,0,0,0,"- ","- ",38.183631896972656,-121.80612945556641,SOLANO,UNINCORPORATED,-121.80612945556641,38.183597564697266
91262888,2020,2020-07-03,9365,2020-06-20,1142,017654,,6,1,5,4803,0,1,1,,2,084,"I-80 W/B","AIRBASE PARKWAY",2700.00,W,N,A,-,Y,,,80,,,,,,W,Y,2,0,6,2,A,-,08,22107,,N,D,C,A,A,H,-,A,D,0,,,,,Y,,A,01,1,4,1,0,0,0,0,0,0,"- ","- ",38.26702880859375,-122.05535125732422,SOLANO,FAIRFIELD,-122.05532073974609,38.267005920410156
91263616,2020,2020-07-06,9365,2020-06-20,1040,016970,,6,1,9,4800,0,1,A,,2,030,"PUTAH CREEK RD","MARGARET LN",500.00,S,N,A,-,N,,,,,,,,,,Y,2,0,1,1,A,-,08,22107,,N,E,I,A,A,H,-,A,D,0,,,Y,,Y,,C,02,1,0,0,0,0,0,0,0,1,"- ","- ",38.510799407958984,-122.00029754638672,SOLANO,UNINCORPORATED,,
91270954,2020,2020-07-20,9365,2020-07-10,1455,020508,,5,2,4,4801,0,1,1,,2,077,"I-780 E/B","E. 2ND ST",1267.00,W,N,A,-,Y,,,780,,,,,,E,Y,2,0,1,2,A,-,07,21658,A,F,E,I,A,A,H,-,A,D,0,,,,,Y,,-,99,1,0,0,0,0,0,0,0,0,"- ","- ",38.060718536376953,-122.15263366699219,SOLANO,BENICIA,-122.15264129638672,38.060699462890625
91274218,2020,2020-07-24,9365,2020-07-12,1859,019927,,7,2,5,4803,0,1,1,,2,082,"I-80 E/B","LYNCH RD",1214.00,W,N,A,-,Y,,,,,,,,,,Y,2,0,2,2,A,-,03,22350,,N,C,C,A,A,H,-,A,D,0,,,,,Y,,A,01,1,1,0,0,0,0,0,0,0,"- ","- ",38.105808258056641,-122.10579681396484,SOLANO,FAIRFIELD,-122.1829833984375,38.183048248291016
91275014,2020,2020-07-27,9365,2020-07-23,1825,019927,,4,2,6,4807,0,1,1,,2,081,"I-80 E/B","REDWOOD PKY",2376.00,W,N,A,-,Y,,,,,,,,,,Y,2,0,1,1,A,-,08,22107,,N,F,A,A,A,H,-,A,D,0,,,Y,,Y,,C,02,1,0,0,0,0,0,0,0,1,"- ","- ",38.065910339355469,-122.13469696044922,SOLANO,VALLEJO,-122.22999572753906,38.116569519042969
9128464,2020,2020-11-04,4807,2020-06-27,1450,671,VALLE,6,5,6,4807,0,0,0,,0,007,"SONOMA BL","SERENO DR",299.00,N,N,A,-,Y,SOL,4,29,-,-,4.080,H,-,N,Y,2,0,1,3,A,-,03,22350,,N,C,C,A,A,H,-,A,D,0,,,Y,,Y,,C,02,1,0,0,0,0,0,0,0,1,"- ","- ",38.127590179443359,-122.25570678710938,SOLANO,VALLEJO,-122.25563049316406,38.129165649414062
91299522,2020,2020-09-04,9365,2020-08-22,0610,013706,,6,1,9,4800,0,1,3,,2,113,SR-113,"HAY ROAD",897.00,N,N,A,-,Y,,,113,,,,,,,Y,2,0,2,2,A,-,05,21460,A,N,A,C,A,A,H,-,B,A,0,,,,,Y,,A,01,2,0,0,0,0,0,0,0,0,"- ","- ",38.31732177734375,-121.82340240478516,SOLANO,UNINCORPORATED,-121.82343292236328,38.31732177734375
91316488,2020,2020-10-02,9365,2020-09-26,1836,022063,,6,2,6,4807,0,1,1,,2,081,"I-80 W/B FROM TENNESSEE ST","TENNESSEE ST",25.00,N,N,A,-,Y,,,80,,,,R,,W,Y,2,0,1,1,A,-,03,22350,,N,E,I,A,A,H,-,A,D,0,,,,,Y,,A,01,1,0,0,0,0,0,0,0,0,"- ","- ",38.109798431396484,-122.23087310791016,SOLANO,VALLEJO,-122.23087310791016,38.109798431396484
9133841,2020,2020-09-02,4802,2020-05-03,1925,1302,,7,5,3,4802,0,0,0,,0,001,"STRATFORD AV","PARKGREEN DR",258.00,E,N,A,-,N,,,,,,,,,,,2,0,1,2,A,-,03,22350,,N,G,B,D,A,H,-,A,D,0,Y,,,,Y,Y,A,01,1,0,0,0,1,0,0,0,0,"- ","- ",38.458381652832031,-121.83364105224609,SOLANO,DIXON,-121.83268737792969,38.45831298828125
9134042,2020,2020-08-27,4807,2020-04-26,2028,703,VALLE,7,5,6,4807,0,0,0,,0,007,"BROADWAY ST","TUOLUMNE ST",0.00,,Y,A,-,N,,,,,,,,,,Y,2,0,1,2,A,-,12,21453,A,M,D,C,A,A,H,-,C,A,0,,,,,Y,,A,01,1,0,0,0,0,0,0,0,0,"- ","- ",38.136310577392578,-122.25235748291016,SOLANO,VALLEJO,-122.25234985351562,38.136310577392578
91348845,2020,2020-11-19,9365,2020-11-03,1510,015293,,2,2,4,4801,0,1,1,,2,077,"I-780 E/B","HOSPITAL ROAD U/C",573.00,W,N,A,-,Y,,,780,,,,,,E,Y,2,0,1,1,A,-,08,22107,,N,E,I,A,A,H,-,A,D,0,,,,,Y,,A,01,1,0,0,0,0,0,0,0,0,"- ","- ",38.050060272216797,-122.14116668701172,SOLANO,BENICIA,-122.14115905761719,38.050117492675781
91364339,2020,2020-12-11,9365,2020-11-09,0010,018568,,1,3,9,4800,0,1,1,,2,089,"I-80 W/B","KIDWELL RD",2300.00,W,N,A,-,Y,,,80,,,,,,W,Y,2,0,1,2,C,-,18,,,N,E,C,A,A,H,-,D,D,0,,,,,Y,,-,"- ",1,0,0,0,0,0,0,0,0,"- ","- ",38.500511169433594,-121.79106140136719,SOLANO,UNINCORPORATED,-121.79109191894531,38.500545501708984
91388627,2021,2021-01-18,9365,2021-01-08,0405,021598,,5,3,5,4803,0,1,1,,2,084,"I-80 E/B","MANUEL CAMPOS PKWY",4224.00,E,N,B,-,Y,,,,,,,,,,Y,2,0,1,1,A,-,08,22107,,N,E,I,A,B,H,-,D,D,0,,,,,Y,,A,01,1,0,0,0,0,0,0,0,0,"- ","- ",38.314701080322266,-122.03199768066406,SOLANO,FAIRFIELD,-122.03389739990234,38.295608520507812
91390968,2020,2021-01-19,9365,2020-10-18,0225,021598,,7,3,9,4800,0,1,1,,2,081,"I-80 E/B",SR-37,4752.00,E,N,A,-,Y,,,,,,,,,,Y,1,1,0,2,A,-,08,22107,,N,C,C,A,A,H,-,D,D,0,,,,,Y,,A,01,0,0,0,0,0,0,0,0,0,"- ","- ",38.151500701904297,-122.21640014648438,SOLANO,UNINCORPORATED,,
91394261,2021,2021-01-26,9365,2021-01-16,1600,020428,,6,2,6,4807,0,1,3,,2,370,"SR-37 W/B TO SR-29",SR-29,1328.00,E,N,A,-,Y,,,37,,,,R,,W,Y,2,0,2,1,A,-,08,22107,,N,E,I,A,A,H,-,A,D,0,,,,,Y,,A,01,1,1,0,0,0,0,0,0,0,"- ","- ",38.142631530761719,-122.25090789794922,SOLANO,VALLEJO,-122.25090789794922,38.142631530761719
91411998,2021,2021-02-22,9365,2021-01-23,2200,021127,,6,3,9,4800,0,3,5,,2,040,"TUBBS RD","NOBLE COURT",129.00,S,N,B,-,N,,,,,,,,,,N,2,0,1,3,A,-,01,23152,A,N,G,B,E,A,H,-,D,D,0,Y,,,,Y,Y,D,22,1,0,0,0,0,0,0,0,0,"- ","- ",38.478321075439453,-121.94529724121094,SOLANO,UNINCORPORATED,-121.94527435302734,38.4783935546875
91422887,2021,2021-05-27,9365,2021-03-03,0330,021116,,3,3,5,4806,0,1,1,,2,086,I-80,"PENA ADOBE RD",1215.00,W,N,A,-,Y,,,80,,,,,,,Y,2,0,3,4,A,-,01,23152,A,N,C,C,A,A,H,-,C,D,0,,,,Y,Y,Y,A,01,1,0,2,0,0,0,0,0,0,"- ","- ",38.331558227539062,-122.02018737792969,SOLANO,VACAVILLE,-122.02013397216797,38.331523895263672
91441274,2021,2021-05-27,9365,2021-03-22,0557,017654,,1,3,9,4800,0,3,5,,2,040,"ALLENDALE ROAD","N. MERIDIAN ROAD",0.00,,Y,A,-,N,,,,,,,,,,Y,2,0,1,1,A,-,03,22350,,N,E,I,A,A,H,-,D,D,0,,,,,Y,,A,71,1,0,0,0,0,0,0,0,0,"- ","- ",38.453300476074219,-121.91555786132812,SOLANO,UNINCORPORATED,-121.91558074951172,38.453300476074219
9145926,2020,2020-10-15,4806,2020-08-14,1532,234,605,5,5,5,4806,0,0,0,,0,006,"FRY RD","CARROLL WY",45.00,E,N,A,-,N,,,,,,,,,,Y,2,0,1,3,A,-,09,21802,A,N,D,C,A,A,H,-,A,A,0,,,,Y,Y,,A,01,1,0,0,0,0,0,0,0,0,"- ","- ",,,SOLANO,VACAVILLE,-121.92697200000001,38.337007
91531733,2021,2021-07-29,9365,2021-06-19,0025,021598,,6,3,9,4800,0,3,5,,2,020,"SUISUN VALLEY RD","MORRISON LN",200.00,N,N,A,-,N,,,,,,,,,,Y,2,0,2,2,A,-,01,23152,A,N,C,C,A,A,H,-,D,D,0,,,,,Y,Y,A,01,1,1,0,0,0,0,0,0,0,"- ","- ",38.266628265380859,-122.11316680908203,SOLANO,UNINCORPORATED,-122.11313629150391,38.266643524169922
91535947,2021,2021-08-03,9365,2021-07-30,1920,020428,,5,2,4,4801,0,3,5,,2,010,"I-780 E/B","E. SECOND ST.",980.00,W,N,A,-,Y,,,780,,,,,,E,Y,2,0,1,1,A,-,08,22107,,N,F,8,A,A,H,-,A,D,0,,,,,Y,,A,07,1,0,0,0,0,0,0,0,0,"- ","- ",38.060230255126953,-122.15196990966797,SOLANO,BENICIA,-122.1519775390625,38.060214996337891
91545815,2021,2021-08-16,9365,2021-08-15,2300,021157,,7,3,4,4801,0,1,1,,2,077,"I-780 W/B","E 5TH STREET",1080.00,W,N,A,-,Y,,,780,,,,,,W,Y,2,0,3,2,A,-,03,22350,,N,C,C,A,A,H,-,C,D,0,,,,,Y,,A,01,1,1,1,0,0,0,0,0,0,"- ","- ",38.055618286132812,-122.14750671386719,SOLANO,BENICIA,-122.14748382568359,38.055641174316406
91547311,2020,2021-08-17,9365,2020-09-07,0240,021674,,1,3,9,4800,0,1,1,,2,088,"I-80 WESTBOUND","MIDWAY ROAD",3706.00,E,N,A,-,Y,,,80,,,,,,W,Y,1,1,5,4,A,-,03,22350,,N,C,C,E,A,H,-,D,D,0,Y,,,,Y,,A,01,1,4,0,1,0,0,0,0,0,"- ","- ",38.424228668212891,-121.88701629638672,SOLANO,UNINCORPORATED,-121.88705444335938,38.424274444580078
91547319,2020,2021-08-17,9365,2020-09-07,0241,021674,,1,3,9,4800,0,1,1,,2,088,"I-80 WESTBOUND","MIDWAY ROAD",3626.00,E,N,A,-,Y,,,80,,,,,,W,Y,2,0,2,4,C,-,18,,,N,B,C,E,A,H,-,D,D,0,Y,,,,Y,,-,"- ",1,1,0,0,1,0,0,0,0,"- ","- ",38.424228668212891,-121.88701629638672,SOLANO,UNINCORPORATED,-121.88705444335938,38.424274444580078
91561017,2021,2021-09-02,9365,2021-09-01,1400,017309,,3,2,5,4803,0,1,3,,2,122,"SR-12 EASTBOUND","CHADBOURNE ROAD",2640.00,E,N,A,-,Y,,,12,,,,,,E,Y,2,0,1,2,A,-,03,22350,,N,C,C,A,A,H,-,A,D,0,,,,,Y,,A,01,1,0,0,0,0,0,0,0,0,"- ","- ",38.239910125732422,-122.07459259033203,SOLANO,FAIRFIELD,-122.07459259033203,38.240013122558594
91608555,2021,2021-10-28,9365,2021-10-17,0010,021598,,7,3,9,4800,0,3,5,,2,040,"SILVEYVILLE RD","SCHROEDER RD",5280.00,W,N,A,-,N,,,,,,,,,,Y,2,0,1,1,A,-,01,23152,A,N,E,I,A,A,H,-,D,D,0,,,,,Y,Y,A,01,1,0,0,0,0,0,0,0,0,"- ","- ",38.460418701171875,-121.87782287597656,SOLANO,UNINCORPORATED,-121.87886047363281,38.460430145263672
91625036,2021,2021-11-15,9365,2021-11-07,1528,021352,,7,2,6,4807,0,1,1,,2,077,"I-780 W/B","EAST 2ND STREET",1000.00,W,N,A,-,Y,,,,,,,,,,Y,2,0,1,1,A,-,08,22107,,N,E,I,A,A,H,-,A,A,0,,,,,Y,,A,07,1,0,0,0,0,0,0,0,0,"- ","- ",38.062049865722656,-122.15511322021484,SOLANO,VALLEJO,-122.15180206298828,38.060367584228516
91653050,2021,2021-12-15,9365,2021-12-09,0029,019109,,4,3,9,4800,0,1,1,,2,089,"I-80 W/B TO N/B CA-113","GARROD DR U/C",920.00,S,N,C,-,Y,,,,,,,,,,Y,2,0,1,2,C,-,18,,,N,C,C,A,B,H,-,D,D,0,,,,,Y,,-,"- ",1,0,0,0,0,0,0,0,0,"- ","- ",38.528221130371094,-121.76837921142578,SOLANO,UNINCORPORATED,,
91701537,2022,2022-02-15,9365,2022-02-09,0010,017736,,3,3,9,4800,0,1,1,,2,089,"I-80 E/B","PEDRICK RD",2059.00,E,N,A,-,Y,SOL,,80,,,40.156,H,,R,Y,2,0,2,1,A,-,08,22107,,N,E,I,A,A,H,-,D,D,0,,,,,Y,,A,07,1,1,0,0,0,0,0,0,0,"- ","- ",38.493240356445312,-121.79894256591797,SOLANO,UNINCORPORATED,-121.79872131347656,38.493099212646484
91705801,2022,2022-02-22,9365,2022-02-10,1340,019651,,4,1,9,4800,0,1,1,,2,082,"I-80 W/B TO AMERICAN CANYON ROAD","AMERICAN CANYON O/C",35.00,E,N,A,-,Y,,,,,,,,,,Y,2,0,2,2,A,-,03,22350,,N,C,C,A,A,H,-,A,D,0,,,,,Y,,A,07,1,1,0,0,0,0,0,0,0,"- ","- ",38.169921875,-122.20052337646484,SOLANO,UNINCORPORATED,-122.20052337646484,38.169921875
91716564,2022,2022-03-07,9365,2022-02-27,1645,022766,,7,2,5,4806,0,1,1,,2,086,"I-505 N/B","I-80 E/B",150.00,S,N,A,-,Y,,,,,,,,,,N,2,0,1,2,A,-,01,23152,A,N,C,C,A,A,H,-,A,D,0,,,,,Y,Y,A,01,1,0,0,0,0,0,0,0,0,"- ","- ",38.37078857421875,-122.95491027832031,SOLANO,VACAVILLE,-121.42809295654297,38.490444183349609
91719813,2022,2022-03-10,9365,2022-03-02,1515,022834,,3,2,9,4800,0,1,1,,2,089,"I-80 EASTBOUND","RICHARDS BLVD",2640.00,W,N,B,-,Y,SOL,,80,,R,44.372,H,,R,N,2,0,1,3,A,-,03,22350,,N,B,C,A,A,H,-,A,D,0,,,Y,,Y,,C,02,1,0,0,0,0,0,0,0,1,"- ","- ",38.533840179443359,-121.74294281005859,SOLANO,UNINCORPORATED,-121.74291229248047,38.533821105957031
9173510,2020,2020-11-04,4806,2020-08-18,2155,686,601,2,5,5,4806,0,0,0,,0,006,"ALAMO DR","PEABODY RD",0.00,,Y,A,-,N,,,,,,,,,,Y,2,0,1,2,A,-,12,21453,A,N,D,C,A,A,H,-,C,A,0,,,,,Y,,A,01,1,0,0,0,0,0,0,0,0,"- ","- ",38.33544921875,-121.97048950195312,SOLANO,VACAVILLE,-121.970458984375,38.33538818359375
91754845,2022,2023-01-30,9365,2022-01-10,0500,020565,,1,3,5,4806,0,1,1,,2,086,"I-80 W/B","ALAMO DRIVE",2489.00,W,N,A,-,Y,SOL,,80,,R,24.838,H,,L,Y,1,1,1,2,A,-,01,23152,F,N,B,C,A,A,H,-,D,D,0,,,,Y,Y,,A,08,1,0,0,0,0,0,0,0,0,"- ","- ",38.343551635742188,-122.00504302978516,SOLANO,VACAVILLE,-122.00502014160156,38.343509674072266
91754852,2022,2022-04-22,9365,2022-01-15,2135,019815,,6,2,5,4803,0,1,1,,2,084,"I-80 E/B","ROCKVILLE ROAD",1640.00,E,N,A,-,Y,SOL,,80,,,17.523,H,,R,N,1,1,0,2,A,-,11,21954,A,N,G,B,E,A,H,-,D,D,0,Y,,,,Y,,N,60,0,0,0,1,0,0,0,0,0,"- ","- ",38.253459930419922,-122.06630706787109,SOLANO,FAIRFIELD,-122.06635284423828,38.253482818603516
91814188,2022,2022-07-11,9365,2022-07-02,0248,021674,,6,3,9,4800,0,1,1,,2,089,"I-80 E/B","SR-113 N",3020.00,W,N,A,-,Y,SOL,,80,,,42.077,H,,R,Y,2,0,1,2,A,-,03,22350,,N,C,C,A,A,H,-,D,D,0,,,Y,,Y,,C,02,1,0,0,0,0,0,0,0,1,"- ","- ",38.514461517333984,-121.77578735351562,SOLANO,UNINCORPORATED,-121.77576446533203,38.514446258544922
91837215,2022,2022-08-10,9365,2022-08-04,1110,022833,,4,1,5,4803,0,1,1,,2,082,"I-80 WB","RED TOP ROAD",95.00,W,N,A,-,Y,SOL,,80,,R,11.385,H,,L,N,2,0,1,1,A,-,01,23152,A,N,B,8,A,A,H,-,D,D,0,,,,,Y,Y,A,01,1,0,0,0,0,0,0,0,0,"- ","- ",38.201969146728516,-122.15740203857422,SOLANO,FAIRFIELD,-122.15740203857422,38.201969146728516
91841407,2022,2022-08-16,9365,2022-08-06,0340,022796,,6,3,6,4807,0,1,1,,2,080,"I-80 E/B","GEORGIA ST",422.00,W,N,A,-,Y,SOL,,80,,,2.800,H,,R,N,2,0,2,3,A,-,07,21658,A,F,B,2,A,A,H,-,D,D,0,,,,,Y,,A,01,1,1,0,0,0,0,0,0,0,"- ","- ",38.099609375,-122.22963714599609,SOLANO,VALLEJO,-122.22969818115234,38.099609375
91842337,2022,2022-08-17,9365,2022-08-08,0550,017654,,1,3,9,4800,0,1,A,,2,030,"CANTELOW ROAD","BROWNS VALLEY ROAD",0.00,,Y,A,-,N,,,,,,,,,,Y,2,0,1,2,A,-,05,21460,A,N,D,G,A,A,H,-,B,D,0,,Y,,,Y,,A,01,1,0,0,0,0,0,1,0,0,"- ","- ",38.416080474853516,-121.97077941894531,SOLANO,UNINCORPORATED,-121.97077941894531,38.416069030761719
9191928,2020,2020-12-31,4807,2020-08-07,1732,705,VALLE,5,5,6,4807,0,0,0,,0,005,"TENNESSEE ST","AMADOR ST",0.00,,Y,A,-,N,,,,,,,,,,Y,2,0,2,4,A,-,05,21460,A,N,D,C,A,A,H,-,A,A,0,,,,,Y,,A,01,1,0,1,0,0,0,0,0,0,"- ","- ",38.109840393066406,-122.24334716796875,SOLANO,VALLEJO,-122.24330902099609,38.109828948974609
91919452,2022,2022-11-16,9365,2022-11-11,1125,017508,,5,1,9,4800,0,1,3,,2,113,"SR-113 N/B","HASTINGS ROAD",6706.00,S,N,A,-,N,,,,,,,,,,Y,2,0,3,2,A,-,08,22107,,N,A,C,A,A,H,-,A,D,0,,,,,Y,,A,01,1,2,0,0,0,0,0,0,0,"- ","- ",38.266819000244141,-121.80538177490234,SOLANO,UNINCORPORATED,-121.80542755126953,38.266819000244141
91920034,2022,2022-12-29,9365,2022-11-06,0101,022801,,7,3,4,4801,0,1,1,,2,680,"I-80 W/B","I-780 E/B",1584.00,N,N,B,-,Y,SOL,,680,,,1.340,H,,L,N,2,0,5,2,A,-,01,23152,A,N,C,C,A,B,H,-,D,D,0,,,,,Y,Y,A,01,1,4,0,0,0,0,0,0,0,"- ","- ",38.055728912353516,-122.12980651855469,SOLANO,BENICIA,-122.12975311279297,38.05572509765625
91926867,2022,2022-11-28,9365,2022-11-21,1528,020834,,1,2,6,4807,0,1,3,,2,371,SR-37,"FAIRGROUNDS DR.",250.00,E,N,A,-,Y,SOL,,37,,R,11.211,H,,R,N,2,0,1,1,C,-,18,,,N,E,I,A,A,H,-,A,A,0,,,Y,,Y,,-,"- ",1,0,0,0,0,0,0,0,1,"- ","- ",38.141429901123047,-122.22810363769531,SOLANO,VALLEJO,-122.22810363769531,38.14129638671875
91959984,2022,2023-01-04,9365,2022-12-28,1515,021645,,3,2,9,4800,0,3,5,,2,020,"MANKAS CORNER ROAD N/B","LEDGEWOOD ROAD",2745.00,S,N,B,-,N,,,,,,,,,,Y,2,0,1,1,A,-,08,22107,,N,F,I,A,A,H,-,A,D,0,,,Y,,Y,,C,02,1,0,0,0,0,0,0,0,1,"- ","- ",38.276390075683594,-122.093017578125,SOLANO,UNINCORPORATED,-122.09326934814453,38.276470184326172