CASE_ID,ACCIDENT_YEAR,PROC_DATE,JURIS,COLLISION_DATE,COLLISION_TIME,OFFICER_ID,REPORTING_DISTRICT,DAY_OF_WEEK,CHP_SHIFT,POPULATION,CNTY_CITY_LOC,SPECIAL_COND,BEAT_TYPE,CHP_BEAT_TYPE,CITY_DIVISION_LAPD,CHP_BEAT_CLASS,BEAT_NUMBER,PRIMARY_RD,SECONDARY_RD,DISTANCE,DIRECTION,INTERSECTION,WEATHER_1,WEATHER_2,STATE_HWY_IND,CALTRANS_COUNTY,CALTRANS_DISTRICT,STATE_ROUTE,ROUTE_SUFFIX,POSTMILE_PREFIX,POSTMILE,LOCATION_TYPE,RAMP_INTERSECTION,SIDE_OF_HWY,TOW_AWAY,COLLISION_SEVERITY,NUMBER_KILLED,NUMBER_INJURED,PARTY_COUNT,PRIMARY_COLL_FACTOR,PCF_CODE_OF_VIOL,PCF_VIOL_CATEGORY,PCF_VIOLATION,PCF_VIOL_SUBSECTION,HIT_AND_RUN,TYPE_OF_COLLISION,MVIW,PED_ACTION,ROAD_SURFACE,ROAD_COND_1,ROAD_COND_2,LIGHTING,CONTROL_DEVICE,CHP_ROAD_TYPE,PEDESTRIAN_ACCIDENT,BICYCLE_ACCIDENT,MOTORCYCLE_ACCIDENT,TRUCK_ACCIDENT,NOT_PRIVATE_PROPERTY,ALCOHOL_INVOLVED,STWD_VEHTYPE_AT_FAULT,CHP_VEHTYPE_AT_FAULT,COUNT_SEVERE_INJ,COUNT_VISIBLE_INJ,COUNT_COMPLAINT_PAIN,COUNT_PED_KILLED,COUNT_PED_INJURED,COUNT_BICYCLIST_KILLED,COUNT_BICYCLIST_INJURED,COUNT_MC_KILLED,COUNT_MC_INJURED,PRIMARY_RAMP,SECONDARY_RAMP,LATITUDE,LONGITUDE,COUNTY,CITY,POINT_X,POINT_Y
91984424,2022,2023-02-01,9365,2022-11-24,2115,022766,,4,2,9,4800,0,1,A,,2,030,"HAWKINS RD","PITT SCHOOL RD",4805.00,W,N,A,-,N,,,,,,,,,,Y,1,1,0,1,A,-,01,23152,A,N,F,A,A,A,H,-,D,D,0,,,,,Y,Y,A,07,0,0,0,0,0,0,0,0,0,"- ","- ",38.358760833740234,-121.85830688476562,SOLANO,UNINCORPORATED,-121.85823822021484,38.358715057373047
91985433,2023,2023-02-03,9365,2023-01-22,2005,021185,,7,2,9,4800,0,2,4,,2,402,"MIDWAY ROAD","BATAVIA ROAD",0.00,,Y,A,-,N,,,,,,,,,,Y,2,0,3,2,A,-,08,22107,,N,D,C,A,A,H,-,C,A,0,,,,Y,Y,,D,22,1,1,1,0,0,0,0,0,0,"- ","- ",38.41680908203125,-121.85955810546875,SOLANO,UNINCORPORATED,-121.85963439941406,38.416805267333984
92042401,2023,2023-04-11,9365,2023-04-09,1919,022066,,7,2,5,4806,0,1,1,,2,086,"I-80 W/B","LEISURE TOWN ROAD",1584.00,W,N,A,-,Y,SOL,,80," "," ",29.594,H,,L,N,2,0,2,3,A,-,07,21658,A,F,B,C,A,A,H,-,A,A,0,,,Y,,Y,,-,99,1,1,0,0,0,0,0,0,1,"- ","- ",38.385589599609375,-121.93734741210938,SOLANO,VACAVILLE,-121.93737030029297,38.385604858398438
92065135,2023,2023-05-09,9365,2023-04-16,"329 ",022424,,7,3,5,4806,0,1,1,,2,087,"I-80 W/B","MERIDIAN RD.",1888.00,W,N,A,-,Y,SOL,,80," "," ",30.999,H,,L,Y,2,0,1,2,A,-,01,23152,A,N,C,C,A,A,H,-,C,D,0,,,,,Y,Y,A,01,1,0,0,0,0,0,0,0,0,"- ","- ",38.400001525878906,-121.91880798339844,SOLANO,VACAVILLE,-121.91886138916016,38.400039672851562
92070162,2022,2023-05-16,9365,2022-09-11,0155,022460,,7,3,9,4800,0,1,1,,2,082,"I-80 W/B","AMERICAN CANYON OVERCROSSING",3983.00,E,N,A,-,Y,SOL,,80,,,8.857,H,,L,Y,2,0,3,5,A,-,01,23152,A,N,C,4,E,A,H,-,D,D,0,Y,,,,Y,Y,A,07,2,0,1,0,2,0,0,0,0,"- ","- ",38.177600860595703,-122.1910400390625,SOLANO,UNINCORPORATED,-122.19094085693359,38.17755126953125
92091913,2023,2023-06-12,9365,2023-06-04,"220 ",022766,,7,3,5,4803,0,1,1,,2,084,"I-80 E/B","TRAVIS BLVD",1637.00,W,N,A,-,Y,SOL,,80," "," ",17.608,H,,R,N,2,0,1,2,A,-,11,21954,A,F,G,B,E,A,H,-,D,D,0,Y,,,,Y,,N,60,1,0,0,0,1,0,0,0,0,"- ","- ",38.254470825195312,-122.06539916992188,SOLANO,FAIRFIELD,-122.06548309326172,38.254512786865234
92101181,2023,2023-06-23,9365,2023-06-16,1210,022066,,5,1,9,4800,0,1,A,,2,030,"ALLENDALE ROAD","I-505 S/B FROM ALLENDALE RD",18.00,E,N,A,-,N,,,,,,,,,,Y,2,0,2,2,A,-,09,21801,A,N,A,C,A,A,H,-,A,A,0,,,,,Y,,A,01,1,1,0,0,0,0,0,0,0,"- ","- ",38.453258514404297,-121.94223022460938,SOLANO,UNINCORPORATED,,
9211651,2020,2021-02-25,4807,2020-12-29,0320,743,VALLE,2,5,6,4807,0,0,0,,0,008,"AUBURN DR","FORESTHILL DR",90.00,E,N,A,-,N,,,,,,,,,,Y,1,1,0,1,A,-,03,22350,,N,F,I,A,A,H,-,C,D,0,,,Y,,Y,Y,C,02,0,0,0,0,0,0,0,1,0,"- ","- ",38.150871276855469,-122.27114868164062,SOLANO,VALLEJO,-122.27084350585938,38.150730133056641
9211704,2020,2022-06-13,4807,2020-11-23,0351,705,,1,5,6,4807,0,0,0,,0,005,"RT 29","MISSOURI ST",76.00,S,N,A,-,Y,SOL,4,29,-,-,5.230,I,5,S,Y,1,1,0,2,A,-,11,21956,A,N,G,B,D,A,H,-,C,D,0,Y,,,,Y,,N,60,0,0,0,1,0,0,0,0,0,"- ","- ",38.115928649902344,-122.25453186035156,SOLANO,VALLEJO,-122.25517272949219,38.146171569824219
92118925,2023,2023-07-17,9365,2023-07-06,1912,023231,,4,2,9,4800,0,1,A,,2,030,"MERIDIAN RD","HAY ROAD",4224.00,N,N,A,-,N,,,,,,,,,,N,2,0,1,1,A,-,01,23152,A,N,E,I,A,A,H,-,A,D,0,,,,,Y,Y,A,07,1,0,0,0,0,0,0,0,0,"- ","- ",38.327339172363281,-121.91531372070312,SOLANO,UNINCORPORATED,-121.91535186767578,38.327030181884766
92148689,2022,2023-08-21,9365,2022-11-18,1815,021996,,5,2,9,4800,0,2,4,,2,202,"SUISUN VALLEY ROAD","MORRISON LANE",1267.00,S,N,B,-,N,,,,,,,,,,N,1,2,3,3,A,-,01,23152,A,N,A,C,A,A,H,-,D,D,0,,,,,Y,Y,A,07,0,0,3,0,0,0,0,0,0,"- ","- ",38.262611389160156,-122.114013671875,SOLANO,UNINCORPORATED,-122.11393737792969,38.262676239013672
92169452,2022,2023-09-13,9365,2022-12-18,1901,021996,,7,2,5,4803,0,1,1,,2,083,"I-80 E/B","SR-12 (RIO VISTA)",45.00,E,N,E,-,Y,SOL,,80,,,15.880,H,,R,N,1,1,1,2,A,-,08,22107,,N,E,I,A,A,H,-,C,D,0,,,,,Y,,A,01,0,0,1,0,0,0,0,0,0,"- ","- ",38.240509033203125,-122.09078216552734,SOLANO,FAIRFIELD,-122.09075927734375,38.240474700927734
92181601,2023,2023-09-27,9365,2023-09-09,1615,023328,,6,2,9,4800,0,1,3,,2,220,"STATE HIGHWAY 84","RYER ROAD EAST",0.00,,Y,A,-,Y,SOL,,84," "," ",12.083,H,,R,Y,2,0,2,2,A,-,01,23152,A,N,D,C,A,A,H,-,A,A,0,,,,,Y,Y,D,22,1,1,0,0,0,0,0,0,0,"- ","- ",38.291400909423828,-121.63102722167969,SOLANO,UNINCORPORATED,-121.63105010986328,38.291404724121094
92188070,2023,2023-10-02,9365,2023-09-23,1345,023262,,6,1,9,4800,0,3,5,,2,020,"LAMBERT RD","SUISUN VALLEY RD",0.00,,Y,A,-,N,,,,,,,,,,N,2,0,1,1,A,-,03,22350,,N,F,A,A,A,B,-,A,D,0,,,Y,,Y,,C,02,1,0,0,0,0,0,0,0,1,"- ","- ",38.291000366210938,-122.11869049072266,SOLANO,UNINCORPORATED,-122.11907958984375,38.290977478027344
92221968,2023,2023-10-27,9365,2023-09-13,1150,023362,,3,1,6,4807,0,1,1,,2,081,"I-80 E/B","TENNESSEE ST ROAD EDGE",1478.00,E,N,A,-,Y,SOL,,80," "," ",3.817,H,,R,N,2,0,1,1,A,-,08,22107,,F,E,I,A,A,H,-,A,A,0,,,,,Y,,-,99,1,0,0,0,0,0,0,0,0,"- ","- ",38.114299774169922,-122.229736328125,SOLANO,VALLEJO,-122.22984313964844,38.114295959472656
92223520,2023,2023-10-31,9365,2023-10-12,1657,023459,,4,2,5,4806,0,1,1,,2,087,"I-80 E/B","LEISURE TOWN RD",3023.00,E,N,A,-,Y,SOL,,80," "," ",30.439,H,,R,Y,2,0,1,2,A,-,07,21658,A,M,B,C,A,A,H,-,A,D,0,,,Y,,Y,,D,22,1,0,0,0,0,0,0,0,1,"- ","- ",38.394039154052734,-121.92623138427734,SOLANO,VACAVILLE,-121.92617797851562,38.393997192382812
92223524,2023,2023-10-31,9365,2023-10-13,1510,023459,,5,2,5,4806,0,1,1,,2,505,"I-505 S/B TO I-80 E/B","I-80 W/B",100.00,N,N,B,-,Y,,,,,,,,,,N,2,0,1,1,A,-,03,22350,,N,E,I,A,A,H,-,A,D,0,,,Y,,Y,,C,02,1,0,0,0,0,0,0,0,1,"- ","- ",38.371429443359375,-121.956298828125,SOLANO,VACAVILLE,-121.956298828125,38.371429443359375
92224716,2023,2023-10-31,9365,2023-10-06,1810,021293,,5,2,9,4800,0,3,5,,2,020,SR12,"DENVERTON RD",0.00,,Y,A,-,Y,SOL,,12," "," ",12.515,H,,R,Y,2,0,2,2,A,-,09,21801,A,N,D,C,A,A,H,-,B,A,0,,,,,Y,,A,01,1,1,0,0,0,0,0,0,0,"- ","- ",38.228340148925781,-121.90331268310547,SOLANO,UNINCORPORATED,-121.90331268310547,38.228347778320312
92256195,2023,2023-12-07,9365,2023-02-22,"37  ",022424,,3,3,5,4803,0,1,1,,2,083,"I-80 E/B TO PITTMAN","PITTMAN RD",200.00,W,N,A,-,Y,,,,,,,,,,Y,1,3,0,1,A,-,01,23152,F,N,E,I,A,A,H,-,C,D,0,,,,,Y,,A,01,0,0,0,0,0,0,0,0,0,"- ","- ",38.221920013427734,-122.12924194335938,SOLANO,FAIRFIELD,-122.12924194335938,38.221920013427734
92268623,2023,2023-12-21,9365,2023-12-13,1325,023423,,3,1,9,4800,0,1,3,,2,113,SR-113,"FRY RD",200.00,S,N,A,-,N,,,,,,,,,,Y,2,0,2,4,A,-,05,21460,A,N,B,C,A,A,H,-,A,A,0,,,,,Y,,D,22,1,1,0,0,0,0,0,0,0,"- ","- ",38.336471557617188,-121.82322692871094,SOLANO,UNINCORPORATED,-121.82326507568359,38.336471557617188
92323175,2024,2024-02-26,9365,2024-02-16,1605,023362,,5,2,6,4807,0,1,1,,2,081,"I-80 W/B","REDWOOD ST",5650.00,E,N,A,-,Y,SOL,,80," "," ",5.494,H,,L,N,2,0,3,2,A,-,08,22107,,N,B,2,A,A,H,-,A,A,0,,,,,Y,,A,07,1,2,0,0,0,0,0,0,0,"- ","- ",38.137180328369141,-122.22164154052734,SOLANO,VALLEJO,-122.22149658203125,38.137123107910156
92335280,2024,2024-03-11,9365,2024-03-02,2150,023307,,6,2,4,4801,0,1,1,,2,077,"I-780 W/B","COLUMBUS PKWY",2600.00,E,N,B,C,Y,SOL,,780," "," ",4.471,H,,L,Y,2,0,1,1,A,-,01,23152,A,N,F,A,A,B,H,-,D,D,0,,,,,Y,Y,D,22,1,0,0,0,0,0,0,0,0,"- ","- ",38.074329376220703,-122.18766784667969,SOLANO,BENICIA,-122.18791198730469,38.074211120605469
92357570,2023,2024-04-05,9365,2023-03-26,"145 ",022424,,7,3,6,4807,0,1,1,,2,081,"I-80 E/B","REDWOOD PKY",399.00,E,N,A,-,Y,SOL,,80," "," ",4.519,H,,R,Y,1,1,0,1,A,-,01,23152,A,N,E,8,A,A,H,-,C,D,0,,,Y,,Y,Y,C,02,0,0,0,0,0,0,0,1,0,"- ","- ",38.124309539794922,-122.22923278808594,SOLANO,VALLEJO,-122.22933959960938,38.124351501464844
92359045,2024,2024-04-08,9365,2024-04-02,1250,020074,,2,1,6,4807,0,1,3,,2,371,"SR-37 W/B FROM COLUMBUS PKY","SR-37 E/B TO I-80 E/B",1584.00,W,N,A,-,Y,SOL,,37," ",R,11.553,H,,R,N,2,0,2,2,A,-,01,23152,A,N,B,C,A,A,E,-,A,D,0,,,,,Y,Y,A,01,1,1,0,0,0,0,0,0,0,"- ","- ",38.140918731689453,-122.2218017578125,SOLANO,VALLEJO,-122.22184753417969,38.140781402587891
92379769,2023,2024-05-01,9365,2023-12-03,"435 ",023307,,7,3,9,4800,0,1,3,,2,370,"STATE ROUTE 37 E/B","SKAGGS ISLAND",2000.00,E,N,A,-,Y,SOL,,37," "," ",4.078,H,,R,N,1,1,0,2,A,-,11,21954,A,N,G,B,E,A,H,-,D,D,0,Y,,,,Y,,N,60,0,0,0,1,0,0,0,0,0,"- ","- ",38.133529663085938,-122.34136199951172,SOLANO,UNINCORPORATED,-122.34136199951172,38.133533477783203
92385147,2024,2024-05-08,9365,2024-04-27,2250,023362,,6,3,4,4801,0,1,1,,2,078,"I780 WB","MILITARY W",147.64,E,N,A,-,Y,,,,,,,,,,N,2,0,1,1,A,-,01,23153,A,F,F,I,A,A,H,-,C,A,0,,,,,Y,Y,-,"- ",1,0,0,0,0,0,0,0,0,"- ","- ",,,SOLANO,BENICIA,-122.18283843994141,38.068527221679688
92392048,2024,2024-05-16,9365,2024-05-11,"330 ",023623,,6,3,9,4800,0,3,5,,2,040,"PEDRICK RD","TREMONT RD",5966.00,N,N,A,-,N,,,,,,,,,,N,2,0,2,2,A,-,01,23152,A,N,C,C,A,A,H,-,D,D,0,,,Y,,Y,Y,A,01,2,0,0,0,0,0,0,0,1,"- ","- ",38.512569427490234,-121.80352783203125,SOLANO,UNINCORPORATED,-121.80348205566406,38.512546539306641
92392751,2023,2024-05-17,9365,2023-10-05,1555,020991,,4,2,9,4800,0,3,5,,2,020,"HOLLAND RD","OXFORD RD",246.00,N,N,A,-,N,,,,,,,,,,Y,1,2,3,1,A,-,01,23152,A,N,E,I,A,A,H,-,A,D,0,,,,,Y,Y,A,01,1,2,0,0,0,0,0,0,0,"- ","- ",38.307849884033203,-121.59824371337891,SOLANO,UNINCORPORATED,-121.59822845458984,38.307216644287109
92394264,2024,2024-05-20,9365,2024-05-08,1441,017654,,3,2,5,4803,1,4,S,,2,901,"UNION AVE","KENNEDY COURT",35.00,S,N,A,-,N,,,,,,,,,,N,2,0,2,3,A,-,12,22454,A,N,G,B,G,A,H,-,A,A,0,Y,Y,,,Y,,L,04,1,1,0,0,1,0,1,0,0,"- ","- ",38.256320953369141,-122.04054260253906,SOLANO,FAIRFIELD,-122.04042816162109,38.256355285644531
92398344,2023,2024-05-24,9365,2023-10-03,1853,023278,,2,2,4,4801,0,1,1,,2,680,"INTERSTATE 680 NB TO LAKE HERMAN ROAD","LAKE HERMAN RD",440.00,S,N,A,-,Y,,,,,,,,,,Y,1,1,0,1,A,-,01,23152,A,N,E,8,A,A,H,-,B,D,0,,,,,Y,Y,D,22,0,0,0,0,0,0,0,0,0,"- ","- ",38.084468841552734,-122.11177825927734,SOLANO,BENICIA,-122.11177825927734,38.084468841552734
92435972,2024,2024-07-11,9365,2024-06-30,2144,023740,,7,2,5,4803,0,1,1,,2,083,"I-80 E/B","RED TOP RD",1891.00,E,N,A,-,Y,SOL,,80," ",R,11.755,H,,R,Y,2,0,1,2,A,-,01,23152,A,N,C,C,A,A,H,-,D,D,0,,,,,Y,Y,A,01,1,0,0,0,0,0,0,0,0,"- ","- ",38.205848693847656,-122.15247344970703,SOLANO,FAIRFIELD,-122.15249633789062,38.205867767333984
92481180,2024,2024-07-22,9365,2024-07-14,2245,023852,,7,3,5,4803,0,1,1,,2,083,"I-80 E/B","WO 680",264.00,E,N,A,-,Y,SOL,,80," "," ",12.848,H,,R,Y,2,0,1,2,A,-,01,23152,A,N,C,C,A,A,H,-,C,D,0,,,,,Y,Y,A,01,1,0,0,0,0,0,0,0,0,"- ","- ",38.216621398925781,-122.13775634765625,SOLANO,FAIRFIELD,-122.13775634765625,38.216617584228516
9256241,2020,2022-06-11,4807,2020-10-31,0019,705,VALLE,6,5,6,4807,0,0,0,,0,007,"LEWIS BROWN DR","RT 29",2.00,E,N,A,-,Y,SOL,4,29,-,-,4.725,I,6,N,Y,1,1,2,1,A,-,01,23152,A,N,E,I,A,A,H,-,C,A,0,,,,,Y,Y,A,01,0,0,2,0,0,0,0,0,0,"- ","- ",38.137428283691406,-122.25627136230469,SOLANO,VALLEJO,-122.25595092773438,38.140106201171875
92602437,2024,2024-07-25,9365,2024-07-14,1620,023889,,7,2,9,4800,0,1,3,,2,122,"SR-12 RIO VISTA","CURRIE RD",792.00,E,N,A,-,Y,SOL,,12," "," ",20.839,H,,R,Y,2,0,2,3,A,-,01,23152,A,N,C,C,A,A,H,-,A,A,0,,,Y,,Y,Y,C,02,1,0,1,0,0,0,0,0,1,"- ","- ",38.183551788330078,-121.77548980712891,SOLANO,UNINCORPORATED,-121.77548980712891,38.183544158935547
92997128,2024,2024-07-31,9365,2024-07-07,1855,023423,,7,2,9,4800,0,3,5,,2,040,"PEDRICK RD","BINGHAMPTON RD",2112.00,N,N,A,-,N,,,,,,,,,,N,2,0,1,2,A,-,01,23152,A,N,C,C,A,A,H,-,A,A,0,,,,,Y,Y,A,01,1,0,0,0,0,0,0,0,0,"- ","- ",38.35614013671875,-121.80478668212891,SOLANO,UNINCORPORATED,-121.80469512939453,38.357040405273438
92997129,2024,2024-07-31,9365,2024-07-08,1000,023715,,1,1,6,4807,0,1,1,,2,081,"I-80 E/B","AMERICAN CANYON",1320.00,W,N,A,-,Y,NAP,,80," "," ",7.720,H,,R,Y,2,0,1,2,A,-,07,21658,A,F,C,C,A,A,H,-,A,D,0,,,Y,,Y,,-,99,1,0,0,0,0,0,0,0,1,"- ","- ",38.165771484375,-122.20523071289062,SOLANO,VALLEJO,-122.20521545410156,38.165756225585938
9320376,2021,2022-02-09,4806,2021-12-05,0856,638,908,7,5,5,4806,0,0,0,,0,009,"LEISURE TOWN RD","SEQUOIA DR",0.00,,Y,B,-,N,,,,,,,,,,Y,1,1,1,1,A,-,08,22107,,N,E,I,A,A,H,-,A,A,0,,,,,Y,,A,01,1,0,0,0,0,0,0,0,0,"- ","- ",38.374240875244141,-121.93807983398438,SOLANO,VACAVILLE,-121.933837890625,38.374198913574219
9395687,2022,2022-02-03,4806,2022-01-01,1123,533,407,6,5,5,4806,0,0,0,,0,004,"MARSHALL RD","BEELARD DR",0.00,,Y,A,-,N,,,,,,,,,,N,2,0,1,2,A,-,09,21800,A,N,B,C,A,A,H,-,A,D,0,,,Y,,Y,,-,"- ",1,0,0,0,0,0,0,0,1,"- ","- ",38.346328735351562,-121.95839691162109,SOLANO,VACAVILLE,-121.95840454101562,38.346309661865234
94364376,2023,2025-03-28,9365,2023-09-24,2204,022766,,7,3,9,4800,0,1,1,,2,089,"INTERSTATE 80 E/B","RICHARDS BLVD",3907.00,W,N,A,-,Y,SOL,,80," ",R,44.218,H,,R,Y,1,2,3,2,A,-,03,22350,,N,C,C,A,A,H,-,C,D,0,,,,,Y,,A,01,2,1,0,0,0,0,0,0,0,"- ","- ",38.532360076904297,-121.74514007568359,SOLANO,UNINCORPORATED,-121.74510955810547,38.532329559326172
94417114,2024,2024-10-02,9365,2024-09-28,1115,023300,,6,1,5,4806,0,1,1,,2,086,"I-80 E/B","ALAMO DR",2550.00,W,N,A,-,Y,SOL,,80," ",R,24.812,H,,R,Y,2,0,1,2,C,-,18,,,N,E,8,A,A,D,-,A,D,0,,,,,Y,,-,"- ",1,0,0,0,0,0,0,0,0,"- ","- ",38.343238830566406,-122.00533294677734,SOLANO,VACAVILLE,-122.00529479980469,38.343170166015625
94439381,2024,2025-03-21,9365,2024-10-12,"120 ",016970,,6,3,9,4800,0,1,1,,2,085,"I-80 W/B","LAGOON VALLEY RD",420.00,W,N,A,-,Y,SOL,,80," ",R,22.924,H,,L,Y,2,0,3,4,A,-,03,22350,,N,G,1,E,A,C,D,D,D,0,Y,,,,Y,,A,01,2,0,1,0,2,0,0,0,0,"- ","- ",38.32257080078125,-122.02593994140625,SOLANO,UNINCORPORATED,-122.02599334716797,38.322597503662109
94461881,2024,2025-05-21,9365,2024-10-30,1250,018954,,3,1,5,4803,0,1,1,,2,085,"I-80 E/B","NORTH TEXAS STREET",850.00,E,N,A,-,Y,SOL,,80," "," ",21.190,H,,R,Y,2,0,1,1,A,-,08,22107,,N,F,A,A,A,H,-,A,D,0,,,Y,,Y,,C,02,1,0,0,0,0,0,0,0,1,"- ","- ",38.298999786376953,-122.03376770019531,SOLANO,FAIRFIELD,-122.03382110595703,38.298999786376953
94491051,2024,2024-12-03,9365,2024-11-26,2025,018712,,2,2,9,4800,0,1,3,,2,113,SR-113,"MAINE PRAIRIE RD",730.00,S,N,A,-,N,,,,,,,,,,Y,2,0,1,2,A,-,08,22107,,N,A,C,A,A,H,-,D,D,0,,,,,Y,,A,01,1,0,0,0,0,0,0,0,0,"- ","- ",38.327461242675781,-121.8232421875,SOLANO,UNINCORPORATED,-121.82332611083984,38.32745361328125
94510861,2024,2024-12-19,9365,2024-12-15,1643,023206,,7,2,6,4807,0,1,1,,2,081,"I-80 E/B","REDWOOD ST",4488.00,E,N,B,-,Y,SOL,,80," "," ",5.283,H,,R,N,2,0,1,2,A,-,11,21954,A,N,G,B,E,A,H,-,B,D,0,Y,,,,Y,,N,60,1,0,0,0,1,0,0,0,0,"- ","- ",38.134159088134766,-122.22286987304688,SOLANO,VALLEJO,-122.22306060791016,38.134235382080078
94535586,2024,2025-01-13,9365,2024-12-27,"135 ",023889,,5,3,6,4807,0,1,1,,2,080,"I-80 E/B","SONOMA BLVD",905.00,W,N,C,-,Y,SOL,,80," "," ",0.974,H,,R,Y,2,0,1,2,A,-,07,21658,A,N,B,2,A,B,H,-,D,D,0,,,,,Y,,D,22,1,0,0,0,0,0,0,0,0,"- ","- ",38.074180603027344,-122.23024749755859,SOLANO,VALLEJO,-122.23033905029297,38.074138641357422
94544180,2025,2025-01-21,9365,2025-01-08,1324,020859,,3,1,5,4803,0,1,1,,2,083,"I-80 WB TO RED TOP RD","RED TOP RD",0.00,,Y,A,-,N,,,,,,,,,,N,2,0,3,2,A,-,12,22450,A,N,D,C,A,A,H,-,A,D,0,,,,,Y,,A,01,1,2,0,0,0,0,0,0,0,"- ","- ",38.202350616455078,-122.15743255615234,SOLANO,FAIRFIELD,-122.15717315673828,38.202175140380859
94549178,2024,2025-01-24,9365,2024-07-24,2220,018712,,3,3,5,4803,0,1,1,,2,681,"I-680 N/B","BRIDGEPORT AVE",4224.00,S,N,A,-,Y,SOL,,680," ",R,11.086,H,,R,Y,1,1,1,1,A,-,08,22107,,N,E,8,A,A,H,-,D,D,0,,,,,Y,,D,22,0,1,0,0,0,0,0,0,0,"- ","- ",38.197681427001953,-122.13777160644531,SOLANO,FAIRFIELD,-122.13782501220703,38.197681427001953
94599855,2024,2025-03-17,9365,2024-06-21,1745,023423,,5,2,9,4800,0,3,5,,2,020,"LAMBIE ROAD","SACRAMENTO NORTHERN RAILWAY",1519.00,W,N,A,-,N,,,,,,,,,,Y,1,1,0,2,A,-,03,22350,,N,G,B,E,A,H,-,A,D,0,Y,,,,Y,,A,01,0,0,0,1,0,0,0,0,0,"- ","- ",38.220321655273438,-121.87920379638672,SOLANO,UNINCORPORATED,,
94649039,2025,2025-04-14,9365,2025-04-11,"235 ",023408,,5,3,5,4806,0,1,1,,2,087,"I-80 W/B",I-505,115.00,E,N,A,-,Y,SOL,,80," ",R,28.389,H,,L,Y,2,0,1,1,A,-,08,22107,,N,E,I,A,A,H,-,C,D,0,,,,,Y,,A,01,1,0,0,0,0,0,0,0,0,"- ","- ",38.373931884765625,-121.95314025878906,SOLANO,VACAVILLE,-121.95304870605469,38.373863220214844
94680166,2025,2025-05-08,9365,2025-04-30,"800 ",024416,,3,1,5,4803,0,1,1,,2,084,"I-80 W/B","SUISUN PARKWAY",2358.00,E,N,A,-,Y,SOL,,80," "," ",16.644,H,,L,Y,2,0,1,2,A,-,03,22350,,N,C,C,A,A,H,-,A,D,0,,,,,Y,,A,01,1,0,0,0,0,0,0,0,0,"- ","- ",38.245918273925781,-122.07891845703125,SOLANO,FAIRFIELD,-122.07891845703125,38.245922088623047
94697765,2025,2025-05-22,9365,2025-05-14,1159,024309,,3,1,9,4800,0,1,A,,2,030,"WINTERS RD","BAKER RD",1320.00,N,N,A,-,N,,,,,,,,,,Y,2,0,1,1,A,-,01,23152,F,N,F,A,A,A,H,-,A,D,0,,,,,Y,,A,01,1,0,0,0,0,0,0,0,0,"- ","- ",38.507839202880859,-121.96196746826172,SOLANO,UNINCORPORATED,-121.96045684814453,38.505916595458984
94735551,2025,2025-06-23,9365,2025-05-24,1520,019051,,6,2,9,4800,0,1,A,,2,030,"GIBSON CANYON RD","PAMELA LANE",200.00,S,N,A,-,N,,,,,,,,,,N,2,0,1,1,A,-,01,23152,A,N,E,I,A,A,A,-,A,D,0,,,Y,,Y,Y,C,02,1,0,0,0,0,0,0,0,1,"- ","- ",38.3985595703125,-121.99978637695312,SOLANO,UNINCORPORATED,-121.99956512451172,38.398818969726562
94737564,2025,2025-06-24,9365,2025-06-14,"713 ",022460,,6,1,3,4802,0,1,1,,2,088,"I-80 EASTBOUND","PITTSCHOOL ROAD OVERCROSSING",228.00,E,N,A,-,Y,SOL,,80," "," ",36.954,H,,R,N,2,0,1,1,A,-,08,22107,,N,E,8,A,A,H,-,A,D,0,,,,,Y,,A,01,1,0,0,0,0,0,0,0,0,"- ","- ",38.460121154785156,-121.84033966064453,SOLANO,DIXON,-121.84025573730469,38.460052490234375
94739704,2025,2025-06-25,9365,2025-06-24,"803 ",020859,,2,1,5,4806,0,1,1,,2,086,"INTERSTATE 80 WESTBOUND","ALAMO DRIVE",1875.00,W,N,A,-,Y,SOL,,80," ",R,24.948,H,,L,N,2,0,1,2,A,-,03,22350,,N,C,C,A,A,D,-,A,D,0,,,Y,,Y,,C,02,1,0,0,0,0,0,0,0,1,"- ","- ",38.344200134277344,-122.00318908691406,SOLANO,VACAVILLE,-122.00316619873047,38.344161987304688