CASE_ID,ACCIDENT_YEAR,PROC_DATE,JURIS,COLLISION_DATE,COLLISION_TIME,OFFICER_ID,REPORTING_DISTRICT,DAY_OF_WEEK,CHP_SHIFT,POPULATION,CNTY_CITY_LOC,SPECIAL_COND,BEAT_TYPE,CHP_BEAT_TYPE,CITY_DIVISION_LAPD,CHP_BEAT_CLASS,BEAT_NUMBER,PRIMARY_RD,SECONDARY_RD,DISTANCE,DIRECTION,INTERSECTION,WEATHER_1,WEATHER_2,STATE_HWY_IND,CALTRANS_COUNTY,CALTRANS_DISTRICT,STATE_ROUTE,ROUTE_SUFFIX,POSTMILE_PREFIX,POSTMILE,LOCATION_TYPE,RAMP_INTERSECTION,SIDE_OF_HWY,TOW_AWAY,COLLISION_SEVERITY,NUMBER_KILLED,NUMBER_INJURED,PARTY_COUNT,PRIMARY_COLL_FACTOR,PCF_CODE_OF_VIOL,PCF_VIOL_CATEGORY,PCF_VIOLATION,PCF_VIOL_SUBSECTION,HIT_AND_RUN,TYPE_OF_COLLISION,MVIW,PED_ACTION,ROAD_SURFACE,ROAD_COND_1,ROAD_COND_2,LIGHTING,CONTROL_DEVICE,CHP_ROAD_TYPE,PEDESTRIAN_ACCIDENT,BICYCLE_ACCIDENT,MOTORCYCLE_ACCIDENT,TRUCK_ACCIDENT,NOT_PRIVATE_PROPERTY,ALCOHOL_INVOLVED,STWD_VEHTYPE_AT_FAULT,CHP_VEHTYPE_AT_FAULT,COUNT_SEVERE_INJ,COUNT_VISIBLE_INJ,COUNT_COMPLAINT_PAIN,COUNT_PED_KILLED,COUNT_PED_INJURED,COUNT_BICYCLIST_KILLED,COUNT_BICYCLIST_INJURED,COUNT_MC_KILLED,COUNT_MC_INJURED,PRIMARY_RAMP,SECONDARY_RAMP,LATITUDE,LONGITUDE,COUNTY,CITY,POINT_X,POINT_Y
94743899,2025,2025-06-30,9365,2025-06-12,"835 ",024309,,4,1,6,4807,0,1,1,,2,081,"I-80 W/B",SR-37,528.00,W,N,A,-,Y,SOL,,80," "," ",5.543,H,,L,Y,2,0,3,4,A,-,03,22350,,N,C,C,E,A,C,-,A,D,0,Y,,,,Y,,A,07,3,0,0,0,1,0,0,0,0,"- ","- ",38.137771606445312,-122.22109985351562,SOLANO,VALLEJO,-122.22109222412109,38.137763977050781
9477020,2022,2022-07-25,4806,2022-07-08,1642,756,405,5,5,5,4806,0,0,0,,0,004,"ALLISON DR","ELMIRA RD",83.00,N,N,A,-,N,,,,,,,,,,N,2,0,1,1,A,-,08,22107,,N,E,I,A,A,G,-,A,D,0,,Y,,,Y,,L,04,1,0,0,0,0,0,1,0,0,"- ","- ",38.352218627929688,-121.96456909179688,SOLANO,VACAVILLE,-121.96452331542969,38.35247802734375
9504027,2022,2022-10-06,4806,2022-05-08,0646,686,604,7,5,5,4806,0,0,0,,0,006,"ALAMO DR","VANDEN RD",0.00,,Y,A,-,N,,,,,,,,,,Y,1,1,1,2,A,-,12,21453,A,N,D,C,A,A,H,-,A,A,0,,,,,Y,,A,08,1,0,0,0,0,0,0,0,0,"- ","- ",38.335418701171875,-121.94300079345703,SOLANO,VACAVILLE,-121.94303131103516,38.335384368896484
9524382,2022,2022-12-27,4806,2022-11-26,1937,761,706,6,5,5,4806,0,0,0,,0,007,"ALAMO DR","AMAPOLA ST",684.00,W,N,A,-,N,,,,,,,,,,N,2,0,1,2,A,-,11,21954,A,N,G,B,E,A,H,-,C,D,0,Y,,,,Y,Y,N,60,1,0,0,0,1,0,0,0,0,"- ","- ",38.335430145263672,-121.98103332519531,SOLANO,VACAVILLE,-121.98344421386719,38.33551025390625
9575784,2023,2023-06-19,4801,2023-05-21,"225 ",3932,4,7,5,4,4801,0,0,0,,0,004,"LAKE HERMAN RD","RESERVOIR RD",2594.00,W,N,A,-,N,,,,,,,,,,Y,2,0,1,1,A,-,01,23152,A,N,E,I,A,A,H,-,D,A,0,,,,,Y,Y,A,07,1,0,0,0,0,0,0,0,0,"- ","- ",38.097499847412109,-122.15144348144531,SOLANO,BENICIA,-122.14295196533203,38.094959259033203
9587694,2023,2023-06-08,4806,2023-05-19,1916,850,802,5,5,5,4806,0,0,0,,0,008,"DEPOT ST","MASON ST",0.00,,Y,A,-,N,,,,,,,,,,N,2,0,3,4,A,-,12,21453,A,N,D,C,A,A,H,-,A,A,0,,,,,Y,Y,A,01,1,0,2,0,0,0,0,0,0,"- ","- ",38.355159759521484,-121.98162078857422,SOLANO,VACAVILLE,-121.98152160644531,38.355514526367188
9601595,2023,2023-09-08,4806,2023-07-09,"36  ",769,805,7,5,5,4806,0,0,0,,0,008,"HICKORY LN","CONNECTING RD",332.00,W,N,A,-,Y,SOL,4,80,-,R,25.828,R,3,W,N,2,0,2,1,A,-,01,23152,A,N,E,I,A,A,H,-,C,D,0,,,,,Y,Y,A,01,1,0,1,0,0,0,0,0,0,"- ","- ",38.35137939453125,-121.9876708984375,SOLANO,VACAVILLE,-121.98862457275391,38.349834442138672
9621784,2023,2023-09-28,4806,2023-06-02,"815 ",756,603,5,5,5,4806,0,0,0,,0,006,"NUT TREE RD","ALAMO DR",150.00,N,N,A,-,N,,,,,,,,,,N,2,0,1,2,A,-,08,22107,,F,H,G,A,A,H,-,A,A,0,,Y,,,Y,,A,01,1,0,0,0,0,0,1,0,0,"- ","- ",38.335369110107422,-121.95330810546875,SOLANO,VACAVILLE,-121.95330810546875,38.335750579833984
9724148,2024,2024-10-21,4806,2024-10-05,1241,836,,6,5,5,4806,0,0,0,,0,004,"BEL AIR DR","WOODHAVEN DR",0.00,,Y,A,-,N,,,,,,,,,,Y,2,0,1,2,A,-,09,21801,A,N,D,C,A,A,H,-,A,A,0,,,Y,,Y,,A,01,1,0,0,0,0,0,0,0,0,"- ","- ",38.336200714111328,-121.95767974853516,SOLANO,VACAVILLE,-121.95766448974609,38.336128234863281
9755277,2024,2024-12-09,4806,2024-04-15,"609 ",827,708,1,5,5,4806,0,0,0,,0,007,"ALAMO DR","ALAMO LN",220.00,E,N,A,-,N,,,,,,,,,,Y,2,0,1,1,A,-,08,22107,,N,E,I,A,A,H,-,C,A,0,,,Y,,Y,,C,02,1,0,0,0,0,0,0,0,1,"- ","- ",,,SOLANO,VACAVILLE,-121.98442840576172,38.33551025390625
9786219,2024,2025-05-03,4807,2024-11-25,1646,635,VALLE,1,5,6,4807,0,0,0,,0,001,"ASCOT PKY","STERLING ST",16.00,N,N,C,-,N,,,,,,,,,,Y,1,1,3,3,A,-,03,22350,,N,D,C,A,B,H,-,B,D,0,,,,,Y,,A,01,0,1,2,0,0,0,0,0,0,"- ","- ",38.126899719238281,-122.21169281005859,SOLANO,VALLEJO,-122.21174621582031,38.1270751953125
6290297,2014,2015-12-23,4803,2014-03-16,0937,504,,7,5,5,4803,0,0,0,,0,,"WEST TEXAS ST","5TH ST",19.00,E,N,A,-,N,,,,,,,,,,N,1,1,0,2,A,-,10,21950,A,N,G,B,B,A,H,-,A,A,0,Y,,,,Y,Y,D,22,0,0,0,1,0,0,0,0,0,"- ","- ",,,SOLANO,FAIRFIELD,-122.06065382,38.249270000000003
6290572,2014,2014-05-23,4807,2014-01-03,1733,640,VALLE,5,5,6,4807,0,0,0,,0,005,"TENNESSEE ST","HALLIDAY ST",0.00,,Y,A,-,N,,,,,,,,,,N,1,1,0,3,A,-,10,21950,C,N,G,B,B,A,H,-,B,D,0,Y,,,,Y,,A,07,0,0,0,1,0,0,0,0,0,"- ","- ",,,SOLANO,VALLEJO,-122.24067997,38.109789929999998
6291667,2014,2014-11-21,4806,2014-10-25,0200,457,,6,5,5,4806,0,0,0,,0,,"VACA VALLEY PKWY","RT 505",0.00,,Y,B,-,N,,,,,,,,,,Y,1,1,3,1,A,-,01,23153,A,N,F,I,A,A,H,-,C,A,0,,,,,Y,Y,D,22,0,3,0,0,0,0,0,0,0,"- ","- ",,,SOLANO,VACAVILLE,-121.94992988,38.394019960000001
6291953,2014,2016-01-04,9365,2014-02-04,2225,18346,,2,3,6,4807,0,1,1,,2,080,"RT 80","RT 780",379.00,W,N,A,-,Y,SOL,4,80,-,-,2.348,R,2,W,Y,1,1,1,1,A,-,08,22107,,N,E,I,A,A,H,-,D,D,1,,,,,Y,,A,01,0,0,1,0,0,0,0,0,0,CN,"- ",38.092660000000002,-122.23173,SOLANO,VALLEJO,-122.23021304,38.093147139999999
6292072,2014,2015-04-08,4807,2014-11-21,1536,599,4807,5,5,6,4807,0,0,0,,0,005,"COUCH ST","REDWOOD DR",1056.00,N,N,A,-,N,,,,,,,,,,Y,1,1,2,2,A,-,01,23152,A,F,D,C,A,A,H,-,A,D,0,,,,,Y,Y,-,,1,0,1,0,0,0,0,0,0,"- ","- ",,,SOLANO,VALLEJO,-122.25213125000001,38.12518627
6292177,2015,2015-05-21,4803,2015-03-02,0043,1242,,1,5,5,4803,0,0,0,,0,00E,"AIR BASE PKWY","CLAY BANK RD",1056.00,W,N,A,-,N,,,,,,,,,,Y,1,1,0,2,A,-,05,21202,A,N,H,G,A,-,H,-,D,A,0,,Y,,,Y,,L,04,0,0,0,0,0,1,0,0,0,"- ","- ",,,SOLANO,FAIRFIELD,-122.01025921,38.272614310000002
6292191,2015,2017-04-25,9365,2015-03-29,0800,17799,,7,1,9,4800,0,1,1,,2,081,"RT 80","AMERICAN CANYON RD",2925.00,E,N,A,-,Y,SOL,4,80,-,-,8.650,H,-,E,Y,1,1,0,1,A,-,08,22107,,N,A,I,A,A,H,-,A,D,1,,,,,Y,,A,01,0,0,0,0,0,0,0,0,0,"- ","- ",38.174799999999998,-122.1925,SOLANO,UNINCORPORATED,-122.19268033,38.174780329999997
6292228,2015,2015-07-15,9365,2015-04-26,0040,19720,,7,3,5,4806,0,1,1,,2,087,"RT 80","LEISURE TOWN RD",2339.00,W,N,A,-,Y,SOL,4,80,-,-,29.420,H,-,W,Y,1,1,1,4,A,-,08,22107,,N,C,C,E,A,H,-,C,D,1,Y,,,,Y,Y,A,08,0,1,0,1,0,0,0,0,0,"- ","- ",38.38391,-121.93986,SOLANO,VACAVILLE,-121.93969045,38.383940719999998
6292817,2015,2016-02-22,4806,2015-12-28,0501,603,,1,5,5,4806,0,0,0,,0,,"ALAMO DR","BUTCHER RD",0.00,,Y,A,-,N,,,,,,,,,,N,1,1,0,2,A,-,12,21453,A,N,D,G,A,A,H,-,C,A,0,,Y,,,Y,,L,04,0,0,0,0,0,1,0,0,0,"- ","- ",,,SOLANO,VACAVILLE,-121.99570993,38.343559910000003
6385181,2014,2016-03-05,4807,2014-01-25,0305,581,VDP,6,5,6,4807,0,0,0,,0,004,"SONOMA BL","RYDER ST",60.00,N,N,A,-,Y,SOL,4,29,-,-,1.460,H,-,N,Y,2,0,1,1,A,-,01,23152,,N,E,I,A,A,H,-,C,D,0,,,,,Y,Y,-,,1,0,0,0,0,0,0,0,0,"- ","- ",,,SOLANO,VALLEJO,-122.24891481,38.092979929999998
6385271,2014,2014-06-12,4807,2014-02-07,1939,544,,5,5,6,4807,0,0,0,,0,007,BROADWAY,SERENO,0.00,,Y,C,-,N,,,,,,,,,,N,2,0,1,2,A,-,11,21950,B,N,G,B,B,B,H,-,C,A,0,Y,,,,Y,,N,60,1,0,0,0,1,0,0,0,0,"- ","- ",,,SOLANO,VALLEJO,-122.25154997,38.127769960000002
6398706,2014,2014-07-26,4807,2014-01-15,2003,648,VALLE,3,5,6,4807,0,0,0,,0,008,"FAIRGROUNDS DR","TAPER AV",0.00,,Y,A,-,N,,,,,,,,,,Y,2,0,5,2,A,-,09,21453,C,N,A,C,A,A,H,-,C,A,0,,,,,Y,,-,,1,0,4,0,0,0,0,0,0,"- ","- ",,,SOLANO,VALLEJO,-122.23614997,38.146719969999999
6405465,2014,2014-06-05,9365,2014-02-26,1320,018799,,3,1,6,4807,0,1,1,,2,081,"RT 80","RT 37",1056.00,E,N,C,-,Y,,,80,,,,,,,Y,2,0,1,1,A,-,08,22107,,N,F,A,A,B,H,-,A,D,0,,,,,Y,,D,22,1,0,0,0,0,0,0,0,0,TO,"- ",38.137479999999996,-122.22009,SOLANO,VALLEJO,-122.22070691,38.137876509999998
6449301,2014,2014-07-15,4802,2014-03-09,2004,1170,,7,5,3,4802,0,0,0,,0,004,"PORTER RD","SOUTH ALMOND ST",697.00,N,N,B,-,N,,,,,,,,,,Y,2,0,1,2,D,-,00,,,F,G,B,E,A,H,-,D,D,0,Y,,,,Y,,-,"- ",1,0,0,0,1,0,0,0,0,"- ","- ",,,SOLANO,DIXON,-121.83113,38.439100000000003
6479881,2014,2016-04-12,9365,2014-04-18,0640,015810,,5,1,9,4800,0,1,3,,2,113,"RT 113","HAWKINS RD",2112.00,N,N,A,-,Y,SOL,4,113,-,-,13.680,H,-,N,Y,2,0,1,1,A,-,08,22107,,N,E,J,A,A,H,-,A,D,0,,,,,Y,,A,01,1,0,0,0,0,0,0,0,0,"- ","- ",38.364460000000001,-121.8233,SOLANO,UNINCORPORATED,-121.82303128,38.364367039999998
6486168,2014,2014-07-24,4806,2014-05-11,1311,472,403,7,5,5,4806,0,0,0,,0,004,"HELEN POWER DR","BURTON DR",910.00,N,N,A,-,N,,,,,,,,,,Y,2,0,1,2,A,-,09,21804,A,N,D,C,A,A,H,-,A,D,0,,,Y,,Y,,A,01,1,0,0,0,0,0,0,0,1,"- ","- ",,,SOLANO,VACAVILLE,-121.95985265,38.36405353
6542583,2014,2016-01-28,9365,2014-06-18,1930,16261,,3,2,5,4803,0,1,1,,2,084,"RT 80","ABERNATHY RD",2640.00,E,N,A,-,Y,SOL,4,80,-,-,16.650,H,-,E,Y,2,0,1,6,C,-,18,,,N,E,J,A,A,H,-,A,D,1,,,,,Y,,-,"- ",1,0,0,0,0,0,0,0,0,"- ","- ",38.245699999999999,-122.0789,SOLANO,FAIRFIELD,-122.07882185,38.245701080000003
6560582,2014,2014-08-12,4803,2014-06-24,1914,561,,2,5,5,4803,0,0,0,,0,0CE,"ATLANTIC AV","HEATHER DR",0.00,,Y,A,-,N,,,,,,,,,,N,2,0,1,2,A,-,09,21802,,N,D,G,A,A,H,-,B,D,0,,Y,,,Y,,L,04,1,0,0,0,0,0,1,0,0,"- ","- ",,,SOLANO,FAIRFIELD,-122.04056994,38.276389960000003
6577723,2014,2014-09-02,9365,2014-07-19,1315,017559,,6,1,9,4800,0,1,A,,2,030,"STEIGER HILL RD","GIBSON CANYON RD",2640.00,W,N,A,-,N,,,,,,,,,,Y,2,0,1,1,A,-,01,23152,A,N,E,I,A,A,H,-,A,D,0,,,,,Y,Y,A,01,1,0,0,0,0,0,0,0,0,"- ","- ",38.197150000000001,-122.00415,SOLANO,UNINCORPORATED,-122.00432689,38.397316099999998
6589053,2014,2014-09-09,4806,2014-08-05,1545,652,506,2,5,5,4806,0,0,0,,0,005,"NUT TREE RD","ELMIRA RD",324.00,,N,B,-,N,,,,,,,,,,Y,2,0,1,2,A,-,09,21804,A,N,D,C,A,A,G,-,A,D,0,,,Y,,Y,,A,01,1,0,0,0,0,0,0,0,1,"- ","- ",,,SOLANO,VACAVILLE,-121.95322992,38.35181996
6592412,2014,2016-05-24,9365,2014-08-02,0613,017696,,6,1,6,4807,0,1,3,,2,370,"RT 37","WALNUT AV",40.00,E,N,A,-,Y,SOL,4,37,-,R,7.220,H,-,W,Y,2,0,1,1,A,-,01,23152,A,N,E,I,A,A,H,-,B,D,1,,,,,Y,Y,A,01,1,0,0,0,0,0,0,0,0,"- ","- ",38.117579999999997,-122.28873,SOLANO,VALLEJO,-122.28876859,38.117607640000003
6606252,2014,2014-10-07,4806,2014-07-09,1801,553,707,3,5,5,4806,0,0,0,,0,007,"MARIPOSA AV","AMAPOLA ST",0.00,,Y,A,-,N,,,,,,,,,,Y,1,1,0,1,A,-,01,23152,F,N,E,I,A,A,H,-,A,D,0,,,,,Y,Y,A,01,0,0,0,0,0,0,0,0,0,"- ","- ",,,SOLANO,VACAVILLE,-121.9802,38.334029940000001
6622624,2014,2016-04-30,9365,2014-08-30,1135,018205,,6,1,5,4803,0,1,1,,2,082,"RT 80","FAIRFIELD CITY LIMITS",1190.00,E,N,A,-,Y,SOL,4,80,-,R,10.250,H,-,E,Y,2,0,1,2,A,-,07,21658,A,N,B,C,A,A,H,-,A,D,1,,,,,Y,,A,01,1,0,0,0,0,0,0,0,0,"- ","- ",38.190510000000003,-122.16869,SOLANO,FAIRFIELD,-122.17076336,38.188814569999998
6629828,2014,2016-05-18,9365,2014-09-05,1420,019301,,5,2,9,4800,0,1,1,,2,681,"RT 680","CENTRAL WY",3.00,E,N,A,-,Y,SOL,4,680,-,-,12.796,R,4,N,Y,2,0,1,1,A,-,03,22350,,N,E,I,A,A,H,-,A,D,1,,,Y,,Y,,C,02,1,0,0,0,0,0,0,0,1,"- ","- ",38.212699999999998,-122.13702000000001,SOLANO,UNINCORPORATED,-122.13774941,38.211754259999999
6633806,2014,2016-05-25,9365,2014-09-06,2340,018634,,6,3,9,4800,0,1,3,,2,113,"RT 113","MCCORMACK RD",1087.00,N,N,A,-,Y,SOL,4,113,-,-,1.220,H,-,S,Y,2,0,2,2,A,-,05,21460,A,N,A,C,A,A,H,-,D,D,0,,,,,Y,,A,01,1,1,0,0,0,0,0,0,0,"- ","- ",38.201000000000001,-121.806,SOLANO,UNINCORPORATED,-121.80606236,38.201225620000002
6678090,2015,2016-02-23,4807,2015-06-02,0725,628,4807,2,5,6,4807,0,0,0,,0,008,"SONOMA BL","MEADOWS DR",528.00,N,N,A,-,Y,SOL,4,29,-,-,5.470,H,-,S,Y,1,1,1,2,A,-,03,22350,,N,C,J,A,A,H,-,A,D,0,,,,,Y,Y,-,,0,1,0,0,0,0,0,0,0,"- ","- ",,,SOLANO,VALLEJO,-122.25469320000001,38.149150650000003
6678108,2015,2016-02-22,4807,2015-09-06,2236,628,4807,7,5,6,4807,0,0,0,,0,005,"SONOMA BL","ARKANSAS ST",0.00,,Y,A,-,Y,SOL,4,29,-,-,3.030,H,-,N,Y,1,1,0,2,A,-,11,21950,B,N,G,B,D,A,H,-,C,D,0,Y,,,,Y,Y,N,60,0,0,0,1,0,0,0,0,0,"- ","- ",,,SOLANO,VALLEJO,-122.25467021,38.113057470000001
6678135,2015,2017-04-03,4807,2015-12-01,2111,599,4807,2,5,6,4807,0,0,0,,0,001,"LAKE HERMAN RD","COLUMBUS PKWY",154.00,E,N,A,-,N,,,,,,,,,,Y,1,1,0,1,A,-,01,23152,A,N,E,I,A,A,H,-,C,D,0,,,,,Y,,-,,0,0,0,0,0,0,0,0,0,"- ","- ",,,SOLANO,VALLEJO,-122.19374564,38.115612820000003
6706062,2014,2015-01-08,4806,2014-11-13,0041,655,,4,5,5,4806,0,0,0,,0,,"MARSHALL RD","PADAN SCHOOL RD",151.00,W,N,B,-,N,,,,,,,,,,Y,2,0,1,1,A,-,01,23152,A,N,E,I,A,B,H,-,C,D,0,,,,,Y,Y,A,01,1,0,0,0,0,0,0,0,0,"- ","- ",,,SOLANO,VACAVILLE,-121.98340952,38.342400910000002
6711588,2014,2015-01-09,9365,2014-11-11,0303,017654,,2,3,3,4802,0,1,1,,2,089,"RT 80","DIXON AV",8510.00,W,N,A,-,Y,,,,,,,,,,Y,2,0,1,2,A,-,03,22350,,N,C,C,A,A,H,-,D,D,0,,,,,Y,Y,A,01,1,0,0,0,0,0,0,0,0,"- ","- ",38.430059999999997,-121.87903,SOLANO,DIXON,-121.88015077,38.42950982
6718443,2014,2015-12-18,9365,2014-08-10,0036,19621,,7,3,6,4807,0,1,1,,2,080,"RT 80","CARQUINEZ TOLL PLZ",1690.00,E,N,B,-,Y,SOL,4,80,-,-,0.610,H,-,E,N,1,1,0,5,A,-,11,21954,A,N,G,B,D,A,H,-,D,D,1,Y,,,,Y,Y,N,60,0,0,0,1,0,0,0,0,0,"- ","- ",38.073259999999998,-122.22954,SOLANO,VALLEJO,-122.22696637,38.069731230000002
6718521,2014,2015-02-11,9365,2014-03-26,1655,15441,,3,2,9,4800,0,3,5,,2,040,"PUTAH CREEK RD","BOYCE RD",2112.00,E,N,A,-,N,,,,,,,,,,Y,1,1,0,2,A,-,08,22107,,F,H,G,A,A,H,-,A,D,0,,Y,,,Y,,A,01,0,0,0,0,0,1,0,0,0,"- ","- ",38.52957,-121.93989000000001,SOLANO,UNINCORPORATED,-121.94002058,38.529776259999998
6720522,2014,2014-12-30,4806,2014-10-31,1405,533,,5,5,5,4806,0,0,0,,0,005,"LEISURE TOWN RD","PURPLE MARTIN DR",2028.00,S,N,B,C,N,,,,,,,,,,N,2,0,2,2,A,-,11,21954,A,N,G,B,E,B,H,-,A,D,0,Y,,,,Y,,N,60,1,0,1,0,1,0,0,0,0,"- ","- ",,,SOLANO,VACAVILLE,-121.93407291,38.324872569999997
6755240,2014,2016-02-29,4807,2014-12-09,1817,669,VALLE,2,5,6,4807,0,0,0,,0,005,"ALAMEDA ST","OHIO ST",78.00,S,N,A,-,N,,,,,,,,,,Y,2,0,1,2,A,-,03,22350,,N,G,B,F,A,H,-,C,D,0,Y,,,,Y,,A,,1,0,0,0,1,0,0,0,0,"- ","- ",,,SOLANO,VALLEJO,-122.24855429,38.106734109999998
6764091,2014,2015-02-03,4804,2014-12-04,1735,RV94,4804,4,5,2,4804,0,0,0,,0,002,"MORGAN LN","SIERRA AV",0.00,,Y,B,-,N,,,,,,,,,,N,2,0,1,2,A,-,00,20001,,F,G,B,G,A,H,-,A,A,0,Y,,,,Y,,A,01,1,0,0,0,1,0,0,0,0,"- ","- ",,,SOLANO,"RIO VISTA",-121.69786997,38.159409889999999
6767045,2014,2015-02-03,4807,2014-12-11,1458,558,,4,5,6,4807,0,0,0,,0,004,"SOLANO AV","9TH ST",0.00,,Y,C,-,N,,,,,,,,,,N,2,0,1,2,A,-,10,21950,A,N,B,B,B,B,H,-,C,D,0,Y,,,,Y,Y,-,,1,0,0,0,1,0,0,0,0,"- ","- ",,,SOLANO,VALLEJO,-122.24160997,38.099939990000003
6773706,2014,2015-02-06,9365,2014-12-21,0225,019094,,7,3,5,4803,0,1,1,,2,085,"RT 80","MANUEL CAMPOS PKWY",632.00,S,N,B,C,Y,,,,,,,,,,Y,2,0,1,1,A,-,08,22107,,N,E,I,A,B,H,-,C,D,0,,,,,Y,Y,A,01,1,0,0,0,0,0,0,0,0,"- ","- ",38.453209999999999,-121.96819000000001,SOLANO,FAIRFIELD,-122.03418000000001,38.29524
6774725,2014,2016-05-16,9365,2014-12-28,2028,018346,,7,2,5,4803,0,1,1,,2,083,"RT 680","RT 80",100.00,N,N,A,-,Y,SOL,4,80,-,-,13.140,R,2,W,N,2,0,1,2,A,-,11,21956,,N,G,B,E,A,H,-,C,D,1,Y,,,,Y,,N,60,1,0,0,0,1,0,0,0,0,"- ","- ",38.137270000000001,-122.81095000000001,SOLANO,FAIRFIELD,-122.13387038,38.21962679
6808332,2015,2016-10-25,9365,2015-01-24,1305,014494,,6,1,5,4803,0,1,1,,2,084,"RT 80","WATERMAN BL",1584.00,E,N,B,-,Y,SOL,4,80,-,-,19.490,H,-,W,Y,2,0,3,2,A,-,07,21658,A,N,F,A,A,A,H,-,A,D,1,,,,,Y,,A,07,1,0,2,0,0,0,0,0,0,"- ","- ",38.277749999999997,-122.04603,SOLANO,FAIRFIELD,-122.04669522,38.277145310000002
6813214,2015,2015-02-26,4803,2015-01-23,1406,1542,,5,5,5,4803,0,0,0,,0,0CO,"GREEN VALLEY RD","BUSINESS CENTER DR",27.00,E,N,A,-,N,,,,,,,,,,Y,2,0,1,2,A,-,17,21461,A,N,D,G,A,A,H,-,A,A,0,,Y,,,Y,,L,04,1,0,0,0,0,0,1,0,0,"- ","- ",,,SOLANO,FAIRFIELD,-122.14138269,38.218218219999997
6831894,2015,2016-05-02,9365,2015-02-22,1623,16515,,7,2,9,4800,0,1,A,,2,030,"DIXON AV E","SERPA LN",5280.00,E,N,A,-,N,,,,,,,,,,Y,2,0,1,2,A,-,03,22350,,N,C,C,A,A,H,-,A,D,0,,,Y,,Y,,C,02,1,0,0,0,0,0,0,0,1,"- ","- ",34.445880000000002,-121.88005,SOLANO,UNINCORPORATED,-121.86407984,38.445888369999999
6858847,2015,2015-03-27,9365,2015-03-07,1745,017559,,6,2,9,4800,0,1,A,,2,030,"WEBER RD","FOX RD",1056.00,S,N,A,-,N,,,,,,,,,,Y,2,0,1,1,A,-,01,23152,A,N,F,A,A,A,H,-,A,D,0,,,,,Y,Y,A,01,1,0,0,0,0,0,0,0,0,"- ","- ",38.402169999999998,-121.87514,SOLANO,UNINCORPORATED,-121.87820000000001,38.402360000000002
6864550,2015,2015-04-22,4807,2015-02-28,1118,662,,6,5,6,4807,0,0,0,,0,002,"COLUMBUS PKWY",GEORGIA,21.00,N,N,A,-,N,,,,,,,,,,Y,2,0,3,2,A,-,08,22107,,N,D,C,A,A,H,-,A,A,0,,,,,Y,,A,,2,1,0,0,0,0,0,0,0,"- ","- ",,,SOLANO,VALLEJO,-122.20052344,38.100501280000003
6864603,2015,2015-04-07,4807,2015-03-17,1957,664,4807,2,5,6,4807,0,0,0,,0,007,"WILSON AV","LIGHTHOUSE DR",528.00,N,N,A,-,N,,,,,,,,,,Y,2,0,1,1,A,-,03,22350,,N,E,I,A,A,H,-,C,D,0,,,Y,,Y,,C,,1,0,0,0,0,0,0,0,1,"- ","- ",,,SOLANO,VALLEJO,-122.27530449,38.12033898
6886815,2015,2017-01-05,9365,2015-04-07,0728,014948,,2,1,5,4806,0,1,1,,2,088,"RT 80","GREEN VALLEY RD",448.00,W,N,B,C,Y,SOL,4,80,-,-,12.650,H,-,E,Y,2,0,1,2,A,-,03,22350,,N,A,C,A,B,H,-,A,D,1,,,,Y,Y,,D,22,1,0,0,0,0,0,0,0,0,"- ","- ",38.214570000000002,-122.14062,SOLANO,VACAVILLE,-122.1403153,38.214855999999997
6892568,2015,2015-05-19,9365,2015-04-04,1305,15536,,6,1,9,4800,0,2,4,,2,301,"PLEASANTS VALLEY RD","CANTELOW RD",5398.00,N,N,A,-,N,,,,,,,,,,N,2,0,1,2,A,-,03,22350,,F,C,G,A,A,H,-,A,D,0,,Y,,,Y,,A,01,1,0,0,0,0,0,1,0,0,"- ","- ",38.431550000000001,-122.04994000000001,SOLANO,UNINCORPORATED,-122.05283536,38.437790890000002
6903609,2015,2015-05-28,9365,2015-04-30,1530,016919,,4,2,9,4800,0,1,A,,2,030,"VACA VALLEY RD","BUCKTOWN LN",15.00,W,N,A,-,N,,,,,,,,,,Y,2,0,1,2,A,-,05,21460,C,N,D,C,A,A,H,-,A,D,0,,,Y,,Y,,C,02,1,0,0,0,0,0,0,0,1,"- ","- ",38.380229999999997,-122.02449,SOLANO,UNINCORPORATED,-122.02442234,38.380190509999998
6908717,2015,2015-05-20,4803,2015-03-31,2124,1356,,2,5,5,4803,0,0,0,,0,00E,"EAST TABOR AV","CARDINAL WY",28.00,W,N,A,-,N,,,,,,,,,,N,2,0,1,2,A,-,11,21950,B,N,D,B,D,A,H,-,C,A,0,Y,,,,Y,Y,N,60,1,0,0,0,1,0,0,0,0,"- ","- ",,,SOLANO,FAIRFIELD,-122.02155752,38.265388160000001
6911968,2015,2015-05-14,4806,2015-04-15,0711,603,,3,5,5,4806,0,0,0,,0,,"ELMIRA RD","SHASTA DR",15.00,E,N,A,-,N,,,,,,,,,,N,2,0,1,2,A,-,12,21453,A,N,D,G,A,A,H,-,A,A,0,,Y,,,Y,,L,04,1,0,0,0,0,0,1,0,0,"- ","- ",,,SOLANO,VACAVILLE,-121.97001856,38.35313249
6935591,2015,2016-12-20,9365,2015-05-13,0750,013706,,3,1,5,4806,0,1,1,,2,505,"RT 505","VACA VALLEY RD",3960.00,S,N,A,-,Y,SOL,4,505,-,R,0.510,H,-,S,Y,2,0,5,2,A,-,07,21658,A,N,B,C,A,A,H,-,A,D,1,,,,,Y,,D,22,1,0,4,0,0,0,0,0,0,"- ","- ",38.379939999999998,-121.9532,SOLANO,VACAVILLE,-121.95309899,38.380584390000003