CASE_ID,ACCIDENT_YEAR,PROC_DATE,JURIS,COLLISION_DATE,COLLISION_TIME,OFFICER_ID,REPORTING_DISTRICT,DAY_OF_WEEK,CHP_SHIFT,POPULATION,CNTY_CITY_LOC,SPECIAL_COND,BEAT_TYPE,CHP_BEAT_TYPE,CITY_DIVISION_LAPD,CHP_BEAT_CLASS,BEAT_NUMBER,PRIMARY_RD,SECONDARY_RD,DISTANCE,DIRECTION,INTERSECTION,WEATHER_1,WEATHER_2,STATE_HWY_IND,CALTRANS_COUNTY,CALTRANS_DISTRICT,STATE_ROUTE,ROUTE_SUFFIX,POSTMILE_PREFIX,POSTMILE,LOCATION_TYPE,RAMP_INTERSECTION,SIDE_OF_HWY,TOW_AWAY,COLLISION_SEVERITY,NUMBER_KILLED,NUMBER_INJURED,PARTY_COUNT,PRIMARY_COLL_FACTOR,PCF_CODE_OF_VIOL,PCF_VIOL_CATEGORY,PCF_VIOLATION,PCF_VIOL_SUBSECTION,HIT_AND_RUN,TYPE_OF_COLLISION,MVIW,PED_ACTION,ROAD_SURFACE,ROAD_COND_1,ROAD_COND_2,LIGHTING,CONTROL_DEVICE,CHP_ROAD_TYPE,PEDESTRIAN_ACCIDENT,BICYCLE_ACCIDENT,MOTORCYCLE_ACCIDENT,TRUCK_ACCIDENT,NOT_PRIVATE_PROPERTY,ALCOHOL_INVOLVED,STWD_VEHTYPE_AT_FAULT,CHP_VEHTYPE_AT_FAULT,COUNT_SEVERE_INJ,COUNT_VISIBLE_INJ,COUNT_COMPLAINT_PAIN,COUNT_PED_KILLED,COUNT_PED_INJURED,COUNT_BICYCLIST_KILLED,COUNT_BICYCLIST_INJURED,COUNT_MC_KILLED,COUNT_MC_INJURED,PRIMARY_RAMP,SECONDARY_RAMP,LATITUDE,LONGITUDE,COUNTY,CITY,POINT_X,POINT_Y
6939948,2015,2016-11-30,9365,2015-05-11,1650,15549,,1,2,5,4803,0,1,1,,2,085,"MANUEL CAMPOS PKWY","10TH ST",4.00,W,Y,A,-,Y,SOL,4,80,-,-,20.795,R,1,E,N,2,0,1,2,A,-,12,21453,A,N,D,G,A,A,H,-,A,A,1,,Y,,,Y,,A,07,1,0,0,0,0,0,1,0,0,FR,"- ",38.294649999999997,-122.03333000000001,SOLANO,FAIRFIELD,-122.03398722,38.293054570000002
6942876,2015,2015-06-27,9365,2015-05-19,1840,16431,,2,2,9,4800,0,1,A,,2,030,"HAWKINS RD","FOX RD",30.00,W,N,A,-,N,,,,,,,,,,Y,2,0,1,1,A,-,08,22107,,N,E,I,A,A,H,-,A,D,0,,,,,Y,,A,01,1,0,0,0,0,0,0,0,0,"- ","- ",38.358800000000002,-121.87820000000001,SOLANO,UNINCORPORATED,-121.87821465,38.35883011
6945650,2015,2015-06-22,4803,2015-05-11,1108,1531,4803,1,5,5,4803,0,0,0,,0,00S,"TRAVIS BL","WEBSTER ST",26.00,W,N,A,-,N,,,,,,,,,,Y,2,0,1,1,A,-,01,23152,A,N,E,I,A,A,A,-,A,A,0,,,,,Y,Y,A,01,1,0,0,0,0,0,0,0,0,"- ","- ",,,SOLANO,FAIRFIELD,-122.04748055,38.258198540000002
6953118,2015,2015-06-17,4807,2015-05-16,2151,667,,6,5,6,4807,0,0,0,,0,002,"GRENNAN ST","CAROLINA ST",0.00,,Y,A,-,N,,,,,,,,,,N,2,0,1,2,A,-,12,22450,,F,D,J,A,A,H,-,C,A,0,,,,,Y,,-,,1,0,0,0,0,0,0,0,0,"- ","- ",,,SOLANO,VALLEJO,-122.22734998,38.10346989
6967152,2015,2016-12-13,4803,2015-06-06,2342,1216,,6,5,5,4803,0,0,0,,0,,"RT 12","BECK AV",0.00,,Y,A,-,Y,SOL,4,12,-,R,3.206,I,5,W,Y,2,0,6,2,A,-,01,23152,A,N,-,C,A,A,H,-,C,A,0,,,,,Y,Y,A,01,1,1,4,0,0,0,0,0,0,"- ","- ",,,SOLANO,FAIRFIELD,-122.06637118,38.240417880000003
6973808,2015,2015-07-09,4806,2015-05-10,0949,282,,7,5,5,4806,0,0,0,,0,,"ORANGE DR","ORANGE TREE CIR",0.00,,Y,A,-,N,,,,,,,,,,Y,2,0,1,2,A,-,09,21802,A,N,D,C,A,A,H,-,A,D,0,,,Y,,Y,,A,01,1,0,0,0,0,0,0,0,1,"- ","- ",,,SOLANO,VACAVILLE,-121.95076988,38.37430998
6983188,2015,2015-07-17,9365,2015-06-28,0300,019621,,7,3,9,4800,0,3,5,,2,040,"SWEENEY RD","MERIDIAN RD",50.00,N,N,B,-,N,,,,,,,,,,Y,2,0,2,1,A,-,08,22107,,N,E,I,A,A,H,-,D,D,0,,,,,Y,,D,22,1,1,0,0,0,0,0,0,0,"- ","- ",38.467730000000003,-121.91574,SOLANO,UNINCORPORATED,-121.91578334,38.46771622
6988861,2015,2017-01-11,9365,2015-07-01,0120,018702,,3,3,3,4802,0,1,1,,2,088,"RT 80","WEST A ST",4910.00,W,N,A,-,Y,SOL,4,80,-,-,34.620,H,-,E,Y,2,0,1,2,A,-,01,23152,A,F,C,C,A,A,H,-,C,A,1,,,,,Y,Y,A,01,1,0,0,0,0,0,0,0,0,"- ","- ",38.436239999999998,-121.87103,SOLANO,DIXON,-121.87084874999999,38.43631285
6992379,2015,2016-11-07,9365,2015-06-23,2320,018034,,2,3,4,4801,0,1,1,,2,680,"RT 680","RT 780",2112.00,N,N,A,-,Y,SOL,4,680,-,-,1.320,H,-,S,Y,2,0,3,3,A,-,05,21651,B,N,A,C,A,A,H,-,C,D,1,,,,,Y,,A,07,1,1,1,0,0,0,0,0,0,"- ","- ",38.056100000000001,-122.12983,SOLANO,BENICIA,-122.12987163,38.055393019999997
6994235,2015,2015-07-30,9365,2015-07-13,1745,015441,,1,2,9,4800,0,1,A,,2,030,"HAY RD","MERIDIAN RD",2000.00,E,N,A,-,N,,,,,,,,,,N,2,0,1,1,A,-,03,22350,,N,F,A,A,A,H,-,A,D,0,,,Y,,Y,,C,02,1,0,0,0,0,0,0,0,1,"- ","- ",,,SOLANO,UNINCORPORATED,-121.90844783999999,38.31538089
7016762,2015,2015-08-12,4803,2015-06-13,1154,1568,,6,5,5,4803,0,0,0,,0,00S,"5TH ST","MINNESOTA ST",0.00,,Y,A,-,N,,,,,,,,,,Y,2,0,1,2,A,-,01,23152,A,N,D,C,A,A,H,-,A,A,0,,,,,Y,Y,A,01,1,0,0,0,0,0,0,0,0,"- ","- ",,,SOLANO,FAIRFIELD,-122.06156986000001,38.254349910000002
7053952,2015,2015-09-21,4801,2015-06-21,0208,3834,,7,5,4,4801,0,0,0,,0,002,"MILITARY EAST","EAST 5TH",0.00,,Y,A,-,N,,,,,,,,,,N,2,0,1,2,A,-,00,20001,A,F,G,B,B,A,H,-,C,A,0,Y,,,,Y,Y,A,01,1,0,0,0,1,0,0,0,0,"- ","- ",,,SOLANO,BENICIA,-122.14684997000001,38.050879960000003
7059692,2015,2015-10-13,4807,2015-09-17,2333,680,,4,5,6,4807,0,0,0,,0,004,"MARE ISLAND WY","MAINE ST",348.00,S,N,A,-,N,,,,,,,,,,Y,2,0,1,1,A,-,01,23153,,F,F,I,A,A,H,-,C,A,0,,,,,Y,Y,-,,1,0,0,0,0,0,0,0,0,"- ","- ",,,SOLANO,VALLEJO,-122.26055965,38.098032760000002
7078583,2015,2015-09-25,4803,2015-09-02,1859,1536,4803,3,5,5,4803,0,0,0,,0,COR,"GOLD HILL RD","LOPES RD",12.00,W,N,A,-,N,,,,,,,,,,N,2,0,1,2,A,-,10,21950,A,N,G,B,B,A,H,-,A,D,0,Y,,,,Y,,A,08,1,0,0,0,1,0,0,0,0,"- ","- ",38.167990000000003,-122.12426000000001,SOLANO,FAIRFIELD,-122.13803754,38.181505559999998
7078794,2015,2015-09-25,4803,2015-08-19,1617,1524,,3,5,5,4803,0,0,0,,0,0CE,"NORTH TEXAS ST","AIR BASE PKWY",0.00,,Y,A,-,N,,,,,,,,,,Y,2,0,1,3,A,-,03,22350,,N,C,C,A,A,H,-,A,A,0,,,,,Y,,A,01,1,0,0,0,0,0,0,0,0,"- ","- ",,,SOLANO,FAIRFIELD,-122.03422988,38.273059940000003
7107063,2015,2015-10-28,4803,2015-09-20,1915,1577,,7,5,5,4803,0,0,0,,0,00E,"PHOENIX DR","PHOENIX DR 1400",190.00,N,N,A,-,N,,,,,,,,,,N,2,0,1,2,A,-,03,22350,,F,G,B,E,A,H,-,B,D,0,Y,,,,Y,Y,A,01,1,0,0,0,1,0,0,0,0,"- ","- ",,,SOLANO,FAIRFIELD,,
7110499,2015,2015-11-16,4806,2015-10-10,1109,533,601,6,5,5,4806,0,0,0,,0,,"MASON ST","PEABODY RD",719.00,W,N,A,-,N,,,,,,,,,,N,2,0,1,1,A,-,08,22107,,N,E,I,A,A,H,-,A,D,0,,,Y,,Y,,C,02,1,0,0,0,0,0,0,0,1,"- ","- ",,,SOLANO,VACAVILLE,-121.97850436,38.354525840000001
7140634,2015,2015-12-21,4803,2015-11-22,1823,1576,,7,5,5,4803,0,0,0,,0,00W,"MARTIN RD","HILBORN RD",10560.00,E,N,A,-,N,,,,,,,,,,Y,2,0,1,1,A,-,08,22107,,N,E,I,A,A,H,-,C,D,0,,,Y,,Y,,C,02,1,0,0,0,0,0,0,0,1,"- ","- ",,,SOLANO,FAIRFIELD,-122.05155000000001,38.284370000000003
7152720,2015,2016-01-26,4803,2015-12-25,1147,1600,,5,5,5,4803,0,0,0,,0,00E,"CEMENT HILL RD","CLAY BANK RD E",72.00,E,N,A,-,N,,,,,,,,,,Y,2,0,5,2,A,-,01,23153,A,N,A,C,A,A,-,-,A,D,0,,,,,Y,Y,A,01,1,2,2,0,0,0,0,0,0,"- ","- ",,,SOLANO,FAIRFIELD,-122.00577,38.279380000000003
7199981,2016,2017-04-07,4806,2016-08-15,1906,533,509,1,5,5,4806,0,0,0,,0,,"NUT TREE RD","FAIRVIEW DR",0.00,,Y,A,-,N,,,,,,,,,,Y,1,1,1,2,A,-,01,23153,,N,D,C,A,A,H,-,A,D,0,,,Y,,Y,,C,02,0,1,0,0,0,0,0,1,0,"- ","- ",,,SOLANO,VACAVILLE,-121.95329988,38.33700992
7199984,2016,2017-04-11,4807,2016-09-12,1957,599,VALLE,1,5,6,4807,0,0,0,,0,005,"RT 29","REDWOOD ST",92.00,S,N,A,-,Y,SOL,4,29,-,-,3.710,I,5,S,Y,1,1,0,2,A,-,11,21950,B,N,G,B,B,A,H,-,C,A,0,Y,,,,Y,,N,60,0,0,0,1,0,0,0,0,0,"- ","- ",,,SOLANO,VALLEJO,-122.25538451,38.122935689999998
8011671,2016,2016-04-11,4803,2016-04-02,0918,880,,6,5,5,4803,0,0,0,,0,00E,"VANDEN RD","PEABODY RD",5808.00,E,N,A,-,N,,,,,,,,,,N,2,0,1,2,A,-,08,22107,,N,A,C,A,A,H,-,A,B,0,,,Y,,Y,,A,01,1,0,0,0,0,0,0,0,1,"- ","- ",38.285020000000003,-121.96968,SOLANO,FAIRFIELD,-121.95352916,38.295472930000003
8016409,2016,2017-02-09,4807,2016-02-11,2145,628,4807,4,5,6,4807,0,0,0,,0,006,"SONOMA BL","ARKANSAS ST",0.00,,Y,A,-,Y,SOL,4,29,-,-,3.030,H,-,S,Y,2,0,1,2,A,-,11,21954,A,N,G,B,D,A,H,-,E,D,0,Y,,,,Y,Y,N,60,1,0,0,0,1,0,0,0,0,"- ","- ",,,SOLANO,VALLEJO,-122.25466977000001,38.113088470000001
8026576,2016,2016-04-26,4807,2016-03-22,1054,537,VALLE,2,5,6,4807,0,0,0,,0,001,"COLUMBUS PKWY","ADMIRAL CALLAGHAN LN",18.00,W,N,A,-,N,,,,,,,,,,N,2,0,2,3,A,-,17,21657,,N,A,C,A,A,H,-,A,A,0,,,,,Y,,A,,2,0,0,0,0,0,0,0,0,"- ","- ",,,SOLANO,VALLEJO,-122.21323199,38.137576889999998
8028361,2016,2017-02-18,4803,2016-04-22,0841,1626,SOLAN,5,5,5,4803,0,0,0,,0,00S,"RT 12","WEBSTER ST",100.00,E,N,C,-,Y,SOL,4,12,-,R,4.520,H,-,E,Y,2,0,2,2,A,-,03,22350,,N,D,C,A,B,H,-,A,D,0,,,,,Y,Y,A,01,1,0,1,0,0,0,0,0,0,"- ","- ",38.243180000000002,-122.04322999999999,SOLANO,FAIRFIELD,-122.04266713,38.243236799999998
8067563,2016,2016-07-05,4801,2016-03-27,1021,3915,P24,7,5,4,4801,0,0,0,,0,002,"EAST 5TH ST","EAST L ST",0.00,,Y,A,-,N,,,,,,,,,,N,2,0,1,2,A,-,09,21801,A,N,D,C,A,A,H,-,A,D,0,,,Y,,Y,,A,01,1,0,0,0,0,0,0,0,1,"- ","- ",,,SOLANO,BENICIA,-122.14742995,38.050049880000003
8077137,2016,2016-07-15,4807,2016-04-22,1703,655,VALLE,5,5,6,4807,0,0,0,,0,006,"SACRAMENTO ST","VALLE VISTA AV",79.00,N,N,B,-,N,,,,,,,,,,Y,2,0,1,2,A,-,09,21804,A,N,D,C,A,A,H,-,A,A,0,,,,,Y,,-,,1,0,0,0,0,0,0,0,0,"- ","- ",,,SOLANO,VALLEJO,-122.26018917,38.119666860000002
8086402,2016,2016-07-18,4807,2016-06-30,1822,637,4807,4,5,6,4807,0,0,0,,0,005,"TENNESSEE ST",MENDOCINO,12.00,W,N,A,-,N,,,,,,,,,,Y,2,0,1,2,A,-,01,23152,B,M,B,E,A,A,H,-,A,D,0,,,,,Y,Y,-,,1,0,0,0,0,0,0,0,0,"- ","- ",,,SOLANO,VALLEJO,-122.23307171,38.109690749999999
8087708,2016,2016-07-25,4807,2016-05-05,1236,600,4807,4,5,6,4807,0,0,0,,0,001,"REDWOOD PKWY","SKYLINE DR",0.00,,Y,B,-,N,,,,,,,,,,Y,2,0,2,2,A,-,03,22350,,N,D,D,A,A,H,-,A,A,0,,,,,Y,,A,01,1,1,0,0,0,0,0,0,0,"- ","- ",,,SOLANO,VALLEJO,-122.22312997,38.12235999
8094600,2016,2016-08-02,4805,2016-05-26,1640,5L76,4805,4,5,4,4805,0,0,0,,0,001,"MARINA BL","RAILROAD AV",27.00,S,N,A,-,N,,,,,,,,,,N,2,0,1,2,A,-,03,22350,,F,G,B,F,A,B,H,A,D,0,Y,,,,Y,,A,01,1,0,0,0,1,0,0,0,0,"- ","- ",38.248730000000002,-122.03273,SOLANO,"SUISUN CITY",-122.03264011,38.248677129999997
8110391,2016,2016-08-29,4803,2016-08-20,0155,1531,4803,6,5,5,4803,0,0,0,,0,00S,"TRAVIS BL","2ND ST",627.00,W,N,A,-,N,,,,,,,,,,N,2,0,1,3,A,-,05,21202,A,N,G,G,A,A,H,-,C,A,0,,Y,,,Y,,L,04,1,0,0,0,0,0,1,0,0,"- ","- ",38.258150000000001,-122.05678,SOLANO,FAIRFIELD,-122.05896335,38.257974849999997
8130055,2016,2016-09-27,4803,2016-09-18,1943,1594,,7,5,5,4803,0,0,0,,0,0CE,"EAST TRAVIS BL","SUNSET AV",366.00,W,N,A,-,N,,,,,,,,,,N,2,0,1,2,A,-,11,21950,B,N,G,B,D,A,H,-,D,D,0,Y,,,,Y,,N,60,1,0,0,0,1,0,0,0,0,"- ","- ",38.258180000000003,-122.02001,SOLANO,FAIRFIELD,-122.02125393999999,38.258141129999998
81333092,2020,2020-10-28,4803,2020-10-17,1744,1690,,6,5,5,4803,0,0,0,,0,00E,"PEABODY ROAD","VANDEN ROAD",12.00,S,N,A,-,N,,,,,,,,,,Y,2,0,3,2,A,-,03,22350,,N,C,C,A,A,H,-,A,A,0,,,,,Y,,A,01,1,1,1,0,0,0,0,0,0,"- ","- ",38.286609649658203,-121.96952819824219,SOLANO,FAIRFIELD,-121.96958923339844,38.286827087402344
8134283,2016,2016-10-12,4803,2016-09-15,1515,476,1480,4,5,5,4803,0,0,0,,0,00E,"NIGHTINGALE DR","THRUSH WY",0.00,,Y,A,-,N,,,,,,,,,,Y,2,0,1,2,A,-,03,22350,,N,D,C,A,A,H,-,A,D,0,,,Y,,Y,,C,02,1,0,0,0,0,0,0,0,1,"- ","- ",38.270429999999998,-122.02177,SOLANO,FAIRFIELD,-122.02181992,38.270449960000001
81453710,2021,2021-04-20,4803,2021-04-01,1430,1714,,4,5,5,4803,0,0,0,,0,0CE,"AIR BASE PARKWAY","HEATH DRIVE",652.00,E,N,A,-,N,,,,,,,,,,Y,2,0,1,1,A,-,08,22107,,N,E,I,A,A,H,-,A,D,0,,,,,Y,,A,01,1,0,0,0,0,0,0,0,0,"- ","- ",38.273128509521484,-122.04283905029297,SOLANO,FAIRFIELD,-122.04421997070312,38.272907257080078
81458804,2021,2021-04-27,4803,2021-04-09,1113,1660,,5,5,5,4803,0,0,0,,0,00E,"PEABODY ROAD","VANDEN ROAD",282.00,N,N,A,-,N,,,,,,,,,,Y,1,1,0,2,A,-,08,22100,A,N,D,C,A,A,H,-,A,D,0,,,Y,Y,Y,,F,26,0,0,0,0,0,0,0,1,0,"- ","- ",38.289741516113281,-121.96965789794922,SOLANO,FAIRFIELD,-121.96955871582031,38.287635803222656
8149650,2016,2016-10-25,4805,2016-08-11,1126,5L82,4805,4,5,4,4805,0,0,0,,0,003,"BRANCEFORD CT","ARMSBY WY",89.00,S,N,A,-,N,,,,,,,,,,Y,2,0,2,1,A,-,03,22350,,N,E,I,A,A,H,-,A,D,0,,,Y,,Y,,C,02,2,0,0,0,0,0,0,0,2,"- ","- ",38.242640000000002,-122.0026,SOLANO,"SUISUN CITY",-122.00259395,38.242365790000001
81505269,2021,2021-06-24,4807,2021-01-30,1640,#741,VALLE,6,5,6,4807,0,0,0,,0,005,"FLORIDA ST","SUTTER ST",0.00,,Y,A,-,N,,,,,,,,,,N,2,0,1,2,A,-,12,22450,A,N,D,G,A,A,H,-,A,A,0,,Y,,,Y,,L,04,1,0,0,0,0,0,1,0,0,"- ","- ",38.105030059814453,-122.25321197509766,SOLANO,VALLEJO,-122.25321197509766,38.105026245117188
81505295,2021,2021-06-24,4807,2021-02-07,2022,#717,VALLE,7,5,6,4807,0,0,0,,0,002,"SPRINGS RD","LAIN DR",0.00,,Y,A,-,N,,,,,,,,,,N,2,0,1,2,A,-,11,21954,A,F,G,B,D,A,H,-,C,D,0,Y,,,,Y,,N,60,1,0,0,0,1,0,0,0,0,"- ","- ",38.105998992919922,-122.2152099609375,SOLANO,VALLEJO,-122.21518707275391,38.105991363525391
81505467,2021,2021-06-24,4807,2021-04-12,0037,#714,VALLE,1,5,6,4807,0,0,0,,0,002,"TENNESSEE ST","HUMBOLDT ST",40.00,E,N,A,-,N,,,,,,,,,,Y,2,0,1,1,A,-,01,23152,A,N,E,I,A,A,H,-,C,A,0,,,,,Y,Y,A,07,1,0,0,0,0,0,0,0,0,"- ","- ",38.10955810546875,-122.22833251953125,SOLANO,VALLEJO,-122.22814178466797,38.109649658203125
81506269,2021,2021-06-25,4807,2021-05-23,1639,#676,VALLE,7,5,6,4807,0,0,0,,0,008,"GATEWAY DR","SOUZA WY",0.00,,Y,A,-,N,,,,,,,,,,N,2,0,1,2,A,-,12,22450,A,N,D,C,A,A,H,-,A,A,0,,,Y,,Y,,C,02,1,0,0,0,0,0,0,0,1,"- ","- ",38.144008636474609,-122.22318267822266,SOLANO,VALLEJO,-122.22312927246094,38.143997192382812
81531324,2021,2021-07-29,4807,2021-06-23,1653,#633,VALLE,3,5,6,4807,0,0,0,,0,006,"CAPITOL ST","SONOMA BL",0.00,,Y,A,-,Y,,,,,,,,,,Y,2,0,1,1,A,-,08,22107,,N,E,I,A,A,H,-,A,A,0,,,,,Y,,A,01,1,0,0,0,0,0,0,0,0,"- ","- ",38.103080749511719,-122.25489807128906,SOLANO,VALLEJO,-122.25489044189453,38.103057861328125
81550731,2021,2021-08-23,4807,2021-07-06,0918,#731,VALLE,2,5,6,4807,0,0,0,,0,006,"MARE ISLAND WAY","MAINE STREET",434.00,S,N,A,-,N,,,,,,,,,,Y,2,0,1,1,A,-,08,22107,,F,E,I,A,A,H,-,A,D,0,,,,,Y,,A,01,1,0,0,0,0,0,0,0,0,"- ","- ",,,SOLANO,VALLEJO,-122.26033020019531,38.097881317138672
81552198,2021,2021-08-24,4803,2021-08-19,2250,1728,,4,5,5,4803,0,0,0,,0,00E,"AIR BASE PARKWAY","CLAY BANK ROAD",0.00,,Y,A,-,N,,,,,,,,,,Y,2,0,2,2,A,-,01,23152,A,N,D,C,A,A,H,-,C,A,0,,,,,Y,Y,A,07,1,0,1,0,0,0,0,0,0,"- ","- ",38.272579193115234,-122.00639343261719,SOLANO,FAIRFIELD,-122.006591796875,38.271816253662109
81568028,2021,2021-09-13,4807,2021-07-13,1658,#736,VALLE,2,5,6,4807,0,0,0,,0,006,"NEBRASKA ST","MARIN ST",0.00,,Y,A,-,N,,,,,,,,,,Y,2,0,1,2,A,-,12,22450,A,F,D,C,A,A,H,-,A,C,0,,,,,Y,,A,01,1,0,0,0,0,0,0,0,0,"- ","- ",38.113918304443359,-122.25639343261719,SOLANO,VALLEJO,-122.25634765625,38.113929748535156
81579539,2021,2021-09-27,4807,2021-07-11,2341,#736,VALLE,7,5,6,4807,0,0,0,,0,005,"SONOMA BL","LOUISIANA ST",0.00,,Y,A,-,Y,,,29,,,,,,,Y,2,0,1,3,D,-,00,,,F,D,E,A,A,H,-,C,B,0,,,,,Y,,-,"- ",1,0,0,0,0,0,0,0,0,"- ","- ",38.108020782470703,-122.25482177734375,SOLANO,VALLEJO,-122.25481414794922,38.108020782470703
81583330,2021,2021-09-30,4807,2021-08-07,1610,#748,VALLE,6,5,6,4807,0,0,0,,0,001,"ASCOT PKWY","COLUMBUS PKWY",0.00,,Y,A,-,N,,,,,,,,,,Y,2,0,3,4,A,-,12,21453,A,N,D,C,A,A,H,-,A,A,0,,,,,Y,Y,A,01,1,0,2,0,0,0,0,0,0,"- ","- ",38.137088775634766,-122.20796203613281,SOLANO,VALLEJO,-122.19794464111328,38.112766265869141
81603446,2021,2021-10-22,4807,2021-04-02,1736,#705,VALLE,5,5,6,4807,0,0,0,,0,007,"ENTERPRISE ST","SONOMA BLVD",1082.00,W,N,A,-,N,,,,,,,,,,Y,1,1,0,2,A,-,05,21460,A,N,D,C,A,A,H,-,A,D,0,,,Y,,Y,,C,02,0,0,0,0,0,0,0,1,0,"- ","- ",,,SOLANO,VALLEJO,-122.25636291503906,38.136989593505859
81625334,2021,2021-11-16,4803,2021-11-11,1730,1725,,4,5,5,4803,0,0,0,,0,0CE,"CEMENT HILL ROAD","CAMROSE AVENUE",22.00,E,N,A,-,N,,,,,,,,,,N,2,0,1,2,A,-,03,22350,,F,D,G,A,A,H,-,B,D,0,,Y,,,Y,,A,01,1,0,0,0,0,0,1,0,0,"- ","- ",38.278190612792969,-122.02919006347656,SOLANO,FAIRFIELD,-122.02902984619141,38.278251647949219
81630094,2021,2021-11-19,4807,2021-10-13,2033,#747,VALLE,3,5,6,4807,0,0,0,,0,004,"CURTOLA PKWY","SOLANO AV",1029.00,E,N,A,-,N,,,,,,,,,,Y,2,0,1,1,A,-,03,22350,,F,E,I,A,A,H,-,C,D,0,,,,,Y,,A,01,1,0,0,0,0,0,0,0,0,"- ","- ",38.096889495849609,-122.24693298339844,SOLANO,VALLEJO,-122.244140625,38.095359802246094
81631030,2021,2021-11-22,4807,2021-10-19,0046,#748,VALLE,2,5,6,4807,0,0,0,,0,005,"TENNESSEE ST","SUTTER ST",106.00,E,N,A,-,N,,,,,,,,,,N,2,0,1,2,A,-,11,21955,,N,G,B,D,A,H,-,C,D,0,Y,,,,Y,,N,60,1,0,0,0,1,0,0,0,0,"- ","- ",38.109958648681641,-122.25305938720703,SOLANO,VALLEJO,-122.25270080566406,38.109958648681641
81665965,2021,2021-12-30,4803,2021-12-03,0450,1660,,5,5,5,4803,0,0,0,,0,0CE,"NORTH TEXAS STREET","ACACIA STREET",444.00,S,N,A,-,N,,,,,,,,,,Y,2,0,1,2,A,-,07,21658,A,N,D,G,A,A,H,-,C,D,0,,Y,,,Y,,L,04,1,0,0,0,0,0,1,0,0,"- ","- ",38.264228820800781,-122.03408050537109,SOLANO,FAIRFIELD,-122.03421783447266,38.263019561767578
8166649,2016,2018-09-27,4807,2016-01-04,1823,628,4807,1,5,6,4807,0,0,0,,0,002,"SPRINGS RD","TREGASKIS AV",0.00,,Y,A,-,N,,,,,,,,,,N,1,1,0,3,A,-,10,21950,A,F,G,B,B,A,H,-,C,D,0,Y,,,,Y,,-,,0,0,0,1,0,0,0,0,0,"- ","- ",,,SOLANO,VALLEJO,-122.22280997999999,38.106049929999998
8166898,2016,2017-04-19,4807,2016-12-16,0631,600,4807,5,5,6,4807,0,0,0,,0,005,"TENNESSEE ST","GLENN ST",0.00,,Y,A,-,N,,,,,,,,,,Y,1,1,0,2,A,-,10,21950,A,N,G,B,B,A,H,-,C,D,0,Y,,,,Y,,A,08,0,0,0,1,0,0,0,0,0,"- ","- ",,,SOLANO,VALLEJO,-122.24230992,38.109819989999998
8167061,2018,2018-03-20,4807,2018-01-04,1719,628,,4,5,6,4807,0,0,0,,0,004,"SONOMA BL","CHERRY ST",143.00,N,N,B,-,Y,SOL,4,29,-,-,0.810,H,-,N,N,1,1,2,4,D,-,00,,,N,A,-,A,A,B,-,C,A,0,,,,,Y,,-,"- ",0,2,0,0,0,0,0,0,0,"- ","- ",,,SOLANO,VALLEJO,-122.24150848388672,38.085643768310547
8167138,2017,2019-04-08,4806,2017-07-31,1757,603,,1,5,5,4806,0,0,0,,0,,"NUT TREE RD","MARSHALL RD",0.00,,Y,A,-,N,,,,,,,,,,Y,1,1,1,2,A,-,01,23152,B,N,D,C,A,A,H,-,A,A,0,,,,,Y,Y,A,07,0,0,1,0,0,0,0,0,0,"- ","- ",,,SOLANO,VACAVILLE,-121.95321994,38.346269939999999
81671602,2021,2022-01-06,4803,2021-12-14,1716,1660,,2,5,5,4803,0,0,0,,0,0CE,"FAIRFIELD AVENUE","TABOR AVENUE",0.00,,Y,A,-,N,,,,,,,,,,Y,2,0,3,4,A,-,01,23152,A,N,G,B,B,A,H,-,C,D,0,Y,,,,Y,Y,A,07,1,1,1,0,3,0,0,0,0,"- ","- ",38.265430450439453,-122.04518127441406,SOLANO,FAIRFIELD,-122.04521179199219,38.265506744384766
8167255,2018,2018-08-17,4807,2018-04-20,2353,600,4807,5,5,6,4807,0,0,0,,0,007,"SONOMA BL","LEWIS BROWN RD",432.00,S,N,A,-,Y,SOL,4,29,-,-,4.650,H,-,S,Y,1,1,2,3,A,-,11,21954,A,N,G,B,D,A,H,-,C,D,0,Y,,,,Y,,N,60,1,1,0,1,1,0,0,0,0,"- ","- ",,,SOLANO,VALLEJO,-122.256153,38.136459000000002
8167574,2018,2020-05-22,4807,2018-01-10,1604,600,4807,3,5,6,4807,0,0,0,,0,001,"COLUMBUS PKWY","N ASCOT PKY",0.00,,Y,B,-,N,,,,,,,,,,Y,1,1,0,2,A,-,12,21453,A,N,D,C,A,A,H,-,A,A,0,,,Y,,Y,,C,02,0,0,0,0,0,0,0,1,0,"- ","- ",,,SOLANO,VALLEJO,-122.19793701171875,38.112770080566406
8167577,2018,2020-05-22,4807,2018-01-26,2046,600,4807,5,5,6,4807,0,0,0,,0,008,"SONOMA BL","LEWIS BROWN RD",272.00,N,N,A,-,Y,SOL,4,29,-,-,4.780,H,-,N,N,1,1,0,2,A,-,11,21954,A,F,G,B,D,B,H,-,C,D,0,Y,,,,Y,,N,60,0,0,0,1,0,0,0,0,0,"- ","- ",,,SOLANO,VALLEJO,-122.25585174560547,38.140781402587891
8170183,2016,2016-11-17,4807,2016-10-27,0628,659,VALLE,4,5,6,4807,0,0,0,,0,006,"GEORGIA ST","SONOMA BL",0.00,,Y,A,-,N,,,,,,,,,,Y,2,0,1,2,A,-,09,21801,A,N,A,C,A,A,H,-,A,A,0,,,,,Y,,-,,1,0,0,0,0,0,0,0,0,"- ","- ",,,SOLANO,VALLEJO,-122.25494994,38.101079910000003
81702946,2021,2022-02-17,4807,2021-10-06,0508,#705,VALLE,3,5,6,4807,0,0,0,,0,008,"SONOMA BL","MINI DR",12.00,N,N,A,-,Y,,,29,,,,,,,Y,2,0,1,2,A,-,00,21456,1,N,G,B,B,A,H,-,C,A,0,Y,,,,Y,,N,60,1,0,0,0,1,0,0,0,0,"- ","- ",38.153770446777344,-122.25372314453125,SOLANO,VALLEJO,-122.25375366210938,38.153774261474609