CASE_ID,ACCIDENT_YEAR,PROC_DATE,JURIS,COLLISION_DATE,COLLISION_TIME,OFFICER_ID,REPORTING_DISTRICT,DAY_OF_WEEK,CHP_SHIFT,POPULATION,CNTY_CITY_LOC,SPECIAL_COND,BEAT_TYPE,CHP_BEAT_TYPE,CITY_DIVISION_LAPD,CHP_BEAT_CLASS,BEAT_NUMBER,PRIMARY_RD,SECONDARY_RD,DISTANCE,DIRECTION,INTERSECTION,WEATHER_1,WEATHER_2,STATE_HWY_IND,CALTRANS_COUNTY,CALTRANS_DISTRICT,STATE_ROUTE,ROUTE_SUFFIX,POSTMILE_PREFIX,POSTMILE,LOCATION_TYPE,RAMP_INTERSECTION,SIDE_OF_HWY,TOW_AWAY,COLLISION_SEVERITY,NUMBER_KILLED,NUMBER_INJURED,PARTY_COUNT,PRIMARY_COLL_FACTOR,PCF_CODE_OF_VIOL,PCF_VIOL_CATEGORY,PCF_VIOLATION,PCF_VIOL_SUBSECTION,HIT_AND_RUN,TYPE_OF_COLLISION,MVIW,PED_ACTION,ROAD_SURFACE,ROAD_COND_1,ROAD_COND_2,LIGHTING,CONTROL_DEVICE,CHP_ROAD_TYPE,PEDESTRIAN_ACCIDENT,BICYCLE_ACCIDENT,MOTORCYCLE_ACCIDENT,TRUCK_ACCIDENT,NOT_PRIVATE_PROPERTY,ALCOHOL_INVOLVED,STWD_VEHTYPE_AT_FAULT,CHP_VEHTYPE_AT_FAULT,COUNT_SEVERE_INJ,COUNT_VISIBLE_INJ,COUNT_COMPLAINT_PAIN,COUNT_PED_KILLED,COUNT_PED_INJURED,COUNT_BICYCLIST_KILLED,COUNT_BICYCLIST_INJURED,COUNT_MC_KILLED,COUNT_MC_INJURED,PRIMARY_RAMP,SECONDARY_RAMP,LATITUDE,LONGITUDE,COUNTY,CITY,POINT_X,POINT_Y
81719353,2021,2022-03-10,4807,2021-07-20,0515,#635,VALLE,2,5,6,4807,0,0,0,,0,007,"SONOMA BL","LEWIS BROWN DR",110.00,S,N,A,-,Y,,,29,,,,,,,Y,1,1,0,2,A,-,11,21956,,N,G,B,D,A,H,-,C,A,0,Y,,,,Y,,N,60,0,0,0,1,0,0,0,0,0,"- ","- ",38.137428283691406,-122.25627136230469,SOLANO,VALLEJO,-122.25621032714844,38.137428283691406
81719358,2022,2022-03-10,4807,2022-02-06,2152,#739,VALLE,7,5,6,4807,0,0,0,,0,007,"BROADWAY ST","LEWIS BROWN DR",0.00,,Y,A,-,N,,,,,,,,,,Y,2,0,2,2,A,-,01,23152,A,N,D,C,A,A,H,-,C,A,0,,,,Y,Y,,F,21,2,0,0,0,0,0,0,0,0,"- ","- ",38.141109466552734,-122.25231170654297,SOLANO,VALLEJO,-122.25231170654297,38.141029357910156
81733371,2022,2022-03-25,4803,2022-03-18,0623,1663,,5,5,5,4803,0,0,0,,0,0CE,"NORTH TEXAS STREET","ALASKA AVENUE",360.00,S,N,A,-,N,,,,,,,,,,Y,1,1,0,2,A,-,11,21955,,N,G,B,D,A,H,-,C,D,0,Y,,,,Y,,N,60,0,0,0,1,0,0,0,0,0,"- ","- ",38.271411895751953,-122.0341796875,SOLANO,FAIRFIELD,-122.03416442871094,38.270450592041016
81741752,2022,2022-04-06,4803,2022-04-01,0102,1660,4803,5,5,5,4803,0,0,0,,0,0CE,"CARPENTER STREET","WASHINGTON STREET",148.00,E,N,A,-,N,,,,,,,,,,Y,2,0,1,1,A,-,01,23152,A,N,E,I,A,A,H,-,D,D,0,,,,,Y,Y,A,01,1,0,0,0,0,0,0,0,0,"- ","- ",38.253608703613281,-122.03897857666016,SOLANO,FAIRFIELD,-122.03859710693359,38.253578186035156
81758297,2022,2022-04-28,4803,2022-04-23,2245,1655,,6,5,5,4803,0,0,0,,0,0CO,"RED TOP ROAD","LOPES ROAD",560.00,W,N,A,-,N,,,,,,,,,,Y,2,0,1,1,A,-,01,23152,A,N,E,I,A,A,H,-,C,D,0,,,,,Y,Y,A,01,1,0,0,0,0,0,0,0,0,"- ","- ",38.197101593017578,-122.14128875732422,SOLANO,FAIRFIELD,-122.14311218261719,38.197250366210938
81788259,2022,2022-06-06,4803,2022-06-01,2121,1697,,3,5,5,4803,0,0,0,,0,00S,"RT 12","BECK AVENUE",0.00,,Y,A,-,N,,,,,,,,,,N,2,0,3,2,A,-,12,21453,A,N,D,C,A,A,H,-,C,A,0,,,,,Y,,A,01,1,1,1,0,0,0,0,0,0,"- ","- ",38.240341186523438,-122.06636047363281,SOLANO,FAIRFIELD,-122.06631469726562,38.240440368652344
81788599,2022,2022-06-06,4807,2022-04-10,1820,#752,VALLE,7,5,6,4807,0,0,0,,0,005,"REDWOOD ST","TUOLUMNE ST",0.00,,Y,A,-,N,,,,,,,,,,Y,2,0,2,2,A,-,12,21453,A,N,D,C,A,A,H,-,A,A,0,,,,,Y,,A,07,1,0,1,0,0,0,0,0,0,"- ","- ",38.122268676757812,-122.23774719238281,SOLANO,VALLEJO,-122.23777008056641,38.122318267822266
81801389,2022,2022-06-23,4803,2022-06-17,2320,1735,COR,5,5,5,4803,0,0,0,,0,0CO,"PITTMAN ROAD","CENTRAL WAY",212.00,S,N,A,-,N,,,,,,,,,,N,2,0,1,2,A,-,11,21954,A,N,G,B,D,A,H,-,C,D,0,Y,,,,Y,Y,N,60,1,0,0,0,1,0,0,0,0,"- ","- ",38.220809936523438,-122.12712097167969,SOLANO,FAIRFIELD,-122.12709045410156,38.220302581787109
81805447,2022,2022-06-29,4803,2022-06-20,1423,1663,,1,5,5,4803,0,0,0,,0,00E,"VANDEN ROAD","CANON ROAD",3186.00,N,N,A,-,N,,,,,,,,,,Y,1,1,0,2,A,-,05,21650,,N,D,C,A,A,G,-,A,D,0,,,,,Y,,A,01,0,0,0,0,0,0,0,0,0,"- ","- ",38.3018798828125,-121.94914245605469,SOLANO,FAIRFIELD,-121.94452667236328,38.309951782226562
81806604,2022,2022-06-30,4807,2022-04-30,1143,#713,VALLE,6,5,6,4807,0,0,0,,0,007,"SONOMA BL","SERENO DR",555.00,S,N,A,-,Y,SOL,,29,,,4.032,H,,R,Y,2,0,1,2,A,-,06,21755,,N,D,C,A,A,H,-,A,D,0,,,Y,Y,Y,,C,02,1,0,0,0,0,0,0,0,1,"- ","- ",38.127590179443359,-122.25570678710938,SOLANO,VALLEJO,-122.2554931640625,38.127601623535156
81811831,2022,2022-07-07,4807,2022-06-03,1338,#744,,5,5,6,4807,0,0,0,,0,005,"MONTEREY ST","FLORIDA ST",20.00,S,N,A,-,N,,,,,,,,,,N,2,0,2,2,A,-,12,22450,A,N,D,C,A,A,H,-,A,A,0,,,,,Y,,A,01,1,0,1,0,0,0,0,0,0,"- ","- ",38.104949951171875,-122.24652862548828,SOLANO,VALLEJO,-122.24649047851562,38.104866027832031
81818479,2022,2022-07-18,4803,2022-07-08,1637,1594,,5,5,5,4803,0,0,0,,0,008,"WALTERS ROAD","WALTERS COURT",0.00,,Y,A,-,N,,,,,,,,,,Y,1,1,0,2,A,-,09,21802,A,N,D,C,A,A,H,-,A,A,0,,,,,Y,,A,01,0,0,0,0,0,0,0,0,0,"- ","- ",38.269668579101562,-121.98796081542969,SOLANO,FAIRFIELD,-121.98802947998047,38.26983642578125
81844803,2022,2022-08-22,4807,2022-06-18,1742,#747,VALLE,6,5,6,4807,0,0,0,,0,002,"SPRINGS RD","HILTON AV",44.00,E,N,A,-,N,,,,,,,,,,N,2,0,1,2,A,-,09,21801,A,N,D,C,A,A,H,-,A,D,0,,,Y,Y,Y,,F,26,1,0,0,0,0,0,0,0,1,"- ","- ",38.106121063232422,-122.22647094726562,SOLANO,VALLEJO,-122.22629547119141,38.106086730957031
81844953,2022,2022-08-22,4807,2022-07-03,2158,#759,VALLE,7,5,6,4807,0,0,0,,0,007,"LEWIS BROWN DR","B W WILLIAMS DR (N)",0.00,,Y,A,-,N,,,,,,,,,,N,2,0,1,2,A,-,08,22107,,F,G,B,E,A,H,-,C,A,0,Y,,,,Y,,A,01,1,0,0,0,1,0,0,0,0,"- ","- ",38.141941070556641,-122.24990081787109,SOLANO,VALLEJO,-122.24982452392578,38.141929626464844
81850249,2022,2022-08-26,4803,2022-07-29,2138,1751,4803,5,5,5,4803,0,0,0,,0,001,"GOLD HILL ROAD","SR 680 SB ONRAMP",0.00,,Y,A,-,N,,,,,,,,,,N,2,0,1,2,A,-,08,22107,,N,A,C,A,A,H,-,C,D,0,,,,,Y,,A,01,1,0,0,0,0,0,0,0,0,"- ","- ",38.18341064453125,-122.13580322265625,SOLANO,FAIRFIELD,-122.13442230224609,38.182735443115234
81863776,2022,2022-09-14,4803,2022-08-30,1305,1749,,2,5,5,4803,0,0,0,,0,,"PEABODY ROAD","CHUCK HAMMOND DRIVE",796.00,S,N,A,-,N,,,,,,,,,,Y,2,0,1,1,A,-,03,22350,,N,E,I,A,A,H,-,A,A,0,,,,,Y,,A,01,1,0,0,0,0,0,0,0,0,"- ","- ",38.307098388671875,-121.97061157226562,SOLANO,FAIRFIELD,-121.96993255615234,38.301967620849609
81872603,2022,2022-09-26,4807,2022-07-07,1836,#761,VALLE,4,5,6,4807,0,0,0,,0,007,"BROADWAY ST","ASH ST",54.00,N,N,A,-,N,,,,,,,,,,N,2,0,1,2,A,-,11,21954,A,N,G,B,E,A,H,-,A,A,0,Y,,,,Y,Y,N,60,1,0,0,0,1,0,0,0,0,"- ","- ",38.1339111328125,-122.25237274169922,SOLANO,VALLEJO,-122.25234985351562,38.134017944335938
81888918,2022,2022-10-13,4803,2022-09-16,1940,1283,"N. SO",5,5,5,4803,0,0,0,,0,004,"ALLEN WITT","WEST TEXAS ST",300.00,S,N,A,-,N,,,,,,,,,,Y,2,0,1,2,A,-,01,23152,A,N,A,C,A,A,H,-,B,D,0,,,,,Y,,A,01,1,0,0,0,0,0,0,0,0,"- ","- ",,,SOLANO,FAIRFIELD,,
81890834,2022,2022-10-17,4803,2022-10-03,0551,1731,,1,5,5,4803,0,0,0,,0,003,"OLIVER ROAD","ROCKVILLE ROAD",66.00,N,N,A,-,N,,,,,,,,,,N,2,0,1,2,A,-,11,21954,A,N,G,B,D,A,H,-,C,A,0,Y,,,,Y,Y,N,60,1,0,0,0,1,0,0,0,0,"- ","- ",38.249691009521484,-122.07047271728516,SOLANO,FAIRFIELD,-122.07035827636719,38.249973297119141
8189169,2016,2016-12-15,4805,2016-11-05,2238,5L72,4805,6,5,4,4805,0,0,0,,0,001,"RAILROAD AV","VILLAGE DR",150.00,E,N,A,-,N,,,,,,,,,,Y,2,0,2,1,A,-,01,23152,A,N,E,I,A,A,H,-,C,D,0,,,,,Y,Y,A,01,2,0,0,0,0,0,0,0,0,"- ","- ",38.253500000000003,-122.02558000000001,SOLANO,"SUISUN CITY",-122.02515052,38.253663320000001
81894900,2022,2022-10-20,4807,2022-07-12,1732,#754,VALLE,2,5,6,4807,0,0,0,,0,003,"ADIT CT","LA CANYADA DR",5.00,W,N,A,-,N,,,,,,,,,,N,1,1,0,2,A,-,10,21950,C,N,G,B,B,A,H,-,A,D,0,Y,,,,Y,,I,11,0,0,0,1,0,0,0,0,0,"- ","- ",38.082679748535156,-122.22897338867188,SOLANO,VALLEJO,-122.22889709472656,38.082622528076172
81899334,2022,2022-10-26,4803,2022-10-17,1423,1584,SOLAN,1,5,5,4803,0,0,0,,0,008,"CLAY BANK ROAD","MEADOWLARK DRIVE",0.00,,Y,A,-,N,,,,,,,,,,N,2,0,1,2,A,-,09,21801,A,N,D,C,A,A,H,-,A,D,0,,,Y,,Y,,D,22,1,0,0,0,0,0,0,0,1,"- ","- ",38.267021179199219,-122.00721740722656,SOLANO,FAIRFIELD,-122.00724029541016,38.267063140869141
81907164,2022,2022-11-02,4803,2022-08-29,2127,1765,,1,5,5,4803,0,0,0,,0,006,"POLK STREET","EAST BELL AVENUE",46.00,N,N,A,-,N,,,,,,,,,,Y,2,0,1,4,A,-,01,23152,A,F,G,B,F,A,H,-,C,D,0,Y,,,,Y,Y,A,01,1,0,0,0,1,0,0,0,0,"- ","- ",38.255008697509766,-122.03318786621094,SOLANO,FAIRFIELD,-122.03316497802734,38.255035400390625
81924993,2022,2022-11-23,4807,2022-10-15,2000,#693,VALLE,6,5,6,4807,0,0,0,,0,001,"REDWOOD PKWY","FOOTHILL DR",285.00,W,N,A,-,N,,,,,,,,,,N,2,0,1,1,A,-,03,22350,,N,H,A,A,A,H,-,C,D,0,,Y,,,Y,,L,04,1,0,0,0,0,0,1,0,0,"- ","- ",38.12255859375,-122.21881103515625,SOLANO,VALLEJO,-122.21968841552734,38.122356414794922
81933526,2022,2022-12-05,4807,2022-11-01,0118,#705,VALLE,2,5,6,4807,0,0,0,,0,005,"SONOMA BL","COUCH ST",33.00,N,N,A,-,Y,SOL,,29,,,3.155,H,,R,Y,1,1,0,1,A,-,08,22107,,N,E,I,A,A,H,-,C,D,0,,,,,Y,,A,01,0,0,0,0,0,0,0,0,0,"- ","- ",38.114940643310547,-122.25434875488281,SOLANO,VALLEJO,-122.25434112548828,38.114940643310547
81958143,2022,2023-01-03,4807,2022-11-25,1254,#762,VALLE,5,5,6,4807,0,0,0,,0,004,"CURTOLA PKWY","SOLANO AV",0.00,,Y,A,-,N,,,,,,,,,,Y,2,0,3,4,A,-,12,21453,A,N,D,C,A,A,H,-,A,A,0,,,,,Y,,A,01,2,0,1,0,0,0,0,0,0,"- ","- ",38.096889495849609,-122.24693298339844,SOLANO,VALLEJO,-122.24687957763672,38.096965789794922
81980513,2023,2023-01-27,4805,2023-01-13,1214,CAN01,2,5,5,4,4805,0,0,0,,0,001,"SUNSET AVE","MERGANSER DR",568.00,S,-,C,-,N,,,,,,,,,,N,2,0,3,3,A,-,12,21453,A,N,D,C,A,B,H,-,A,A,0,,,,,Y,,A,01,1,2,0,0,0,0,0,0,0,"- ","- ",38.2435302734375,-122.02037048339844,SOLANO,"SUISUN CITY",-122.02043914794922,38.245059967041016
81989182,2022,2023-02-08,4803,2022-12-24,2115,1584,SOLAN,6,5,5,4803,0,0,0,,0,008,"EAST TABOR AVENUE","RAILROAD AVENUE",0.00,,Y,A,-,N,,,,,,,,,,Y,1,1,2,2,A,-,01,23152,A,N,D,C,A,A,H,-,C,A,0,,,,,Y,Y,A,07,1,0,1,0,0,0,0,0,0,"- ","- ",38.264980316162109,-122.00446319580078,SOLANO,FAIRFIELD,-122.00466156005859,38.265029907226562
81992144,2023,2023-02-13,4803,2023-02-05,2021,1663,,7,5,5,4803,0,0,0,,0,008,"CEMENT HILL ROAD","PEPPERTREE DRIVE (W)",0.00,,Y,A,-,N,,,,,,,,,,Y,2,0,1,2,A,-,12,22450,A,N,A,C,A,A,H,-,C,A,0,,,Y,,Y,,C,02,1,0,0,0,0,0,0,0,1,"- ","- ",38.279911041259766,-122.01608276367188,SOLANO,FAIRFIELD,-122.0159912109375,38.279808044433594
8206014,2017,2017-01-18,4803,2017-01-02,1042,476,,1,5,5,4803,0,0,0,,0,00S,"5TH ST","IDAHO ST",54.00,N,N,B,C,N,,,,,,,,,,N,2,0,1,2,A,-,00,23103,A,F,A,E,A,B,H,-,A,D,0,,,,,Y,,A,01,1,0,0,0,0,0,0,0,0,"- ","- ",38.250950000000003,-122.06055000000001,SOLANO,FAIRFIELD,-122.06075,38.251228330000004
82072399,2023,2023-05-19,4803,2023-05-15,1433,1769,,1,5,5,4803,0,0,0,,0,004,"FIFTH STREET","NEW HAMPSHIRE STREET",24.00,S,N,A,-,N,,,,,,,,,,N,2,0,1,1,A,-,03,22350,,N,H,A,A,A,H,-,A,D,0,,,Y,,Y,,C,02,1,0,0,0,0,0,0,0,1,"- ","- ",38.256328582763672,-122.06156158447266,SOLANO,FAIRFIELD,-122.06179046630859,38.256202697753906
82076989,2022,2023-05-29,4807,2022-11-29,1850,#635,VALLE,2,5,6,4807,0,0,0,,0,007,"SONOMA BL","YOLANO DR",495.00,S,N,A,-,Y,SOL,,29,,,4.365,H,,R,Y,1,1,0,2,A,-,11,21956,,N,G,B,E,A,H,-,C,D,0,Y,,,,Y,,N,60,0,0,0,1,0,0,0,0,0,"- ","- ",38.132419586181641,-122.25614929199219,SOLANO,VALLEJO,-122.25591278076172,38.132434844970703
82085102,2023,2023-06-05,4807,2023-04-11,1157,#764,VALLE,2,5,6,4807,0,0,0,,0,004,"CURTOLA PKWY","SONOMA BL",170.00,W,N,A,-,N,,,,,,,,,,Y,2,0,1,3,C,-,18,,,N,B,C,A,A,H,-,A,A,0,,Y,,Y,Y,,-,"- ",1,0,0,0,0,0,0,0,0,"- ","- ",38.097099304199219,-122.25504302978516,SOLANO,VALLEJO,-122.25566101074219,38.097087860107422
82120841,2023,2023-07-19,4805,2023-07-12,"750 ",CON01,2,3,5,4,4805,0,0,0,,0,001,"HWY 12","MARINA BLVD",0.00,,Y,A,-,Y,SOL,,12," ",R,5.149,H,,R,Y,2,0,1,2,A,-,03,22350,,N,G,B,E,A,H,-,A,A,0,Y,,,,Y,,A,01,1,0,0,0,1,0,0,0,0,"- ","- ",38.244480133056641,-122.03156280517578,SOLANO,"SUISUN CITY",-122.03156280517578,38.244476318359375
82123736,2023,2023-07-24,4807,2023-04-22,"24  ",#760,VALLE,6,5,6,4807,0,0,0,,0,003,"GLEN COVE PKWY","WELLFLEET DR",26.00,S,N,A,-,N,,,,,,,,,,Y,2,0,2,1,A,-,08,22107,,N,E,I,A,A,H,-,C,D,0,,,,,Y,,A,01,2,0,0,0,0,0,0,0,0,"- ","- ",38.079929351806641,-122.21147155761719,SOLANO,VALLEJO,-122.21144104003906,38.079898834228516
82127054,2023,2023-07-27,4803,2023-07-05,2316,1757,SOLAN,3,5,5,4803,0,0,0,,0,005,"AIR BASE PARKWAY EB ONRAMP","AIR BASE PARKWAY (E)",780.00,E,N,A,-,N,,,,,,,,,,N,2,0,1,2,A,-,03,22350,,N,C,C,A,A,H,-,C,D,0,,,,,Y,,A,01,1,0,0,0,0,0,0,0,0,"- ","- ",38.272800445556641,-122.02336120605469,SOLANO,FAIRFIELD,,
82147875,2023,2023-08-21,4803,2023-08-12,2144,1678,4803,6,5,5,4803,0,0,0,,0,001,"RED TOP ROAD","LOPES ROAD",73.00,E,N,A,-,N,,,,,,,,,,Y,2,0,1,1,A,-,01,23152,A,N,E,I,A,A,H,-,C,A,0,,,,,Y,Y,A,01,1,0,0,0,0,0,0,0,0,"- ","- ",38.197101593017578,-122.14128875732422,SOLANO,FAIRFIELD,-122.14118194580078,38.197048187255859
82152011,2023,2023-08-24,4807,2023-01-03,1707,#760,VALLE,2,5,6,4807,0,0,0,,0,007,"SONOMA BL","SERENO DR",430.00,N,N,C,-,N,,,,,,,,,,N,2,0,1,2,A,-,05,21202,A,F,D,G,A,B,H,-,B,D,0,,Y,,,Y,,L,04,1,0,0,0,0,0,1,0,0,"- ","- ",38.127590179443359,-122.25570678710938,SOLANO,VALLEJO,-122.25572204589844,38.127590179443359
82155522,2023,2023-08-28,4807,2023-06-11,2052,#739,VALLE,7,5,6,4807,0,0,0,,0,002,"IRWIN ST","OAKWOOD AV",430.00,W,N,A,-,N,,,,,,,,,,Y,2,0,1,1,A,-,03,22350,,M,E,I,A,A,H,-,B,D,0,,,,,Y,,A,01,1,0,0,0,0,0,0,0,0,"- ","- ",38.09844970703125,-122.21798706054688,SOLANO,VALLEJO,-122.21943664550781,38.098419189453125
82159194,2022,2023-09-01,4807,2022-10-21,1548,#762,VALLE,5,5,6,4807,0,0,0,,0,004,"GEORGIA ST","AMADOR ST (N)",0.00,,Y,A,-,N,,,,,,,,,,Y,2,0,1,2,-,-,"- ",,,N,A,C,A,A,H,-,A,A,0,,,Y,,Y,,-,"- ",1,0,0,0,0,0,0,0,1,"- ","- ",38.100929260253906,-122.24342346191406,SOLANO,VALLEJO,-122.24337005615234,38.100933074951172
82175808,2022,2023-09-21,4805,2022-05-14,0210,DEM02,5,6,5,4,4805,0,0,0,,0,002,"HWY 12","EMPEROR DR",0.00,,Y,A,-,Y,SOL,,12,,,6.574,H,,R,N,1,1,0,2,A,-,12,21453,A,F,G,B,B,A,H,-,C,A,0,Y,,,,Y,,A,01,0,0,0,1,0,0,0,0,0,"- ","- ",38.243381500244141,-122.00534820556641,SOLANO,"SUISUN CITY",-122.00534820556641,38.243156433105469
82179098,2023,2023-09-28,4803,2023-09-14,2018,1788,SOLAN,4,5,5,4803,0,0,0,,0,005,"AIR BASE PARKWAY","DOVER AVENUE",183.00,E,N,A,-,N,,,,,,,,,,Y,2,0,2,4,A,-,01,23152,A,N,C,C,A,A,H,-,C,A,0,,,,,Y,Y,A,01,1,0,1,0,0,0,0,0,0,"- ","- ",38.272830963134766,-122.02507781982422,SOLANO,FAIRFIELD,-122.02428436279297,38.272720336914062
82189621,2023,2023-10-06,4803,2023-08-15,2112,1802,,2,5,5,4803,0,0,0,,0,003,"OLIVER ROAD","WEST TEXAS STREET",0.00,,Y,A,-,N,,,,,,,,,,N,2,0,1,2,A,-,08,22107,,F,B,G,A,A,H,-,C,A,0,,Y,,,Y,,A,01,1,0,0,0,0,0,1,0,0,"- ","- ",38.249691009521484,-122.07047271728516,SOLANO,FAIRFIELD,-122.07050323486328,38.249828338623047
82192844,2023,2023-10-06,4807,2023-07-12,1151,#764,VALLE,3,5,6,4807,0,0,0,,0,002,"ROLLINGWOOD DR","COTTONWOOD DR",0.00,,Y,A,-,N,,,,,,,,,,Y,2,0,2,2,A,-,09,21801,A,N,D,C,A,A,H,-,A,A,0,,,Y,,Y,,C,02,1,0,1,0,0,0,0,0,1,"- ","- ",38.102401733398438,-122.20928955078125,SOLANO,VALLEJO,-122.20925903320312,38.102409362792969
82193693,2023,2023-10-09,4807,2023-08-29,2031,#653,VALLE,2,5,6,4807,0,0,0,,0,007,"LEWIS BROWN DR","BROADWAY ST",160.00,E,N,A,-,N,,,,,,,,,,N,2,0,1,2,A,-,11,21954,A,N,G,B,D,A,H,-,D,D,0,Y,,,,Y,,N,60,1,0,0,0,1,0,0,0,0,"- ","- ",38.141109466552734,-122.25231170654297,SOLANO,VALLEJO,-122.25191497802734,38.141342163085938
82194671,2023,2023-10-09,4805,2023-10-01,"203 ",CAN01,9,7,5,4,4805,0,0,0,,0,003,"PETERSON RD","FULMAR DR",230.00,W,-,A,-,N,,,,,,,,,,Y,2,0,1,1,A,-,01,23152,A,N,A,C,A,A,G,-,C,D,0,,,,,Y,Y,A,01,1,0,0,0,0,0,0,0,0,"- ","- ",38.243499755859375,-121.99169921875,SOLANO,"SUISUN CITY",-121.99166107177734,38.243461608886719
82226930,2023,2023-11-03,4805,2023-10-25,1314,EVA01,2,3,5,4,4805,0,0,0,,0,001,"110 RAILROAD AV","SOUTH CURBLINE OF RAILROAD AVE",2.00,N,-,A,-,N,,,,,,,,,,Y,2,0,2,2,A,-,01,23152,A,N,A,E,A,A,H,-,A,A,0,,,,,Y,Y,A,01,1,1,0,0,0,0,0,0,0,"- ","- ",38.250320434570312,-122.03082275390625,SOLANO,"SUISUN CITY",-121.88689422607422,38.022552490234375
82227976,2023,2023-11-06,4803,2023-10-28,1838,1655,,6,5,5,4803,0,0,0,,0,001,"GREEN VALLEY ROAD","BUSINESS CENTER DRIVE",450.00,S,N,A,-,N,,,,,,,,,,Y,2,0,2,1,A,-,08,22107,,N,E,I,A,A,H,-,C,A,0,,,,,Y,,A,01,1,0,1,0,0,0,0,0,0,"- ","- ",38.218379974365234,-122.14115905761719,SOLANO,FAIRFIELD,-122.14031982421875,38.217422485351562
82244376,2023,2023-11-27,4803,2023-11-14,1740,1761,FAIRF,2,5,5,4803,0,0,0,,0,006,"NORTH TEXAS STREET","WISCONSIN STREET",12.00,N,N,A,-,N,,,,,,,,,,N,2,0,1,2,A,-,10,21950,A,N,G,B,B,A,H,-,C,A,0,Y,,,,Y,,A,01,1,0,0,0,1,0,0,0,0,"- ","- ",38.260021209716797,-122.03411102294922,SOLANO,FAIRFIELD,-122.03421020507812,38.260074615478516
82263693,2023,2023-12-18,4803,2023-11-30,1507,1728,,4,5,5,4803,0,0,0,,0,001,"BUSINESS CENTER DRIVE","HEALTHCARE DRIVE (N)",468.00,N,N,A,-,N,,,,,,,,,,N,2,0,1,2,A,-,11,21955,,N,G,B,D,A,H,-,A,D,0,Y,,,,Y,,N,60,1,0,0,0,1,0,0,0,0,"- ","- ",38.217311859130859,-122.1448974609375,SOLANO,FAIRFIELD,,
82269851,2023,2023-12-25,4803,2023-12-14,1842,1728,,4,5,5,4803,0,0,0,,0,008,"VANDEN ROAD","CANON ROAD",2120.00,S,N,A,-,N,,,,,,,,,,Y,2,0,1,1,A,-,08,22107,,N,F,A,A,A,H,-,D,D,0,,,,,Y,,D,22,1,0,0,0,0,0,0,0,0,"- ","- ",38.305011749267578,-121.94930267333984,SOLANO,FAIRFIELD,-121.95261383056641,38.296855926513672
82281026,2023,2024-01-29,4805,2023-12-19,"52  ",CAM03,,2,5,4,4805,0,0,0,,0,001,"RAILROAD AV","BIRCHWOOD CT",144.00,E,-,C,-,N,,,,,,,,,,Y,1,1,0,1,A,-,03,22350,,N,E,I,A,B,H,-,C,D,0,,,,,Y,,A,01,0,0,0,0,0,0,0,0,0,"- ","- ",38.250820159912109,-122.02995300292969,SOLANO,"SUISUN CITY",-122.02951049804688,38.251075744628906
82286540,2023,2024-01-15,4807,2023-11-17,1749,#765,,5,5,6,4807,0,0,0,,0,006,"REDWOOD ST","SONOMA BL",10.00,W,N,C,-,Y,SOL,,29," "," ",3.716,H,,L,N,2,0,1,2,A,-,11,21956,,N,G,B,E,B,H,-,C,A,0,Y,,,,Y,,N,60,1,0,0,0,1,0,0,0,0,"- ","- ",38.123008728027344,-122.25537109375,SOLANO,VALLEJO,-122.25539398193359,38.123008728027344
82286898,2022,2024-01-17,4807,2022-11-18,2021,#705,,5,5,6,4807,0,0,0,,0,005,"TENNESSEE ST","NAPA ST (E)",55.00,W,N,A,-,N,,,,,,,,,,Y,1,1,0,2,A,-,05,21460,A,F,G,B,D,A,H,-,C,D,0,Y,,,,Y,Y,A,07,0,0,0,1,0,0,0,0,0,"- ","- ",38.109928131103516,-122.251220703125,SOLANO,VALLEJO,-122.25159454345703,38.109943389892578
82300185,2024,2024-01-30,4803,2024-01-19,1529,652,,5,5,5,4803,0,0,0,,0,002,"RT 12","PENNSYLVANIA AVE",480.00,E,N,B,-,Y,,,,,,,,,,Y,2,0,1,1,A,-,08,22107,,N,E,I,A,A,H,-,A,D,0,,,,,Y,,A,01,1,0,0,0,0,0,0,0,0,"- ","- ",,,SOLANO,FAIRFIELD,-122.04882049560547,38.241584777832031
82327076,2024,2024-03-01,4803,2024-02-05,1354,1638,,1,5,5,4803,0,0,0,,0,001,"NEITZEL ROAD","BUSINESS CENTER DRIVE",2112.00,W,N,B,-,N,,,,,,,,,,Y,1,1,0,1,C,-,18,,,N,H,A,A,B,H,-,A,D,0,,,,,Y,Y,-,"- ",0,0,0,0,0,0,0,0,0,"- ","- ",38.219070434570312,-122.14026641845703,SOLANO,FAIRFIELD,-122.14041900634766,38.219158172607422