CASE_ID,ACCIDENT_YEAR,PROC_DATE,JURIS,COLLISION_DATE,COLLISION_TIME,OFFICER_ID,REPORTING_DISTRICT,DAY_OF_WEEK,CHP_SHIFT,POPULATION,CNTY_CITY_LOC,SPECIAL_COND,BEAT_TYPE,CHP_BEAT_TYPE,CITY_DIVISION_LAPD,CHP_BEAT_CLASS,BEAT_NUMBER,PRIMARY_RD,SECONDARY_RD,DISTANCE,DIRECTION,INTERSECTION,WEATHER_1,WEATHER_2,STATE_HWY_IND,CALTRANS_COUNTY,CALTRANS_DISTRICT,STATE_ROUTE,ROUTE_SUFFIX,POSTMILE_PREFIX,POSTMILE,LOCATION_TYPE,RAMP_INTERSECTION,SIDE_OF_HWY,TOW_AWAY,COLLISION_SEVERITY,NUMBER_KILLED,NUMBER_INJURED,PARTY_COUNT,PRIMARY_COLL_FACTOR,PCF_CODE_OF_VIOL,PCF_VIOL_CATEGORY,PCF_VIOLATION,PCF_VIOL_SUBSECTION,HIT_AND_RUN,TYPE_OF_COLLISION,MVIW,PED_ACTION,ROAD_SURFACE,ROAD_COND_1,ROAD_COND_2,LIGHTING,CONTROL_DEVICE,CHP_ROAD_TYPE,PEDESTRIAN_ACCIDENT,BICYCLE_ACCIDENT,MOTORCYCLE_ACCIDENT,TRUCK_ACCIDENT,NOT_PRIVATE_PROPERTY,ALCOHOL_INVOLVED,STWD_VEHTYPE_AT_FAULT,CHP_VEHTYPE_AT_FAULT,COUNT_SEVERE_INJ,COUNT_VISIBLE_INJ,COUNT_COMPLAINT_PAIN,COUNT_PED_KILLED,COUNT_PED_INJURED,COUNT_BICYCLIST_KILLED,COUNT_BICYCLIST_INJURED,COUNT_MC_KILLED,COUNT_MC_INJURED,PRIMARY_RAMP,SECONDARY_RAMP,LATITUDE,LONGITUDE,COUNTY,CITY,POINT_X,POINT_Y
82328243,2024,2024-06-28,4805,2024-02-24,2257,FLO02,,6,5,4,4805,0,0,0,,0,003,"PINTAIL DR","SPOONBILL LN",11.00,W,-,A,-,N,,,,,,,,,,N,2,0,1,2,A,-,01,23153,A,N,G,B,D,A,H,-,C,D,0,Y,,,,Y,Y,A,01,1,0,0,0,1,0,0,0,0,"- ","- ",38.24945068359375,-122.01593780517578,SOLANO,"SUISUN CITY",-122.01596069335938,38.24945068359375
82338848,2024,2024-03-15,4803,2024-02-13,"812 ",1577,,2,5,5,4803,0,0,0,,0,,"PEABODY ROAD","VANDEN ROAD",37.00,N,N,A,-,N,,,,,,,,,,N,2,0,1,2,A,-,03,22350,,F,C,C,A,A,H,-,A,A,0,,,,,Y,Y,A,07,1,0,0,0,0,0,0,0,0,"- ","- ",38.286609649658203,-121.96952819824219,SOLANO,FAIRFIELD,-121.96958923339844,38.286960601806641
82344358,2024,2024-03-22,4803,2024-02-28,1622,1584,,3,5,5,4803,0,0,0,,0,004,"MICHIGAN STREET","TRUMAN STREET",409.00,W,N,A,-,N,,,,,,,,,,N,2,0,1,2,A,-,09,21801,A,N,D,G,A,A,H,-,A,D,0,,Y,,,Y,,L,04,1,0,0,0,0,0,1,0,0,"- ","- ",38.257480621337891,-122.05847930908203,SOLANO,FAIRFIELD,-122.06006622314453,38.257530212402344
82372468,2024,2024-04-23,4803,2024-04-19,1557,1474,,5,5,5,4803,0,0,0,,0,002,"BECK AVENUE","WEST TEXAS STREET",0.00,,Y,A,-,N,,,,,,,,,,Y,2,0,3,2,A,-,12,21453,A,N,D,C,A,A,H,-,A,A,0,,,,,Y,,A,01,1,2,0,0,0,0,0,0,0,"- ","- ",38.249168395996094,-122.06623840332031,SOLANO,FAIRFIELD,-122.06623077392578,38.249279022216797
82385552,2024,2024-05-09,4807,2024-03-15,"830 ",#774,,5,5,6,4807,0,0,0,,0,008,"FAIRGROUNDS DR","CORCORAN AV",300.00,S,N,A,-,N,,,,,,,,,,Y,2,0,2,3,A,-,17,22109,,N,C,C,A,A,H,-,A,D,0,,,,,Y,,A,01,1,0,1,0,0,0,0,0,0,"- ","- ",38.154750823974609,-122.23834228515625,SOLANO,VALLEJO,-122.23825073242188,38.153907775878906
82396595,2024,2024-05-27,4803,2024-04-23,"59  ",1584,,2,5,5,4803,0,0,0,,0,008,"AIR BASE PARKWAY","WILEY LANE",141.00,N,N,A,-,N,,,,,,,,,,N,1,1,0,2,A,-,03,22350,,F,G,B,E,A,H,-,D,D,0,Y,,,,Y,,A,01,0,0,0,1,0,0,0,0,0,"- ","- ",38.272418975830078,-121.97868347167969,SOLANO,FAIRFIELD,-121.97869110107422,38.272411346435547
82398685,2023,2024-05-27,4807,2023-11-26,"36  ",#635,,7,5,6,4807,0,0,0,,0,007,"BROADWAY ST","SERENO DR",75.00,N,N,A,-,N,,,,,,,,,,Y,1,1,3,2,A,-,01,23152,B,N,A,C,A,A,H,-,C,A,0,,,,,Y,Y,A,07,3,0,0,0,0,0,0,0,0,"- ","- ",38.127761840820312,-122.25157928466797,SOLANO,VALLEJO,-122.25160217285156,38.127971649169922
82413441,2024,2024-06-13,4803,2024-06-06,"750 ",1697,,4,5,5,4803,0,0,0,,0,002,"RT 12","WEBSTER STREET",742.00,W,N,A,-,Y,SOL,,12," ",R,4.489,H,,R,N,2,0,2,2,A,-,03,22350,,N,C,C,A,A,H,-,A,D,0,,,,,Y,,A,01,1,0,1,0,0,0,0,0,0,"- ","- ",38.243179321289062,-122.04322814941406,SOLANO,FAIRFIELD,-122.04318237304688,38.243087768554688
82601484,2024,2024-07-25,4803,2024-07-10,1548,1751,,3,5,5,4803,0,0,0,,0,004,"PENNSYLVANIA AVENUE","EMPIRE STREET",0.00,,Y,A,-,N,,,,,,,,,,N,2,0,1,2,A,-,01,23152,A,N,G,B,E,A,H,-,A,A,0,Y,,,,Y,,A,01,1,0,0,0,1,0,0,0,0,"- ","- ",38.250320434570312,-122.04976654052734,SOLANO,FAIRFIELD,-122.04997253417969,38.250343322753906
8300983,2017,2017-02-09,4806,2017-01-25,2322,457,,3,5,5,4806,0,0,0,,0,,"DAVIS ST","BELLA VISTA RD",0.00,,Y,A,-,N,,,,,,,,,,Y,2,0,3,1,A,-,03,22350,,F,F,I,A,A,H,-,C,A,0,,,,,Y,,A,01,1,0,2,0,0,0,0,0,0,"- ","- ",,,SOLANO,VACAVILLE,-121.98677994000001,38.348709919999997
8304593,2017,2017-06-28,4807,2017-01-19,0045,694,VALLE,4,5,6,4807,0,0,0,,0,005,"SONOMA BL","ILLINOIS ST",147.00,S,N,C,-,Y,SOL,4,29,-,-,2.920,H,-,N,N,2,0,1,2,A,-,11,21954,A,N,G,B,C,B,H,-,C,A,0,Y,,,,Y,,N,60,1,0,0,0,1,0,0,0,0,"- ","- ",,,SOLANO,VALLEJO,-122.25471372,38.111454440000003
8341054,2017,2017-06-27,4803,2017-03-21,0754,1593,,2,5,5,4803,0,0,0,,0,00E,"EAST TABOR AV","CLAY BANK RD",287.00,W,N,C,-,N,,,,,,,,,,Y,2,0,1,2,A,-,05,21460,A,N,A,C,A,B,H,-,A,D,0,,,,Y,Y,Y,A,01,1,0,0,0,0,0,0,0,0,"- ","- ",38.265149999999998,-122.00700000000001,SOLANO,FAIRFIELD,-122.00821974,38.265180000000001
8343300,2017,2018-04-13,4803,2017-04-04,0625,1641,,2,5,5,4803,0,0,0,,0,00S,"RT 12","PENNSYLVANIA AV",25.00,S,N,B,-,Y,SOL,4,12,-,R,4.072,I,5,W,Y,2,0,1,2,A,-,08,22107,,N,D,C,A,A,H,-,B,A,0,,,,,Y,,D,22,1,0,0,0,0,0,0,0,0,"- ","- ",38.241399999999999,-122.0504,SOLANO,FAIRFIELD,-122.05058241,38.241302330000003
8369583,2017,2017-05-31,4807,2017-05-08,2325,600,4807,1,5,6,4807,0,0,0,,0,001,"REDWOOD PKWY","ADMIRAL CALLAGHAN LN",0.00,,Y,A,-,N,,,,,,,,,,Y,2,0,1,2,A,-,12,21453,A,N,D,C,A,A,H,-,C,A,0,,,,,Y,,A,01,1,0,0,0,0,0,0,0,0,"- ","- ",,,SOLANO,VALLEJO,-122.22790998000001,38.123549959999998
8371094,2017,2018-04-17,4807,2017-05-21,2130,678,VPD,7,5,6,4807,0,0,0,,0,005,"SONOMA BL","MAINE ST",0.00,,Y,A,-,Y,SOL,4,29,-,-,2.066,I,5,N,N,2,0,1,2,A,-,08,22107,,M,D,C,A,A,H,-,A,A,0,,,,,Y,Y,-,,1,0,0,0,0,0,0,0,0,"- ","- ",,,SOLANO,VALLEJO,-122.25502881,38.099227999999997
8381330,2017,2018-04-18,4805,2017-04-17,2044,5L88,4805,1,5,4,4805,0,0,0,,0,001,"RT 12","MARINA BL",0.00,,Y,B,-,Y,SOL,4,12,-,R,5.130,H,-,W,Y,2,0,1,2,A,-,01,23152,B,N,C,C,A,B,H,-,C,A,0,,,,Y,Y,Y,A,01,1,0,0,0,0,0,0,0,0,"- ","- ",38.244190000000003,-122.0313,SOLANO,"SUISUN CITY",-122.03180139,38.244733920000002
8382514,2017,2017-06-14,4807,2017-05-19,2138,684,,5,5,6,4807,0,0,0,,0,002,"MAPLE AV","HARGUS AV",0.00,,Y,A,-,N,,,,,,,,,,N,2,0,1,2,A,-,09,21801,A,N,D,G,A,A,H,-,C,D,0,,,,,Y,,A,01,1,0,0,0,0,0,0,0,0,"- ","- ",,,SOLANO,VALLEJO,-122.22077987,38.096139950000001
8394414,2017,2017-06-23,4807,2017-06-01,1511,607,VALLE,4,5,6,4807,0,0,0,,0,002,"OAKWOOD AV","SPRINGS RD",84.00,S,N,A,-,N,,,,,,,,,,N,2,0,1,2,A,-,11,21950,B,N,G,B,D,A,H,-,A,D,0,Y,,,,Y,,N,60,1,0,0,0,1,0,0,0,0,"- ","- ",,,SOLANO,VALLEJO,-122.21775511,38.10576957
8404331,2017,2019-04-09,4807,2017-05-30,2133,599,VALLE,2,5,6,4807,0,0,0,,0,002,"COLUMBUS PKWY","HILARY WY",504.00,S,N,B,-,N,,,,,,,,,,N,1,1,0,2,A,-,11,21955,,F,G,B,D,A,H,-,C,D,0,Y,,,,Y,Y,N,60,0,0,0,1,0,0,0,0,0,"- ","- ",,,SOLANO,VALLEJO,-122.20203942000001,38.111385290000001
8420603,2017,2018-05-17,4803,2017-07-02,1809,1507,FAIRF,7,5,5,4803,0,0,0,,0,0CE,"NORTH TEXAS ST","WISCONSIN ST",10.00,S,N,A,-,N,,,,,,,,,,N,2,0,1,2,A,-,05,21202,A,F,H,G,A,A,H,-,A,D,0,,Y,,,Y,,L,04,1,0,0,0,0,0,1,0,0,"- ","- ",38.260019999999997,-122.03411,SOLANO,FAIRFIELD,-122.03420932,38.260012539999998
8423477,2017,2018-03-20,4803,2017-07-31,1740,1474,,1,5,5,4803,0,0,0,,0,0CE,"FAIRFIELD AV","B GALE WILSON BL",0.00,,Y,A,-,N,,,,,,,,,,N,2,0,1,2,A,-,09,21802,A,N,D,C,A,A,H,-,A,A,0,,,Y,,Y,,A,01,1,0,0,0,0,0,0,0,1,"- ","- ",38.261029999999998,-122.04519999999999,SOLANO,FAIRFIELD,-122.04520997,38.261059889999999
84387665,2024,2024-09-10,4807,2024-05-19,1950,#765,,7,5,6,4807,0,0,0,,0,004,"CURTOLA PKWY","LEMON ST",1717.00,W,N,A,-,N,,,,,,,,,,Y,1,1,2,2,A,-,03,22350,,N,A,C,A,A,H,-,B,A,0,,,,,Y,,A,01,1,0,1,0,0,0,0,0,0,"- ","- ",38.092689514160156,-122.23490142822266,SOLANO,VALLEJO,-122.24053192138672,38.094169616699219
84392645,2024,2024-09-13,4807,2024-02-25,"615 ",#760,,7,5,6,4807,0,0,0,,0,001,"ROTARY WY","ADMIRAL CALLAGHAN LN",161.00,E,N,A,-,N,,,,,,,,,,N,2,0,1,2,A,-,10,21950,A,F,G,B,D,A,H,-,B,D,0,Y,,,,Y,,A,01,1,0,0,0,1,0,0,0,0,"- ","- ",38.125850677490234,-122.22794342041016,SOLANO,VALLEJO,-122.22746276855469,38.125988006591797
84398155,2024,2024-09-18,4803,2024-09-07,1548,1821,,6,5,5,4803,0,0,0,,0,00C,"TRAVIS BOULEVARD","NORTH TEXAS STREET",0.00,,Y,A,-,N,,,,,,,,,,N,2,0,1,2,A,-,05,21202,A,N,B,G,A,A,H,-,A,D,0,,Y,,,Y,,L,04,1,0,0,0,0,0,1,0,0,"- ","- ",38.25823974609375,-122.03411865234375,SOLANO,FAIRFIELD,-122.03416442871094,38.258251190185547
84417355,2024,2024-10-03,4807,2024-08-17,2136,#784,,6,5,6,4807,0,0,0,,0,004,"SONOMA BL","YORK ST",0.00,,Y,A,-,N,,,,,,,,,,N,2,0,1,2,A,-,12,21453,A,F,D,C,A,A,H,-,C,A,0,,,Y,,Y,,A,01,1,0,0,0,0,0,0,0,1,"- ","- ",38.100109100341797,-122.25499725341797,SOLANO,VALLEJO,-122.25498962402344,38.10009765625
8441790,2017,2018-06-28,4806,2017-08-16,1618,575,,3,5,5,4806,0,0,0,,0,,"BELLA VISTA RD","BELLA VISTA RD 202",0.00,,N,A,-,N,,,,,,,,,,Y,1,1,0,2,A,-,01,23152,A,N,A,C,A,A,H,-,A,D,0,,,Y,,Y,Y,C,02,0,0,0,0,0,0,0,1,0,"- ","- ",,,SOLANO,VACAVILLE,-121.98952138,38.348706129999997
8442376,2017,2017-08-30,4803,2017-07-28,1640,1574,4803,5,5,5,4803,0,0,0,,0,CENTRA,"TEXAS ST","UNION AV",0.00,,Y,A,-,N,,,,,,,,,,Y,2,0,1,1,A,-,08,22107,,N,E,I,A,A,H,-,A,A,0,,,Y,,Y,,C,02,1,0,0,0,0,0,0,0,1,"- ","- ",38.249220000000001,-122.04040000000001,SOLANO,FAIRFIELD,-122.04053994,38.249239889999998
84432417,2024,2024-10-16,4803,2024-10-03,"611 ",1663,,4,5,5,4803,0,0,0,,0,00E,"SUNSET AVENUE","DANIEL STREET",71.00,N,N,A,-,N,,,,,,,,,,Y,1,1,0,2,A,-,11,21954,A,F,G,B,E,A,H,-,C,D,0,Y,,,,Y,Y,N,60,0,0,0,1,0,0,0,0,0,"- ","- ",38.259899139404297,-122.01992797851562,SOLANO,FAIRFIELD,-122.0198974609375,38.260154724121094
84459349,2024,2024-11-06,4803,2024-09-13,1953,1728,,5,5,5,4803,0,0,0,,0,00S,"PITTMAN ROAD","LINK ROAD",0.00,,Y,A,-,N,,,,,,,,,,N,2,0,1,4,A,-,12,22450,,F,H,G,A,A,H,-,B,A,0,,Y,,,Y,Y,L,04,1,0,0,0,0,0,1,0,0,"- ","- ",38.218151092529297,-122.12957000732422,SOLANO,FAIRFIELD,-122.12946319580078,38.218292236328125
84471934,2024,2024-11-18,4803,2024-10-30,1939,1784,,3,5,5,4803,0,0,0,,0,00E,"AIR BASE PARKWAY","CLAY BANK ROAD",0.00,,Y,A,-,N,,,,,,,,,,Y,2,0,2,2,A,-,01,23152,A,N,D,C,A,B,H,-,C,A,0,,,,,Y,Y,A,01,1,0,1,0,0,0,0,0,0,"- ","- ",38.272468566894531,-122.00652313232422,SOLANO,FAIRFIELD,-122.006591796875,38.271816253662109
84492972,2024,2024-12-20,4807,2024-11-01,1916,#703,,5,5,6,4807,0,0,0,,0,005,"GLENN ST","TENNESSEE ST",0.00,N,N,C,-,N,,,,,,,,,,Y,2,0,3,4,A,-,01,23152,A,F,G,B,E,B,H,-,C,D,0,Y,,,,Y,Y,A,01,3,0,0,0,3,0,0,0,0,"- ","- ",38.1097412109375,-122.24239349365234,SOLANO,VALLEJO,-122.2423095703125,38.109817504882812
84511175,2024,2025-01-31,4807,2024-11-12,1724,#768,,2,5,6,4807,0,0,0,,0,008,"FAIRGROUNDS DR","TAPER AV",0.00,,Y,A,-,N,,,,,,,,,,Y,2,0,1,2,A,-,12,21453,A,N,D,C,A,A,H,-,C,A,0,,,Y,,Y,,C,02,1,0,0,0,0,0,0,0,1,"- ","- ",38.146770477294922,-122.23621368408203,SOLANO,VALLEJO,-122.23615264892578,38.146717071533203
84512329,2024,2024-12-20,4805,2024-12-17,1616,CAM03,,2,5,4,4805,0,0,0,,0,001,"RAILROAD AV","SUNSHINE ST",71.00,E,-,A,-,N,,,,,,,,,,Y,2,0,1,1,A,-,03,22350,,N,E,I,A,B,H,-,A,D,0,,,,,Y,,A,01,1,0,0,0,0,0,0,0,0,"- ","- ",38.253799438476562,-122.02449798583984,SOLANO,"SUISUN CITY",-122.02428436279297,38.253795623779297
84518952,2024,2024-12-30,4803,2024-12-17,"955 ",1697,,2,5,5,4803,0,0,0,,0,00E,"SUNSET AVENUE","DANIEL STREET",0.00,,Y,A,B,N,,,,,,,,,,N,2,0,2,2,A,-,09,21801,A,N,D,C,A,B,H,-,A,A,0,,,,,Y,,A,01,2,0,0,0,0,0,0,0,0,"- ","- ",38.260009765625,-122.01978302001953,SOLANO,FAIRFIELD,-122.0198974609375,38.259963989257812
84518963,2024,2024-12-30,4803,2024-12-20,"805 ",1751,,5,5,5,4803,0,0,0,,0,00C,"DOVER AVENUE","MEADOWLARK DRIVE",0.00,,Y,B,-,N,,,,,,,,,,Y,2,0,2,2,A,-,09,21802,A,N,D,C,A,A,H,-,A,A,0,,,,,Y,,A,01,1,1,0,0,0,0,0,0,0,"- ","- ",38.267539978027344,-122.02490997314453,SOLANO,FAIRFIELD,-122.02494049072266,38.267631530761719
84529141,2024,2025-01-08,4803,2024-11-09,1722,1678,,6,5,5,4803,0,0,0,,0,00W,"OLIVER ROAD","I 80 WB OFFRAMP",0.00,,Y,A,-,Y,SOL,,80," "," ",17.544,H,,L,Y,1,1,2,2,A,-,12,21453,A,N,D,C,A,A,H,-,B,A,0,,,Y,,Y,,C,02,0,0,2,0,0,0,0,1,0,"- ","- ",38.253890991210938,-122.06675720214844,SOLANO,FAIRFIELD,-122.06648254394531,38.253749847412109
84555010,2024,2025-01-31,4803,2024-12-24,1607,1678,,2,5,5,4803,0,0,0,,0,00S,"CORDELIA ROAD","LOPES ROAD",100.00,E,N,A,-,N,,,,,,,,,,Y,1,1,0,2,A,-,11,21954,A,N,G,B,C,A,H,-,B,A,0,Y,,,,Y,,N,60,0,0,0,1,0,0,0,0,0,"- ","- ",38.209980010986328,-122.13848114013672,SOLANO,FAIRFIELD,-122.13809967041016,38.210079193115234
84564305,2024,2025-02-04,4807,2024-11-28,1938,#759,,4,5,6,4807,0,0,0,,0,002,"ROLLINGWOOD DR","POPE DR",0.00,,Y,A,-,N,,,,,,,,,,N,2,0,1,2,A,-,11,21954,A,N,G,B,E,A,H,-,C,D,0,Y,,,,Y,,N,60,1,0,0,0,1,0,0,0,0,"- ","- ",38.093448638916016,-122.20867919921875,SOLANO,VALLEJO,-122.20862579345703,38.093471527099609
84566219,2024,2025-02-05,4805,2024-01-23,1619,CAR02,,2,5,4,4805,0,0,0,,0,002,"WHIPPORWILL WAY","SWALLOW LANE",0.00,,Y,A,-,N,,,,,,,,,,N,2,0,1,2,A,-,12,22450,,N,E,I,A,A,H,-,A,A,0,,,Y,,Y,,C,03,1,0,0,0,0,0,0,0,1,"- ","- ",38.245231628417969,-121.99932098388672,SOLANO,"SUISUN CITY",-121.99918365478516,38.245372772216797
8459340,2017,2017-09-27,4807,2017-09-01,2155,639,VALLE,5,5,6,4807,0,0,0,,0,002,"GEORGIA ST","MAPLE AV",300.00,E,N,A,-,N,,,,,,,,,,Y,2,0,2,4,A,-,01,23153,A,N,D,E,A,A,H,-,C,D,0,,,,,Y,Y,A,01,2,0,0,0,0,0,0,0,0,"- ","- ",,,SOLANO,VALLEJO,-122.21969763,38.099795180000001
84611648,2025,2025-03-20,4805,2025-03-17,"543 ",CAN01,,1,5,4,4805,0,0,0,,0,003,"RAILROAD AVE","HUMPHREY DR",225.00,E,-,A,-,N,,,,,,,,,,N,2,0,1,2,A,-,03,22350,,N,H,G,A,A,H,-,C,D,0,,Y,,,Y,,A,01,1,0,0,0,0,0,1,0,0,"- ","- ",38.263698577880859,-122.00720977783203,SOLANO,"SUISUN CITY",-122.00652313232422,38.264022827148438
84654180,2025,2025-04-18,4803,2025-04-14,"734 ",1835,,1,5,5,4803,0,0,0,,0,00C,"TRAVIS BOULEVARD","ADAMS STREET",45.00,N,N,A,-,N,,,,,,,,,,N,2,0,2,2,A,-,07,21658,A,N,B,C,A,A,H,-,A,D,0,,,,,Y,,A,01,1,0,1,0,0,0,0,0,0,"- ","- ",38.258209228515625,-122.04290771484375,SOLANO,FAIRFIELD,-122.04305267333984,38.25823974609375
8465572,2018,2019-02-08,4807,2018-03-01,0155,626,4807,4,5,6,4807,0,0,0,,0,004,"SONOMA BL","SOLANO AV",0.00,,Y,C,-,Y,SOL,4,29,-,-,1.640,I,5,N,Y,1,2,2,1,A,-,01,23152,A,N,E,I,A,B,H,-,C,A,0,,,,,Y,Y,A,01,1,0,1,0,0,0,0,0,0,"- ","- ",,,SOLANO,VALLEJO,-122.25131988525391,38.094600677490234
8465602,2018,2019-02-08,4806,2018-06-16,2355,457,508,6,5,5,4806,0,0,0,,0,005,"NUT TREE RD","STIRLING DR",117.00,N,N,A,-,N,,,,,,,,,,Y,1,1,0,3,A,-,11,21954,A,N,G,B,D,A,H,-,C,D,0,Y,,,,Y,Y,N,60,0,0,0,1,0,0,0,0,0,"- ","- ",38.344001770019531,-121.95320129394531,SOLANO,VACAVILLE,-121.95323944091797,38.344409942626953
8465631,2018,2019-02-21,4804,2018-09-26,1946,BARRERAA,,3,5,2,4804,0,0,0,,0,,"RT 12","SUMMERSET RD",2385.00,E,N,A,-,Y,SOL,4,12,-,-,24.160,H,-,E,Y,1,1,2,2,A,-,05,21651,A,N,D,C,A,A,H,-,D,D,0,,,,,Y,,A,01,1,1,0,0,0,0,0,0,0,"- ","- ",,,SOLANO,"RIO VISTA",-121.71803283691406,38.177490234375
8465684,2018,2019-03-21,4805,2018-01-01,0050,5L68,4805,1,5,4,4805,0,0,0,,0,003,"RT 12","LAWLER RANCH PKWY",191.00,E,N,A,-,Y,SOL,4,12,-,-,7.510,H,-,E,N,1,1,0,2,A,-,03,22350,,F,G,B,E,A,H,-,D,D,0,Y,,,,Y,,-,,0,0,0,1,0,0,0,0,0,"- ","- ",38.240238189697266,-121.98983764648438,SOLANO,"SUISUN CITY",-121.98941802978516,38.23974609375
8465943,2019,2019-07-22,4804,2019-05-15,1300,TASSONEP,273,3,5,2,4804,0,0,0,,0,,"CHURCH RD","MARKS RD",0.00,,Y,B,C,N,,,,,,,,,,Y,1,1,0,2,A,-,09,21804,A,N,D,C,A,B,H,-,A,A,0,,,,,Y,,-,,0,0,0,0,0,0,0,0,0,"- ","- ",,,SOLANO,"RIO VISTA",-121.70570600000001,38.173121000000002
84663400,2025,2025-04-30,4803,2025-04-04,2328,1703,,5,5,5,4803,0,0,0,,0,00W,"OLIVER ROAD","WOOD CREEK DRIVE",0.00,,Y,A,-,N,,,,,,,,,,Y,2,0,1,1,A,-,01,23152,A,N,E,I,A,A,H,-,C,A,0,,,,,Y,Y,D,22,1,0,0,0,0,0,0,0,0,"- ","- ",38.259891510009766,-122.06980133056641,SOLANO,FAIRFIELD,-122.06965637207031,38.259899139404297
84704646,2025,2025-05-30,4807,2025-03-03,"501 ",#768,,1,5,6,4807,0,0,0,,0,008,"JACK LONDON DR","SUSAN ST",10.00,N,N,A,-,N,,,,,,,,,,Y,1,1,0,3,A,-,08,22107,,N,C,E,A,A,H,-,C,D,0,,,,,Y,,A,07,0,0,0,0,0,0,0,0,0,"- ","- ",38.146701812744141,-122.26448059082031,SOLANO,VALLEJO,-122.26444244384766,38.146705627441406
8472836,2017,2017-10-31,4807,2017-09-25,1027,599,VALLE,1,5,6,4807,0,0,0,,0,005,"AMADOR ST","VIRGINIA ST",111.00,N,N,A,-,N,,,,,,,,,,Y,2,0,1,2,A,-,11,21954,A,N,G,B,D,A,H,-,A,D,0,Y,,,,Y,,N,60,1,0,0,0,1,0,0,0,0,"- ","- ",,,SOLANO,VALLEJO,-122.24355491999999,38.102224679999999
84745275,2025,2025-07-01,4807,2025-04-29,2255,#782,,2,5,6,4807,0,0,0,,0,005,"TENNESSEE ST","MENDOCINO ST",0.00,,Y,A,-,N,,,,,,,,,,Y,2,0,1,3,A,-,03,22350,,N,G,B,D,A,H,-,C,D,0,Y,,,,Y,Y,A,01,1,0,0,0,1,0,0,0,0,"- ","- ",38.109668731689453,-122.23310089111328,SOLANO,VALLEJO,-122.2330322265625,38.109691619873047
84767624,2025,2025-07-18,4807,2025-06-03,1844,#790,,2,5,6,4807,0,0,0,,0,005,"TENNESSEE ST","MONTEREY ST",170.00,E,N,A,-,N,,,,,,,,,,Y,2,0,1,2,A,-,08,22107,,N,B,E,A,A,H,-,A,D,0,,,,,Y,,A,01,1,0,0,0,0,0,0,0,0,"- ","- ",38.109889984130859,-122.24646759033203,SOLANO,VALLEJO,-122.24578857421875,38.109851837158203
84771255,2025,2025-07-23,4803,2025-04-30,1715,1835,,3,5,5,4803,0,0,0,,0,00E,"PEABODY ROAD","JOSEPH GEREVAS DRIVE",60.00,E,N,A,-,N,,,,,,,,,,N,2,0,1,2,D,-,00,,,F,G,B,E,A,H,-,A,A,0,Y,,,,Y,,-,"- ",1,0,0,0,1,0,0,0,0,"- ","- ",38.302860260009766,-121.96945953369141,SOLANO,FAIRFIELD,-121.96943664550781,38.299758911132812
84771368,2025,2025-07-25,4803,2025-05-27,1735,1769,,2,5,5,4803,0,0,0,,0,00W,"WOOD CREEK DRIVE","ARMIJO COURT",0.00,,Y,A,-,N,,,,,,,,,,Y,2,0,2,2,D,-,00,,,N,A,C,A,A,H,-,A,D,0,,,Y,,Y,,-,"- ",1,0,1,0,0,0,0,0,1,"- ","- ",38.261409759521484,-122.06678771972656,SOLANO,FAIRFIELD,-122.06680297851562,38.261440277099609
84771835,2025,2025-07-22,4807,2025-06-18,1930,#2305,,3,5,6,4807,0,0,0,,0,006,"MARIN ST","KENTUCKY ST",80.00,N,N,A,-,N,,,,,,,,,,N,2,0,1,2,A,-,08,22107,,F,G,B,E,A,H,-,A,A,0,Y,,,,Y,,A,07,1,0,0,0,1,0,0,0,0,"- ","- ",38.106010437011719,-122.25653076171875,SOLANO,VALLEJO,-122.25647735595703,38.106281280517578
8562050,2018,2018-02-27,4803,2018-02-14,1606,1664,4803,3,5,5,4803,0,0,0,,0,0CE,"AIR BASE PKWY","NORTH TEXAS ST",607.00,W,N,A,-,N,,,,,,,,,,N,2,0,1,2,A,-,09,21804,,N,G,G,A,A,H,-,A,D,0,,Y,,,Y,Y,L,04,1,0,0,0,0,0,1,0,0,"- ","- ",38.272930145263672,-122.03417205810547,SOLANO,FAIRFIELD,-122.03633880615234,38.272899627685547
8630482,2018,2018-06-06,4803,2018-05-20,1155,1507,,7,5,5,4803,0,0,0,,0,,"CABERNET CT","CABERNET CT 2208",0.00,,N,A,-,N,,,,,,,,,,N,2,0,1,2,B,-,22,,,N,G,B,F,A,H,-,A,D,0,Y,,,,Y,,D,22,1,0,0,0,1,0,0,0,0,"- ","- ",,,SOLANO,FAIRFIELD,-122.06879600000001,38.241674000000003
8648445,2018,2019-01-11,4803,2018-11-01,2500,504,,4,5,5,4803,0,0,0,,0,00E,"CLAY BANK RD","QUAIL DR",75.00,S,N,A,-,N,,,,,,,,,,Y,1,1,1,1,A,-,01,23153,F,N,E,I,A,A,H,-,C,D,0,,,,,Y,,A,01,1,0,0,0,0,0,0,0,0,"- ","- ",,,SOLANO,FAIRFIELD,-122.00714111328125,38.270973205566406