CASE_ID,ACCIDENT_YEAR,PROC_DATE,JURIS,COLLISION_DATE,COLLISION_TIME,OFFICER_ID,REPORTING_DISTRICT,DAY_OF_WEEK,CHP_SHIFT,POPULATION,CNTY_CITY_LOC,SPECIAL_COND,BEAT_TYPE,CHP_BEAT_TYPE,CITY_DIVISION_LAPD,CHP_BEAT_CLASS,BEAT_NUMBER,PRIMARY_RD,SECONDARY_RD,DISTANCE,DIRECTION,INTERSECTION,WEATHER_1,WEATHER_2,STATE_HWY_IND,CALTRANS_COUNTY,CALTRANS_DISTRICT,STATE_ROUTE,ROUTE_SUFFIX,POSTMILE_PREFIX,POSTMILE,LOCATION_TYPE,RAMP_INTERSECTION,SIDE_OF_HWY,TOW_AWAY,COLLISION_SEVERITY,NUMBER_KILLED,NUMBER_INJURED,PARTY_COUNT,PRIMARY_COLL_FACTOR,PCF_CODE_OF_VIOL,PCF_VIOL_CATEGORY,PCF_VIOLATION,PCF_VIOL_SUBSECTION,HIT_AND_RUN,TYPE_OF_COLLISION,MVIW,PED_ACTION,ROAD_SURFACE,ROAD_COND_1,ROAD_COND_2,LIGHTING,CONTROL_DEVICE,CHP_ROAD_TYPE,PEDESTRIAN_ACCIDENT,BICYCLE_ACCIDENT,MOTORCYCLE_ACCIDENT,TRUCK_ACCIDENT,NOT_PRIVATE_PROPERTY,ALCOHOL_INVOLVED,STWD_VEHTYPE_AT_FAULT,CHP_VEHTYPE_AT_FAULT,COUNT_SEVERE_INJ,COUNT_VISIBLE_INJ,COUNT_COMPLAINT_PAIN,COUNT_PED_KILLED,COUNT_PED_INJURED,COUNT_BICYCLIST_KILLED,COUNT_BICYCLIST_INJURED,COUNT_MC_KILLED,COUNT_MC_INJURED,PRIMARY_RAMP,SECONDARY_RAMP,LATITUDE,LONGITUDE,COUNTY,CITY,POINT_X,POINT_Y
8648578,2018,2020-05-26,4803,2018-12-27,0225,504,,4,5,5,4803,0,0,0,,0,0CE,"NORTH TEXAS ST","EAST ALASKA AV",15.00,N,N,A,-,N,,,,,,,,,,Y,1,1,2,1,A,-,01,23152,A,N,E,I,A,A,H,-,C,A,0,,,,,Y,Y,A,01,0,0,2,0,0,0,0,0,0,"- ","- ",,,SOLANO,FAIRFIELD,-122.03415679931641,38.271480560302734
8715543,2018,2018-11-16,4801,2018-09-29,0423,4172,4801,6,5,4,4801,0,0,0,,0,002,"EAST 5TH ST","VISTA GRANDE AV",20.00,N,N,A,-,N,,,,,,,,,,Y,2,0,1,2,A,-,08,22107,,N,C,E,A,A,H,-,C,D,0,,,,,Y,,A,01,1,0,0,0,0,0,0,0,0,"- ","- ",,,SOLANO,BENICIA,-122.14248657226562,38.056888580322266
8736272,2018,2018-12-06,4803,2018-10-25,1506,504,,4,5,5,4803,0,0,0,,0,0CE,"EAST TRAVIS BL","COOLIDGE ST",46.00,W,N,A,-,N,,,,,,,,,,Y,2,0,4,3,C,-,18,,,N,-,C,A,A,H,-,A,A,0,,,,,Y,,-,"- ",2,0,2,0,0,0,0,0,0,"- ","- ",,,SOLANO,FAIRFIELD,-122.02710723876953,38.258213043212891
8737185,2018,2019-01-08,4807,2018-10-13,1424,702,SOLAN,6,5,6,4807,0,0,0,,0,006,"MARE ISLAND WY","GEORGIA ST",75.00,N,N,A,-,N,,,,,,,,,,Y,2,0,1,2,A,-,03,22350,,N,C,C,A,A,H,-,A,A,0,,,Y,,Y,,C,02,1,0,0,0,0,0,0,0,1,"- ","- ",,,SOLANO,VALLEJO,-122.26295471191406,38.101005554199219
8737509,2018,2018-11-20,4801,2018-08-29,0656,2092,4801,3,5,4,4801,0,0,0,,0,004,"PARK RD","EAST 2ND ST",444.00,E,N,A,-,N,,,,,,,,,,N,2,0,1,1,A,-,03,22350,,N,F,A,A,A,H,-,A,D,0,,,Y,,Y,,C,02,1,0,0,0,0,0,0,0,1,"- ","- ",,,SOLANO,BENICIA,-122.12010192871094,38.080280303955078
8751898,2018,2018-12-11,4805,2018-07-09,0746,5S21,4805,1,5,4,4805,0,0,0,,0,002,"PINTAIL DR","CACKLING DR",180.00,W,N,A,-,N,,,,,,,,,,N,2,0,1,2,A,-,08,22100,B,N,G,G,A,A,H,-,A,D,0,,Y,,,Y,,L,04,1,0,0,0,0,0,1,0,0,"- ","- ",38.248950958251953,-122.00784301757812,SOLANO,"SUISUN CITY",-122.00840759277344,38.249095916748047
8789301,2019,2019-02-14,4803,2019-01-12,1507,1683,,6,5,5,4803,0,0,0,,0,00E,"CLAY BANK RD","GULF DR",0.00,,Y,A,-,N,,,,,,,,,,N,2,0,1,2,A,-,03,22350,,N,B,C,A,A,H,-,A,-,0,,,,,Y,,A,07,1,0,0,0,0,0,0,0,0,"- ","- ",,,SOLANO,FAIRFIELD,-122.00372314453125,38.284278869628906
8808160,2019,2020-03-09,4803,2019-04-28,0307,476,,7,5,5,4803,0,0,0,,0,00S,"RT 12","BECK AV",0.00,,Y,B,-,Y,SOL,4,12,-,R,3.206,I,5,W,Y,1,1,2,2,A,-,01,23152,F,N,D,C,A,A,H,-,C,A,0,,,,,Y,,A,01,2,0,0,0,0,0,0,0,0,"- ","- ",38.240478515625,-122.06632232666016,SOLANO,FAIRFIELD,-122.06636810302734,38.24041748046875
8810970,2019,2019-03-13,4803,2019-02-18,1133,476,,1,5,5,4803,0,0,0,,0,00E,"CLAY BANK RD","AIR BASE PKWY",0.00,,Y,A,-,N,,,,,,,,,,Y,2,0,1,1,A,-,08,22107,,N,F,A,A,A,D,-,A,A,0,,,Y,,Y,,C,02,1,0,0,0,0,0,0,0,1,"- ","- ",,,SOLANO,FAIRFIELD,-122.00657653808594,38.272598266601562
8818694,2018,2019-03-29,4806,2018-06-04,1443,426,507,1,5,5,4806,0,0,0,,0,005,"MARSHALL RD","LOCH LOMOND DR",0.00,,Y,A,-,N,,,,,,,,,,N,2,0,2,2,A,-,11,21950,B,N,G,B,D,A,H,-,A,A,0,Y,,,,Y,,N,60,1,0,1,0,1,0,0,0,0,"- ","- ",38.345020294189453,-121.94554138183594,SOLANO,VACAVILLE,-121.94550323486328,38.344989776611328
8821732,2018,2019-04-02,4806,2018-08-27,1601,564,611,1,5,5,4806,0,0,0,,0,006,"PEABODY RD","MORNING GLORY DR",0.00,,Y,A,-,N,,,,,,,,,,Y,2,0,1,2,A,-,09,21801,A,N,D,C,A,A,H,-,A,D,0,,,Y,,Y,,A,08,1,0,0,0,0,0,0,0,1,"- ","- ",38.326320648193359,-121.97048950195312,SOLANO,VACAVILLE,-121.970458984375,38.326309204101562
8821752,2018,2019-04-02,4806,2018-08-10,1613,596,802,5,5,5,4806,0,0,0,,0,008,"STEVENSON ST","DAVIS ST",160.00,W,N,A,-,N,,,,,,,,,,N,2,0,1,2,A,-,09,21804,A,N,D,G,A,A,H,-,A,D,0,,Y,,,Y,,L,04,1,0,0,0,0,0,1,0,0,"- ","- ",38.353889465332031,-121.98636627197266,SOLANO,VACAVILLE,-121.98690032958984,38.353904724121094
8822637,2018,2019-04-02,4806,2018-10-10,1032,277,,3,5,5,4806,0,0,0,,0,,"ALAMO DR","MARSHALL RD",0.00,,Y,A,-,N,,,,,,,,,,Y,2,0,2,2,A,-,12,21453,A,N,D,C,A,A,H,-,A,A,0,,,Y,,Y,,C,02,1,0,1,0,0,0,0,0,1,"- ","- ",38.342300415039062,-121.99410247802734,SOLANO,VACAVILLE,-121.99407196044922,38.342300415039062
8824739,2018,2019-04-03,4806,2018-02-17,1333,564,102,6,5,5,4806,0,0,0,,0,001,"ALAMO DR","EL CAMINO AV",28.00,S,N,A,-,N,,,,,,,,,,Y,2,0,1,2,A,-,03,22350,,N,C,C,A,A,H,-,A,D,0,,,Y,,Y,,C,03,1,0,0,0,0,0,0,0,1,"- ","- ",38.349349975585938,-122.00007629394531,SOLANO,VACAVILLE,-121.99999237060547,38.349281311035156
8824787,2018,2019-03-28,4806,2018-05-19,1002,441,105,6,5,5,4806,0,0,0,,0,001,"MONTE VISTA AV","ELDRIDGE AV",205.00,E,N,A,-,N,,,,,,,,,,Y,2,0,1,4,A,-,08,22107,,N,D,E,A,A,H,-,A,D,0,,,,,Y,,D,22,1,0,0,0,0,0,0,0,0,"- ","- ",38.359249114990234,-122.00157928466797,SOLANO,VACAVILLE,-122.00083923339844,38.359207153320312
8824989,2018,2019-03-26,4806,2018-02-26,1752,575,,1,5,5,4806,0,0,0,,0,002,"VINE ST","VINE CT",1175.00,S,N,B,-,N,,,,,,,,,,Y,2,0,1,1,A,-,08,22107,,N,E,I,A,B,H,-,A,D,0,,,,,Y,,A,01,1,0,0,0,0,0,0,0,0,"- ","- ",38.370151519775391,-121.98793029785156,SOLANO,VACAVILLE,-121.99423980712891,38.377269744873047
8825068,2018,2019-03-26,4806,2018-05-14,0645,426,404,1,5,5,4806,0,0,0,,0,004,"ELMIRA RD","SHASTA DR",0.00,,Y,A,G,N,,,,,,,,,,Y,2,0,1,2,A,-,12,21453,A,N,D,C,A,A,H,-,A,A,0,,,Y,,Y,,C,02,1,0,0,0,0,0,0,0,1,"- ","- ",38.353080749511719,-121.9700927734375,SOLANO,VACAVILLE,-121.97006988525391,38.353141784667969
8827105,2019,2019-04-03,4803,2019-03-10,1935,1656,,7,5,5,4803,0,0,0,,0,0CE,"EAST TABOR AV","NORTH TEXAS ST",250.00,E,N,A,-,N,,,,,,,,,,N,2,0,1,3,A,-,03,22350,,F,G,B,D,A,H,-,C,D,0,Y,,,,Y,Y,A,01,1,0,0,0,1,0,0,0,0,"- ","- ",,,SOLANO,FAIRFIELD,-122.03331756591797,38.265548706054688
8827109,2019,2019-05-02,4803,2019-03-04,0134,1215,,1,5,5,4803,0,0,0,,0,005,"WEST TEXAS ST","CURTIS DR",140.00,E,N,-,-,N,,,,,,,,,,N,2,0,1,2,A,-,11,21954,A,N,G,B,D,A,H,-,C,D,0,Y,,,,Y,Y,N,60,1,0,0,0,1,0,0,0,0,"- ","- ",,,SOLANO,FAIRFIELD,-122.05722045898438,38.249271392822266
8830580,2019,2019-04-03,4803,2019-03-07,0912,476,,4,5,5,4803,0,0,0,,0,0CE,"AIR BASE PKWY","HEATH DR",0.00,,Y,B,-,N,,,,,,,,,,Y,2,0,3,3,A,-,12,21453,A,N,D,C,A,A,H,-,A,A,0,,,,,Y,,A,01,1,1,1,0,0,0,0,0,0,"- ","- ",,,SOLANO,FAIRFIELD,-122.04277038574219,38.27301025390625
8831714,2018,2019-04-15,4807,2018-12-15,0837,705,VALLE,6,5,6,4807,0,0,0,,0,001,"HIDDENBROOKE PKWY","SKY VIEW DR",912.00,W,N,B,-,N,,,,,,,,,,Y,2,0,1,1,A,-,01,23152,A,N,E,I,A,A,H,-,A,D,0,,,,,Y,,A,01,1,0,0,0,0,0,0,0,0,"- ","- ",,,SOLANO,VALLEJO,,
8838212,2019,2019-04-30,4807,2019-02-04,1750,694,VALLE,1,5,6,4807,0,0,0,,0,002,"BENICIA RD","ANNETTE AV",0.00,,Y,A,-,N,,,,,,,,,,Y,2,0,1,3,A,-,09,21802,A,F,D,C,A,B,H,-,C,A,0,,,,,Y,,A,01,1,0,0,0,0,0,0,0,0,"- ","- ",,,SOLANO,VALLEJO,-122.22324371337891,38.093238830566406
8841466,2019,2019-04-17,4807,2019-01-31,1800,664,,4,5,6,4807,0,0,0,,0,,BROADWAY,"ILLINOIS ST",18.00,S,N,A,-,N,,,,,,,,,,N,2,0,1,2,A,-,11,21950,B,N,G,B,D,A,H,-,C,A,0,Y,,,,Y,,N,60,1,0,0,0,1,0,0,0,0,"- ","- ",38.111949920654297,-122.24859619140625,SOLANO,VALLEJO,-122.24855041503906,38.111862182617188
8848298,2019,2019-04-26,4803,2019-04-10,0223,1600,4803,3,5,5,4803,0,0,0,,0,00S,"W TEXAS ST 1741","FIFTH ST",645.00,E,N,A,-,N,,,,,,,,,,N,2,0,2,1,A,-,01,23152,A,N,C,I,A,A,H,-,C,D,0,,,,,Y,Y,A,01,2,0,0,0,0,0,0,0,0,"- ","- ",,,SOLANO,FAIRFIELD,,
8890766,2019,2019-07-15,4807,2019-04-22,1430,643,4807,1,5,6,4807,0,0,0,,0,005,"HANNS LN","ILLINOIS ST",0.00,,Y,A,-,N,,,,,,,,,,Y,2,0,1,1,A,-,08,22107,,N,E,I,A,A,H,-,A,D,0,,,,,Y,,A,01,1,0,0,0,0,0,0,0,0,"- ","- ",,,SOLANO,VALLEJO,-122.23724365234375,38.111671447753906
8896423,2018,2019-07-24,4807,2018-12-14,1814,694,,5,5,6,4807,0,0,0,,0,005,"TENNESSEE ST","MARIPOSA ST",5.00,W,N,A,-,N,,,,,,,,,,N,2,0,1,2,A,-,10,21950,A,N,G,B,B,A,H,-,C,A,0,Y,,,,Y,,A,07,1,0,0,0,1,0,0,0,0,"- ","- ",,,SOLANO,VALLEJO,-122.23138427734375,38.109668731689453
8896572,2019,2019-08-02,4803,2019-06-28,1746,1678,4803,5,5,5,4803,0,0,0,,0,00S,"TEXAS ST","JEFFERSON ST",0.00,,Y,A,-,N,,,,,,,,,,,2,0,1,2,A,-,06,21755,,N,B,C,A,A,H,-,A,A,0,,,,,Y,Y,-,,1,0,0,0,0,0,0,0,0,"- ","- ",38.249248504638672,-122.04170227050781,SOLANO,FAIRFIELD,-122.04189300537109,38.249229431152344
8911573,2019,2021-05-25,4807,2019-06-10,1051,705,VALLE,1,5,6,4807,0,0,0,,0,006,"RAILROAD AV","4TH ST",0.00,,Y,A,-,N,,,,,,,,,,Y,1,1,2,2,A,-,05,21460,A,N,D,C,A,A,H,-,A,D,0,,,Y,,Y,,C,02,2,0,0,0,0,0,0,1,0,"- ","- ",38.101600646972656,-122.27339935302734,SOLANO,VALLEJO,-122.27335357666016,38.101608276367188
8911598,2020,2022-06-13,4807,2020-07-27,0407,635,VALLE,1,5,6,4807,0,0,0,,0,007,"SONOMA BL","LEWIS BROWN DR",441.00,S,N,A,-,Y,SOL,4,29,-,-,4.650,H,-,N,Y,1,1,0,2,A,-,11,21954,A,N,G,B,D,A,H,-,C,D,0,Y,,,,Y,,N,60,0,0,0,1,0,0,0,0,0,"- ","- ",38.137428283691406,-122.25627136230469,SOLANO,VALLEJO,-122.25614166259766,38.136379241943359
8911761,2019,2020-10-30,4807,2019-09-04,1259,722,4807,3,5,6,4807,0,0,0,,0,001,"LOCUST DR","MASONIC DR",93.00,E,N,A,-,N,,,,,,,,,,N,1,1,0,1,C,-,18,,,N,E,I,A,A,H,-,A,D,0,,,,,Y,,-,"- ",0,0,0,0,0,0,0,0,0,"- ","- ",38.11090087890625,-122.20948791503906,SOLANO,VALLEJO,-122.2093505859375,38.111171722412109
8920263,2019,2019-09-13,4807,2019-07-05,2123,621,VALLE,5,5,6,4807,0,0,0,,0,005,"GEORGIA ST","NAPA ST",0.00,,Y,A,-,N,,,,,,,,,,Y,2,0,2,2,A,-,01,23152,,N,C,C,A,A,H,-,C,A,0,,,,,Y,Y,A,01,1,0,1,0,0,0,0,0,0,"- ","- ",38.101028442382812,-122.25164794921875,SOLANO,VALLEJO,-122.25160980224609,38.101039886474609
8922467,2019,2019-09-13,4803,2019-08-22,1707,1594,,4,5,5,4803,0,0,0,,0,00S,"TRAVIS BL","PENNSYLVANIA AV",610.00,W,N,A,-,N,,,,,,,,,,Y,2,0,2,2,A,-,03,22350,,N,C,C,A,A,H,-,A,A,0,,,,,Y,,A,01,1,0,1,0,0,0,0,0,0,"- ","- ",38.258129119873047,-122.04988098144531,SOLANO,FAIRFIELD,-122.05213165283203,38.258193969726562
8939085,2019,2019-10-17,4806,2019-09-12,0905,234,901,4,5,5,4806,0,0,0,,0,009,"BROWNS VALLEY PKWY","ALLISON DR",1127.00,S,N,A,-,N,,,,,,,,,,Y,1,1,0,1,A,-,08,22107,,N,E,I,A,A,H,-,A,D,0,,,,,Y,,D,22,0,0,0,0,0,0,0,0,0,"- ","- ",38.369480133056641,-121.97096252441406,SOLANO,VACAVILLE,-121.96858215332031,38.366985321044922
8939611,2020,2022-06-11,4803,2020-01-07,0640,1524,,2,5,5,4803,0,0,0,,0,0CE,"NORTH TEXAS ST","AIR BASE PKWY",214.00,N,N,A,-,N,,,,,,,,,,Y,1,1,0,2,A,-,11,21954,A,N,G,B,D,A,H,-,C,A,0,Y,,,,Y,,N,60,0,0,0,1,0,0,0,0,0,"- ","- ",38.272670745849609,-122.03410339355469,SOLANO,FAIRFIELD,-122.03421783447266,38.273178100585938
8939646,2019,2021-05-25,4807,2019-01-22,1858,705,VALLE,2,5,6,4807,0,0,0,,0,007,"LEWIS BROWN DR","SONOMA BL",0.00,,Y,A,-,N,,,,,,,,,,Y,1,1,0,2,A,-,11,21955,,N,G,B,D,A,H,-,C,D,0,Y,,,,Y,,N,60,0,0,0,1,0,0,0,0,0,"- ","- ",38.137428283691406,-122.25627136230469,SOLANO,VALLEJO,-122.25604248046875,38.137699127197266
8980168,2019,2019-11-21,4807,2019-10-06,0840,636,VALLE,7,5,6,4807,0,0,0,,0,005,"BROADWAY ST","NEBRASKA ST",0.00,,Y,A,-,N,,,,,,,,,,N,2,0,1,2,A,-,10,21950,A,N,G,B,B,A,H,-,A,A,0,Y,,,,Y,,A,01,1,0,0,0,1,0,0,0,0,"- ","- ",38.113681793212891,-122.24855804443359,SOLANO,VALLEJO,-122.24851989746094,38.113658905029297
8984319,2019,2019-12-24,4807,2019-11-10,1940,703,VALLE,7,5,6,4807,0,0,0,,0,006,"TENNESSEE ST","BRANCIFORTE ST",66.00,E,N,A,-,N,,,,,,,,,,N,2,0,1,2,A,-,11,21954,A,M,G,B,D,A,H,-,C,D,0,Y,,,,Y,,N,60,1,0,0,0,1,0,0,0,0,"- ","- ",38.110099792480469,-122.26087951660156,SOLANO,VALLEJO,-122.26117706298828,38.110095977783203
90037687,2015,2015-10-26,9365,2015-09-03,2110,019094,,4,2,6,4807,0,1,1,,2,080,"I-80 E/B","GEORGIA ST. O/C",665.00,W,N,A,-,Y,,,80,,,,,,E,Y,1,1,0,5,A,-,11,21954,A,N,G,B,D,A,H,-,D,D,0,Y,,,,Y,,N,60,0,0,0,1,0,0,0,0,0,"- ","- ",38.098849999999999,-122.22974000000001,SOLANO,VALLEJO,-122.22970649,38.098849510000001
9004580,2019,2020-02-11,4803,2019-11-15,1608,1235,,5,5,5,4803,0,0,0,,0,0CE,"EAST TRAVIS BL","PHOENIX DR",143.00,E,N,A,-,N,,,,,,,,,,,2,0,1,2,A,-,11,21950,B,N,G,B,D,A,H,-,A,D,0,Y,,,,Y,Y,N,60,1,0,0,0,1,0,0,0,0,"- ","- ",38.258220672607422,-122.02313995361328,SOLANO,FAIRFIELD,-122.02246856689453,38.258159637451172
90084707,2015,2016-01-14,9365,2015-10-04,1545,016515,,7,2,9,4800,0,3,5,,2,040,"PORTER RD.","S. LINCOLN ST",41.00,S,N,A,-,Y,,,,,,,,,,Y,1,1,0,2,A,-,01,23152,A,N,C,G,A,A,H,-,A,D,0,,Y,,,Y,Y,D,22,0,0,0,0,0,1,0,0,0,"- ","- ",38.433059999999998,-121.83663,SOLANO,UNINCORPORATED,-121.83650179,38.433037579999997
90088647,2015,2016-01-05,9365,2015-09-30,0040,016783,,3,3,9,4800,0,1,1,,2,089,"I-80 W/B TO SR-113 N/B","OLD DAVIS RD",2950.00,W,N,A,-,Y,,,80,,,,R,,W,Y,1,1,0,1,A,-,01,23152,A,N,E,I,A,A,H,-,D,D,0,,,,,Y,Y,A,01,0,0,0,0,0,0,0,0,0,"- ","- ",38.52563,-121.76589,SOLANO,UNINCORPORATED,-121.76589,38.52563
90093784,2015,2016-01-12,9365,2015-12-19,1813,019051,,6,2,9,4800,0,1,1,,2,087,"I-80 E/B","MERIDIAN RD",528.00,W,N,B,-,Y,,,,,,,,,,Y,2,0,3,2,A,-,03,22350,,N,C,C,A,A,H,-,D,D,0,,,,,Y,,A,01,1,0,2,0,0,0,0,0,0,"- ","- ",38.39873,-122.91988000000001,SOLANO,UNINCORPORATED,-121.91524434999999,38.402531500000002
90094636,2015,2016-02-01,9365,2015-10-03,0325,019825,,6,3,5,4803,0,1,1,,2,084,"I-80 W/B","WATERMAN BLVD",1267.00,E,N,A,-,Y,,,80,,,,,,W,Y,1,1,0,2,A,-,03,22350,,N,C,C,A,A,H,-,D,D,0,,,,Y,Y,,F,55,0,0,0,0,0,0,0,0,0,"- ","- ",38.278399999999998,-122.04577999999999,SOLANO,FAIRFIELD,-122.04569895,38.278331680000001
90096979,2015,2016-01-18,9365,2015-11-21,1349,019986,,6,1,5,4803,0,1,1,,2,083,"I-80 W/B","GREEN VALLEY ROAD",215.00,E,N,A,-,Y,,,80,,,,,,W,Y,1,1,0,2,A,-,03,22350,,N,B,C,A,A,H,-,A,D,0,,,Y,,Y,,C,02,0,0,0,0,0,0,0,1,0,"- ","- ",38.216909999999999,-122.13791000000001,SOLANO,FAIRFIELD,-122.13787345999999,38.216857400000002
9011820,2019,2019-12-31,4807,2019-10-03,1508,708,,4,5,6,4807,0,0,0,,0,002,"GLEN COVE PKWY","BENICIA RD",145.00,S,N,A,-,N,,,,,,,,,,,2,0,2,3,A,-,03,22350,,N,C,C,A,A,H,-,A,D,0,,,,,Y,,A,01,1,0,1,0,0,0,0,0,0,"- ","- ",,,SOLANO,VALLEJO,-122.20873260498047,38.088726043701172
9012409,2019,2019-12-30,4805,2019-07-07,2220,5L105,4805,7,5,4,4805,0,0,0,,0,003,"SUNSET AV","RAILROAD AV",0.00,,N,A,-,N,,,,,,,,,,N,2,0,2,2,A,-,03,22350,,F,C,D,A,A,H,-,C,A,0,,,,,Y,,-,,1,0,1,0,0,0,0,0,0,"- ","- ",38.256198883056641,-122.01988220214844,SOLANO,"SUISUN CITY",-122.01995086669922,38.253890991210938
90147653,2016,2016-03-30,9365,2016-03-22,0930,013706,,2,1,3,4802,0,1,1,,2,089,"I-80 W/B","KIDWELL ROAD",1900.00,E,N,A,-,Y,,,,,,,,,,Y,2,0,1,2,A,-,03,22350,,N,C,C,A,A,H,-,A,D,0,,,,,Y,,A,01,1,0,0,0,0,0,0,0,0,"- ","- ",38.509500000000003,-121.7814,SOLANO,DIXON,-121.78152914,38.509469590000002
90147930,2016,2016-03-30,9365,2016-03-23,2005,016261,,3,2,5,4803,0,1,1,,2,083,"I-80 E/B","SR-12 (RIO VISTA)",1056.00,W,N,A,-,Y,,,80,,,,,,E,Y,2,0,2,2,A,-,07,21658,A,N,C,C,A,A,H,-,D,D,0,,,Y,,Y,,A,01,1,1,0,0,0,0,0,0,2,"- ","- ",38.238500000000002,-122.095,SOLANO,FAIRFIELD,-122.095046,38.238607770000002
90167563,2016,2016-04-28,9365,2016-04-17,2058,017654,,7,2,9,4800,0,3,5,,2,040,"SIEVERS RD","CURRY ROAD",1590.00,E,N,A,-,Y,,,,,,,,,,Y,2,0,1,1,A,-,01,23152,A,N,E,I,A,A,H,-,D,D,0,,,,,Y,Y,A,01,1,0,0,0,0,0,0,0,0,"- ","- ",38.48901,-121.81534000000001,SOLANO,UNINCORPORATED,-121.81673635,38.48901343
90172416,2016,2016-05-04,9365,2016-04-30,1755,016515,,6,2,9,4800,0,3,5,,2,040,"PUTAH CREEK RD","MCNEIL LN",2640.00,W,N,A,-,Y,,,,,,,,,,Y,2,0,2,1,A,-,08,22107,,N,E,I,A,A,H,-,A,D,0,,,,,Y,,D,22,1,0,1,0,0,0,0,0,0,"- ","- ",38.527920000000002,-121.90075,SOLANO,UNINCORPORATED,-121.9009739,38.527845329999998
90176906,2016,2016-05-11,9365,2016-04-05,1020,013706,,2,1,9,4800,0,1,A,,2,030,"LEWIS ROAD","FRY ROAD",0.00,,Y,A,-,N,,,,,,,,,,Y,1,1,0,2,A,-,01,23152,E,N,D,C,A,A,H,-,A,D,0,,,,,Y,,A,01,0,0,0,0,0,0,0,0,0,"- ","- ",38.3371,-121.89709999999999,SOLANO,UNINCORPORATED,-121.89695998000001,38.337189899999998
90194904,2016,2016-10-28,9365,2016-04-21,1940,015546,,4,2,5,4806,0,1,A,,2,030,"VANDEN RD","LEISURE TOWN RD",1046.00,S,N,A,-,N,,,,,,,,,,Y,2,0,1,1,A,-,01,23152,A,N,F,I,A,A,H,-,A,D,0,,,,,Y,Y,A,01,1,0,0,0,0,0,0,0,0,"- ","- ",38.313679999999998,-121.94295,SOLANO,VACAVILLE,-121.94299764,38.314108529999999
9020479,2019,2020-09-24,4805,2019-06-16,2308,5L102,4805,7,5,4,4805,0,0,0,,0,002,"RT 12","GRIZZLY ISLAND RD",0.00,,Y,A,-,Y,SOL,4,12,-,-,5.760,I,5,E,Y,2,0,1,2,A,-,12,21453,A,N,H,G,A,A,H,-,C,A,0,,Y,,,Y,,L,04,1,0,0,0,0,0,1,0,0,"- ","- ",38.243499755859375,-122.02020263671875,SOLANO,"SUISUN CITY",-122.02037811279297,38.243515014648438
90210489,2016,2016-06-27,9365,2016-06-19,1248,018954,,7,1,5,4806,0,1,1,,2,086,"I-80 W/B","ALLISON DRIVE",30.00,E,N,A,-,Y,,,80,,,,,,W,Y,2,0,3,5,A,-,03,22350,,N,C,C,A,A,H,-,A,D,0,,,Y,,Y,,D,22,1,0,2,0,0,0,0,0,1,"- ","- ",38.361649999999997,-121.96930999999999,SOLANO,VACAVILLE,-121.96932760999999,38.361678959999999
90215867,2016,2016-07-05,9365,2016-06-17,1700,018954,,5,2,9,4800,0,1,3,,2,122,"SR-113 S/B","COOK LANE",261.00,N,N,A,-,Y,,,113,,,,,,S,Y,2,0,2,3,A,-,01,23152,A,N,C,C,A,A,H,-,A,D,0,,,,,Y,Y,D,22,2,0,0,0,0,0,0,0,0,"- ","- ",38.286000000000001,-121.82379,SOLANO,UNINCORPORATED,-121.82375546,38.285999660000002
90219718,2016,2016-07-11,9365,2016-06-28,1415,015441,,2,2,9,4800,0,3,5,,2,040,"SILVEYVILLE RD","PITT SCHOOL RD",0.00,,Y,A,-,N,,,,,,,,,,Y,2,0,2,2,A,-,12,22450,A,N,D,C,A,A,H,-,A,A,0,,,,,Y,,A,01,1,0,1,0,0,0,0,0,0,"- ","- ",38.467399999999998,-121.84188,SOLANO,UNINCORPORATED,-121.84085992999999,38.467479879999999
90229272,2016,2016-07-25,9365,2016-07-10,0400,019749,,7,3,5,4803,0,1,1,,2,082,"I-80 W/B","RED TOP RD",528.00,W,N,A,-,Y,,,80,,,,,,W,Y,2,0,2,2,A,-,03,22350,,N,C,C,A,A,H,-,D,D,0,,,,,Y,Y,A,01,1,1,0,0,0,0,0,0,0,"- ","- ",38.19943,-122.16031,SOLANO,FAIRFIELD,-122.16030195,38.19942099
90239397,2016,2016-08-08,9365,2016-07-24,0907,017735,,7,1,9,4800,0,1,3,,2,122,"SR-12 W/B",SR-113,785.00,W,N,A,-,Y,,,12,,,,,,W,Y,2,0,1,2,C,-,18,,,N,G,B,E,A,C,-,A,D,0,Y,,,,Y,,-,"- ",1,0,0,0,1,0,0,0,0,"- ","- ",38.183700000000002,-121.80929999999999,SOLANO,UNINCORPORATED,-121.80929982000001,38.183640250000003
90245925,2016,2016-08-16,9365,2016-05-21,1848,019621,,6,2,9,4800,0,1,3,,2,113,"SR-113 N/B","HAY ROAD",0.00,,Y,A,-,Y,,,113,,,,,,N,Y,1,2,0,3,A,-,09,21801,A,N,A,C,A,A,H,-,A,A,0,,,Y,,Y,,A,01,0,0,0,0,0,0,0,2,0,"- ","- ",38.31503,-121.82344000000001,SOLANO,UNINCORPORATED,-121.82344584000001,38.315030180000001
90262034,2016,2016-09-06,9365,2016-08-17,1740,015441,,3,2,3,4802,0,1,1,,2,088,"I-80 W/B","DIXON AVE",750.00,E,N,A,-,Y,,,80,,,,,,W,Y,2,0,1,3,A,-,07,21658,A,N,C,C,A,A,H,-,A,D,0,,,,,Y,Y,A,01,1,0,0,0,0,0,0,0,0,"- ","- ",38.447960000000002,-121.8561,SOLANO,DIXON,-121.85613119999999,38.447999459999998