CASE_ID,ACCIDENT_YEAR,PROC_DATE,JURIS,COLLISION_DATE,COLLISION_TIME,OFFICER_ID,REPORTING_DISTRICT,DAY_OF_WEEK,CHP_SHIFT,POPULATION,CNTY_CITY_LOC,SPECIAL_COND,BEAT_TYPE,CHP_BEAT_TYPE,CITY_DIVISION_LAPD,CHP_BEAT_CLASS,BEAT_NUMBER,PRIMARY_RD,SECONDARY_RD,DISTANCE,DIRECTION,INTERSECTION,WEATHER_1,WEATHER_2,STATE_HWY_IND,CALTRANS_COUNTY,CALTRANS_DISTRICT,STATE_ROUTE,ROUTE_SUFFIX,POSTMILE_PREFIX,POSTMILE,LOCATION_TYPE,RAMP_INTERSECTION,SIDE_OF_HWY,TOW_AWAY,COLLISION_SEVERITY,NUMBER_KILLED,NUMBER_INJURED,PARTY_COUNT,PRIMARY_COLL_FACTOR,PCF_CODE_OF_VIOL,PCF_VIOL_CATEGORY,PCF_VIOLATION,PCF_VIOL_SUBSECTION,HIT_AND_RUN,TYPE_OF_COLLISION,MVIW,PED_ACTION,ROAD_SURFACE,ROAD_COND_1,ROAD_COND_2,LIGHTING,CONTROL_DEVICE,CHP_ROAD_TYPE,PEDESTRIAN_ACCIDENT,BICYCLE_ACCIDENT,MOTORCYCLE_ACCIDENT,TRUCK_ACCIDENT,NOT_PRIVATE_PROPERTY,ALCOHOL_INVOLVED,STWD_VEHTYPE_AT_FAULT,CHP_VEHTYPE_AT_FAULT,COUNT_SEVERE_INJ,COUNT_VISIBLE_INJ,COUNT_COMPLAINT_PAIN,COUNT_PED_KILLED,COUNT_PED_INJURED,COUNT_BICYCLIST_KILLED,COUNT_BICYCLIST_INJURED,COUNT_MC_KILLED,COUNT_MC_INJURED,PRIMARY_RAMP,SECONDARY_RAMP,LATITUDE,LONGITUDE,COUNTY,CITY,POINT_X,POINT_Y
90265464,2016,2016-09-12,9365,2016-08-26,1135,016970,9365,5,1,6,4807,0,1,1,,2,080,"I-80 E/B",I-780,300.00,E,N,A,-,Y,,,80,,,,,,E,Y,2,0,3,3,A,-,17,23114,A,M,C,C,A,A,H,-,B,D,0,,,,,Y,,A,07,1,0,2,0,0,0,0,0,0,"- ","- ",38.092530000000004,-122.22996999999999,SOLANO,VALLEJO,-122.23011434,38.09255039
90268318,2016,2016-09-15,9365,2016-09-06,1320,015546,,2,1,5,4806,0,2,S,,2,901,"ALLISON DR","ELMIRA RD",33.00,N,N,A,-,N,,,,,,,,,,Y,2,0,1,1,A,-,03,22350,,N,E,I,A,A,H,-,A,D,0,,,Y,,Y,,C,02,1,0,0,0,0,0,0,0,1,"- ","- ",38.352849999999997,-121.96474000000001,SOLANO,VACAVILLE,-121.96454068,38.352345190000001
90269932,2016,2016-09-19,9365,2016-08-20,1910,019051,,6,2,9,4800,0,1,1,,2,088,"I-80 E/B","DIXON AVE O/C",7920.00,W,N,A,-,Y,,,80,,,,,,E,Y,2,0,3,3,A,-,07,21658,A,F,D,C,A,A,H,-,A,D,0,,,,,Y,,A,01,1,0,2,0,0,0,0,0,0,"- ","- ",38.438690000000001,-121.86757,SOLANO,UNINCORPORATED,-121.86763259999999,38.438772950000001
90270454,2016,2016-09-19,9365,2016-09-09,0200,020774,,5,3,5,4803,0,1,1,,2,083,"I-80 E/B","ABERNATHY RD",200.00,W,N,A,-,Y,,,,,,,,,,Y,2,0,2,2,A,-,01,23152,E,N,B,C,A,A,H,-,C,D,0,,,,,Y,,A,01,1,0,1,0,0,0,0,0,0,"- ","- ",38.143099999999997,-122.51533999999999,SOLANO,FAIRFIELD,,
90270762,2016,2016-09-19,9365,2016-09-10,1129,015810,,6,1,9,4800,0,1,3,,2,113,"SR-113 N/B","FRY ROAD",0.00,,Y,A,-,Y,,,113,,,,,,N,Y,2,0,1,2,A,-,05,21752,D,N,C,C,A,A,H,-,A,D,0,,,Y,,Y,,C,02,1,0,0,0,0,0,0,0,1,"- ","- ",38.337139999999998,-121.82344999999999,SOLANO,UNINCORPORATED,-121.82325661,38.33713728
90284556,2016,2016-10-05,9365,2016-09-29,1320,016919,,4,1,9,4800,0,1,3,,2,184,"SR-84 N/B",SR-220,528.00,N,N,A,-,Y,,,84,,,,,,N,Y,2,0,1,1,A,-,03,22350,,N,F,A,A,A,H,-,A,D,0,,,Y,,Y,,C,02,1,0,0,0,0,0,0,0,1,"- ","- ",38.244309999999999,-121.65778,SOLANO,UNINCORPORATED,-121.65789402,38.244339199999999
90290617,2016,2016-10-12,9365,2016-09-20,1625,015546,,2,2,9,4800,0,1,A,,2,030,"MERIDIAN RD","ELIZABETH RD",331.00,N,N,A,-,N,,,,,,,,,,Y,1,1,0,1,A,-,08,22107,,N,E,I,A,A,H,-,A,D,0,,,,,Y,,D,22,0,0,0,0,0,0,0,0,0,"- ","- ",38.431170000000002,-121.91561,SOLANO,UNINCORPORATED,-121.91555683,38.431089129999997
90293052,2016,2016-10-17,9365,2016-10-01,2300,019644,,6,3,6,4807,0,1,3,,2,371,"SR-37 E/B FROM SONOMA BLVD","SONOMA BLVD",201.00,W,N,A,-,Y,,,37,,,,R,,E,Y,2,0,3,1,A,-,08,22107,,N,E,I,A,A,H,-,C,D,0,,,,,Y,,A,07,1,2,0,0,0,0,0,0,0,"- ","- ",38.137369999999997,-122.25671,SOLANO,VALLEJO,-122.25671,38.137369999999997
90307005,2016,2016-11-28,9365,2016-08-19,1650,018702,,5,2,9,4800,0,1,1,,2,089,"I-80 E/B","SR-113 N/B",316.00,W,N,A,-,Y,,,80,,,,,,E,Y,1,1,2,4,A,-,03,22350,,N,C,C,A,A,H,-,A,D,0,,,,,Y,,A,07,1,0,1,0,0,0,0,0,0,"- ","- ",38.52028,-121.76978,SOLANO,UNINCORPORATED,-121.76966160000001,38.520152529999997
90307943,2016,2016-11-01,9365,2016-10-24,1522,020579,,1,2,6,4807,0,1,1,,2,080,"I-80 E/B","SEQUOIA AVE",1056.00,E,N,C,-,Y,,,80,,,,,,E,Y,2,0,1,2,A,-,17,23114,A,N,E,J,A,B,H,-,A,D,0,,,,,Y,,D,22,1,0,0,0,0,0,0,0,0,"- ","- ",38.079859999999996,-122.23302,SOLANO,VALLEJO,-122.23307588,38.079850479999998
90313510,2016,2016-11-08,9365,2016-10-23,1340,020539,,7,1,9,4800,0,2,4,,2,301,"PLEASANTS VALLEY RD (7000 BLOCK)","SHALE PEAK LN",1436.00,S,N,A,-,Y,,,,,,,,,,Y,2,0,1,1,A,-,08,22107,,N,E,I,A,A,H,-,A,D,0,,,Y,,Y,,C,02,1,0,0,0,0,0,0,0,1,"- ","- ",38.424169999999997,-122.04631999999999,SOLANO,UNINCORPORATED,-122.05377034,38.442306539999997
90337242,2016,2016-12-07,9365,2016-09-18,0224,020067,,7,3,9,4800,0,1,1,,2,089,"I-80 E/B","KIDWELL RD",2640.00,E,N,A,-,Y,,,80,,,,,,E,Y,1,2,2,1,A,-,08,22107,,N,F,A,A,A,H,-,C,D,0,,,,,Y,,D,22,0,2,0,0,0,0,0,0,0,"- ","- ",38.514789999999998,-121.77513,SOLANO,UNINCORPORATED,-121.77525915,38.514927970000002
90364688,2016,2017-01-09,9365,2016-12-22,1520,019051,,4,2,9,4800,0,1,1,,2,681,"I-680 N/B","LAKE HERMAN RD",1800.00,N,N,A,-,Y,,,680,,,,,,N,Y,2,0,1,1,A,-,01,23152,A,N,E,I,A,A,H,-,A,D,0,,,,,Y,Y,A,01,1,0,0,0,0,0,0,0,0,"- ","- ",38.091450000000002,-122.10708,SOLANO,UNINCORPORATED,-122.1073128,38.091571549999998
90370669,2017,2017-01-17,9365,2017-01-04,1305,014264,,3,1,5,4803,0,1,1,,2,082,"I-80 W/B","RED TOP RD",3882.00,W,N,B,-,Y,,,80,,,,,,W,Y,2,0,2,1,A,-,03,22350,,N,E,I,A,A,H,-,A,D,0,,,,,Y,,D,22,1,1,0,0,0,0,0,0,0,"- ","- ",38.19408,-122.16601,SOLANO,FAIRFIELD,-122.16605002999999,38.194113250000001
9039849,2019,2020-02-19,4805,2019-11-15,1814,5L107,4805,5,5,4,4805,0,0,0,,0,001,"RODONDO AV","BROOKSIDE DR",166.00,E,N,A,-,N,,,,,,,,,,N,2,0,1,2,A,-,00,20001,,M,G,B,E,A,H,-,C,D,0,Y,,,,Y,,-,99,1,0,0,0,1,0,0,0,0,"- ","- ",38.247859954833984,-122.03035736083984,SOLANO,"SUISUN CITY",-122.02981567382812,38.248023986816406
90409220,2017,2017-03-09,9365,2017-01-10,1455,017820,,2,2,9,4800,0,1,3,,2,122,SR-12,"DENVERTON CREEK OVERCROSSING",180.00,E,N,C,-,Y,,,12,,,,,,,Y,1,1,0,2,A,-,08,22107,,N,D,C,A,B,H,-,A,D,0,,,,Y,Y,,A,01,0,0,0,0,0,0,0,0,0,"- ","- ",38.227200000000003,-121.8954,SOLANO,UNINCORPORATED,-121.89542006000001,38.227170430000001
90417625,2017,2017-03-22,9320,2017-03-14,1850,019238,,2,2,4,4801,0,1,1,,2,685,"I-680 N/B TO I-780 W/B","NORTH EDGE OF BENICIA BRIDGE",1320.00,N,N,A,-,Y,,,,,,,,,,Y,2,0,1,1,A,-,08,22107,,N,E,I,A,A,H,-,B,D,0,,,Y,,Y,,C,02,1,0,0,0,0,0,0,0,1,"- ","- ",,,SOLANO,BENICIA,,
90422044,2017,2017-03-28,9365,2017-03-10,1645,018702,,5,2,9,4800,0,3,5,,2,040,"PORTER RD","PORTER ST",0.00,,Y,A,-,N,,,,,,,,,,Y,2,0,1,2,A,-,09,21802,A,N,D,C,A,A,H,-,A,A,0,,,,,Y,,A,08,1,0,0,0,0,0,0,0,0,"- ","- ",38.417029999999997,-121.85093999999999,SOLANO,UNINCORPORATED,-121.83112991,38.439099919999997
90424136,2017,2017-03-30,9365,2017-03-20,2335,020074,,1,3,6,4807,0,1,1,,2,080,"INTERSTATE 80 (WESTBOUND)","MAGAZINE ST",870.00,E,N,C,-,Y,,,80,,,,,,,Y,2,0,1,1,A,-,03,22350,,N,E,I,A,B,H,-,C,D,0,,,,,Y,,A,01,1,0,0,0,0,0,0,0,0,"- ","- ",38.086550000000003,-122.23256000000001,SOLANO,VALLEJO,-122.2326101,38.086570469999998
9042992,2020,2020-02-20,4806,2020-01-01,1514,605,801,3,5,5,4806,0,0,0,,0,008,"MONTE VISTA AV","CALLEN ST E",272.00,E,N,B,-,N,,,,,,,,,,N,2,0,1,1,A,-,08,22107,,N,H,G,A,A,H,-,A,A,0,,Y,,,Y,,L,04,1,0,0,0,0,0,1,0,0,"- ","- ",38.36083984375,-121.97469329833984,SOLANO,VACAVILLE,-121.97911834716797,38.359256744384766
90438729,2017,2017-04-20,9365,2017-03-30,0652,015536,,4,1,5,4803,0,1,1,,2,085,"I-80 W/B","MANUEL CAMPOS PKWY.",1967.00,E,N,A,-,Y,,,80,,,,,,W,Y,2,0,1,2,A,-,17,21658,,N,B,C,A,A,H,-,A,D,0,,,Y,,Y,,A,01,1,0,0,0,0,0,0,0,1,"- ","- ",38.301340000000003,-122.03402,SOLANO,FAIRFIELD,-122.03409347,38.301342030000001
90438972,2017,2017-04-20,9365,2017-03-16,0833,016970,,4,1,6,4807,0,1,1,,2,081,"I-80 E/B","SOLANO AVE",118.00,W,N,B,-,Y,,,80,,,,,,E,Y,2,0,1,3,A,-,08,22107,,N,D,C,A,B,H,-,A,D,0,,,,Y,Y,,A,07,1,0,0,0,0,0,0,0,0,"- ","- ",38.105800000000002,-122.2295,SOLANO,VALLEJO,-122.22959557,38.105804460000002
90441222,2017,2017-04-25,9365,2017-02-17,0620,017735,,5,1,9,4800,0,1,3,,2,121,"SR-12 (JAMESON CANYON RD)","RED TOP RD",740.00,W,N,B,C,Y,,,12,,,,,,,Y,1,1,0,1,A,-,08,22107,,N,E,I,A,B,H,-,C,D,0,,,,,Y,,A,01,0,0,0,0,0,0,0,0,0,"- ","- ",38.207520000000002,-122.15944,SOLANO,UNINCORPORATED,-122.15944171,38.207640519999998
90443129,2017,2017-04-27,9365,2017-04-18,1014,014687,,2,1,6,4807,0,1,1,,2,081,"I-80 W/B","TENNESSEE ST",254.00,E,N,B,-,Y,,,80,,,,,,W,Y,2,0,1,1,A,-,03,22350,,N,E,I,A,B,H,-,A,D,0,,,,,Y,,A,01,1,0,0,0,0,0,0,0,0,"- ","- ",38.110410000000002,-122.23002,SOLANO,VALLEJO,-122.22976583000001,38.110412029999999
90466060,2017,2017-05-29,9365,2017-05-05,2350,020566,,5,3,9,4800,0,1,1,,2,087,"I-80 W/B","LEISURE TOWN ROAD",528.00,E,N,A,-,Y,,,80,,,,,,W,Y,2,0,2,2,A,-,03,22350,,N,B,C,A,A,H,-,C,D,0,,,Y,,Y,,C,02,1,0,1,0,0,0,0,0,2,"- ","- ",38.394770000000001,-121.92572,SOLANO,UNINCORPORATED,-121.92569657999999,38.394739510000001
90468957,2017,2017-06-01,9365,2017-05-19,1720,020508,,5,2,9,4800,0,1,3,,2,121,"SR-12 E/B","SPURS TRL",1690.00,W,N,A,-,Y,,,,,,,,,,Y,2,0,1,2,A,-,03,22350,,N,D,C,A,A,H,-,A,D,0,,,Y,,Y,,C,02,1,0,0,0,0,0,0,0,1,"- ","- ",38.123130000000003,-122.11342,SOLANO,UNINCORPORATED,-122.19278816000001,38.208810339999999
9046998,2020,2020-06-04,4807,2020-02-08,0124,621,"V PD",6,5,6,4807,0,0,0,,0,004,"5TH ST","MAGAZINE ST",9.00,N,N,A,-,N,,,,,,,,,,Y,2,0,1,2,A,-,01,23152,A,N,F,E,A,A,H,-,C,A,0,,,,,Y,Y,A,01,1,0,0,0,0,0,0,0,0,"- ","- ",38.083408355712891,-122.23695373535156,SOLANO,VALLEJO,-122.23687744140625,38.083431243896484
90478165,2017,2017-06-14,9365,2017-06-04,0700,016970,,7,1,9,4800,0,1,1,,2,505,"I-505 S/B","PUTAH CREEK ROAD",5280.00,S,N,A,-,Y,,,505,,,,,,S,Y,2,0,2,1,A,-,08,22107,,N,E,I,A,A,H,-,A,D,0,,,,,Y,,D,22,1,0,1,0,0,0,0,0,0,"- ","- ",38.508099999999999,-121.9528,SOLANO,UNINCORPORATED,-121.95273813999999,38.508114630000001
90490546,2017,2017-06-29,9365,2017-03-28,0238,019986,,2,3,5,4806,0,1,1,,2,505,"I-505 S/B","VACA VALLEY PKY",3472.00,S,N,A,-,Y,,,505,,,,,,S,Y,1,1,0,1,A,-,01,23152,A,N,E,I,A,A,H,-,D,D,0,,,,,Y,Y,A,01,0,0,0,0,0,0,0,0,0,"- ","- ",38.38355,-121.95255,SOLANO,VACAVILLE,-121.95242186999999,38.383519440000001
90497546,2017,2017-07-10,9365,2017-06-26,0420,020566,,1,3,6,4807,0,1,1,,2,081,"I-80 E/B TO SR-37 W/B","COLUMBUS PKY",500.00,S,N,A,-,Y,,,,,,,,,,Y,2,0,1,1,A,-,08,22107,,N,E,I,A,A,H,-,C,D,0,,,,,Y,,A,01,1,0,0,0,0,0,0,0,0,"- ","- ",38.137709999999998,-121.21968,SOLANO,VALLEJO,,
90502290,2017,2017-07-17,9365,2017-07-05,0100,019790,,3,3,9,4800,0,1,1,,2,088,"I-80 W/B","PITT SCHOOL RD",2112.00,E,N,A,-,Y,,,80,,,,,,W,Y,2,0,4,2,A,-,08,22107,,F,C,C,A,A,H,-,C,D,0,,,,,Y,,A,01,1,2,1,0,0,0,0,0,0,"- ","- ",38.464759999999998,-121.83457,SOLANO,UNINCORPORATED,-121.83457156,38.464762
90507049,2017,2017-07-24,9365,2017-07-16,1315,017559,,7,1,6,4807,0,1,3,,2,370,"SR-37 W/B","FAIRGROUNDS DR",700.00,E,N,A,-,Y,,,37,,,,,,W,Y,2,0,1,1,A,-,08,22107,,N,E,I,A,A,H,-,A,D,0,,,,,Y,,A,01,1,0,0,0,0,0,0,0,0,"- ","- ",38.141440000000003,-122.22685,SOLANO,VALLEJO,-122.22684911,38.141495130000003
9050786,2020,2020-11-25,4807,2020-08-16,1805,705,,7,5,6,4807,0,0,0,,0,007,"SONOMA BL","REDWOOD ST",0.00,,Y,A,-,Y,SOL,4,29,-,-,3.710,I,5,S,Y,2,0,2,2,A,-,09,21806,A,N,D,C,A,A,H,-,A,A,0,,,,,Y,,A,01,1,1,0,0,0,0,0,0,0,"- ","- ",38.123008728027344,-122.25537109375,SOLANO,VALLEJO,-122.25538635253906,38.122936248779297
90515883,2017,2017-08-03,9365,2017-07-26,1905,016505,,3,2,5,4803,0,1,1,,2,085,"I-80 W/B TO MANUAL CAMPOS PKWY","MANUEL CAMPOS PKWY",230.00,E,N,A,-,Y,,,80,,,,R,,W,Y,2,0,1,1,A,-,03,22350,,N,F,A,A,A,H,-,A,D,0,,,,,Y,,A,01,1,0,0,0,0,0,0,0,0,"- ","- ",38.298929999999999,-122.03451,SOLANO,FAIRFIELD,-122.03451,38.298929999999999
90519746,2017,2017-08-09,9365,2017-07-30,1120,013706,,7,1,9,4800,0,2,4,,2,301,"PLEASANTS VALLEY ROAD","QUAIL CANYON ROAD",419.00,S,N,A,-,N,,,,,,,,,,N,2,0,1,2,A,-,06,21755,,F,B,G,A,A,H,-,A,D,0,,Y,,,Y,,E,22,1,0,0,0,0,0,1,0,0,"- ","- ",38.466050000000003,-122.04989,SOLANO,UNINCORPORATED,-122.04989615,38.466164650000003
90522560,2017,2017-08-14,9365,2017-08-07,1340,019720,,1,1,9,4800,0,1,1,,2,077,"I-780 W/B","MILITIARY WEST ROAD",10.00,E,N,A,-,Y,,,,,,,,,,Y,2,0,1,1,A,-,08,22107,,N,F,I,A,A,H,-,A,D,0,,,,,Y,,D,22,1,0,0,0,0,0,0,0,0,"- ","- ",38.070039999999999,-122.18419,SOLANO,UNINCORPORATED,,
90539083,2017,2017-09-01,9365,2017-05-22,2325,018346,,1,3,5,4806,0,1,1,,2,087,"I-80 W/B","LEISURE TOWN RD O/C",2244.00,W,N,A,-,Y,,,80,,,,,,W,Y,1,1,1,1,A,-,08,22107,,N,F,A,A,A,H,-,C,D,0,,,,,Y,,A,07,0,1,0,0,0,0,0,0,0,"- ","- ",38.383839999999999,-121.93984,SOLANO,VACAVILLE,-121.93983964,38.383839479999999
90542013,2017,2017-09-06,9365,2017-08-27,1510,019790,,7,2,9,4800,0,1,1,,2,081,"I-80 E/B","REDWOOD ST",1745.00,E,N,A,-,Y,,,,,,,,,,Y,2,0,1,2,A,-,01,23152,A,N,C,C,A,A,H,-,A,D,0,,,,,Y,Y,D,22,1,0,0,0,0,0,0,0,0,"- ","- ",38.130220000000001,-122.2257,SOLANO,UNINCORPORATED,-122.22740655,38.12743811
90543355,2017,2017-09-08,9365,2017-09-02,1257,020141,,6,1,9,4800,0,1,A,,2,030,"RAMSEY RD.","GOLD HILL RD.",750.00,N,N,A,-,N,,,,,,,,,,Y,2,0,5,1,A,-,08,22107,,N,F,A,A,A,H,-,A,D,0,,,,,Y,,A,07,1,1,3,0,0,0,0,0,0,"- ","- ",38.18477,-122.13411000000001,SOLANO,UNINCORPORATED,-122.13413393,38.184711059999998
90544691,2017,2017-09-11,9365,2017-09-03,2210,021033,,7,3,9,4800,0,1,1,,2,089,"I-80 E/B","RICHARDS BLVD",1575.00,W,N,A,-,Y,,,,,,,,,,Y,2,0,1,1,A,-,08,22107,,N,E,I,A,A,H,-,C,D,0,,,,,Y,,A,01,1,0,0,0,0,0,0,0,0,"- ","- ",38.5366,-122.7393,SOLANO,UNINCORPORATED,,
9055078,2020,2020-03-02,4806,2020-01-30,1838,457,612,4,5,5,4806,0,0,0,,0,006,"FOXBORO PKWY","SEMINOLE DR",10.00,W,N,A,-,N,,,,,,,,,,Y,2,0,2,1,A,-,08,22107,,N,E,I,A,A,H,-,C,D,0,,,Y,,Y,,C,02,1,1,0,0,0,0,0,0,2,"- ","- ",38.323581695556641,-121.96919250488281,SOLANO,VACAVILLE,-121.96921539306641,38.323471069335938
90555119,2017,2017-09-25,9365,2017-09-17,1240,016970,,7,1,5,4806,0,1,A,,2,030,"STEIGER HILL RD","CANTELOW RD",8448.00,W,N,A,-,N,,,,,,,,,,N,2,0,1,1,A,-,03,22350,,N,E,J,A,A,H,-,A,D,0,,Y,,,Y,,L,04,1,0,0,0,0,0,1,0,0,"- ","- ",38.4131,-122.009,SOLANO,VACAVILLE,-122.00886,38.413130000000002
90568954,2017,2017-10-12,9365,2017-10-03,1555,016505,,2,2,5,4803,0,1,1,,2,085,"I-80 E/B","AIR BASE PKWY",800.00,E,N,A,-,Y,,,80,,,,,,E,N,2,0,1,3,A,-,03,22350,,M,B,C,A,A,H,-,A,D,0,,,Y,,Y,,C,02,1,0,0,0,0,0,0,0,1,"- ","- ",38.279760000000003,-122.044,SOLANO,FAIRFIELD,-122.04407544999999,38.279824929999997
90617551,2017,2017-12-14,9365,2017-10-18,1615,013235,,3,2,9,4800,0,3,5,,2,040,"PUTAH CREEK ROAD","MCNEIL LANE",7392.00,W,N,A,-,N,,,,,,,,,,Y,1,1,3,2,A,-,03,22350,,N,C,C,A,A,H,-,A,D,0,,,,,Y,,A,01,1,2,0,0,0,0,0,0,0,"- ","- ",38.523400000000002,-121.9131,SOLANO,UNINCORPORATED,-121.91616054000001,38.522554159999999
90618300,2017,2017-12-15,9365,2017-12-07,2310,020506,,4,3,9,4800,0,1,1,,2,087,"I-80 E/B","MERIDIAN RD",1580.00,E,N,A,-,Y,,,80,,,,,,E,Y,2,0,1,2,A,-,08,22107,,N,B,C,A,A,H,-,D,D,0,,,,Y,Y,,G,25,1,0,0,0,0,0,0,0,0,"- ","- ",38.40654,-121.90985999999999,SOLANO,UNINCORPORATED,-121.90990035999999,38.406594069999997
90629167,2017,2017-12-28,9365,2017-08-02,1014,014687,,3,1,9,4800,0,1,3,,2,113,SR-113,"MIDWAY RD",0.00,,Y,A,-,Y,,,113,,,,,,,Y,1,1,0,2,A,-,01,23152,F,N,D,C,A,A,H,-,A,A,0,,,,Y,Y,,A,01,0,0,0,0,0,0,0,0,0,"- ","- ",38.416679999999999,-121.82262,SOLANO,UNINCORPORATED,-121.82271812,38.416680739999997
9062990,2020,2020-07-06,4803,2020-03-07,1441,1686,,6,5,5,4803,0,0,0,,0,00S,"LINEAR PARK BIKE TRL","5TH ST",317.00,W,N,B,-,N,,,,,,,,,,Y,2,0,1,1,B,-,22,,,N,E,I,A,B,H,-,A,D,0,,,Y,,Y,,C,02,1,0,0,0,0,0,0,0,1,"- ","- ",38.253799438476562,-122.06108856201172,SOLANO,FAIRFIELD,,
90645040,2018,2018-01-22,9365,2018-01-13,1435,019458,,6,2,9,4800,0,1,A,,2,030,"POPLAR RD.","WILLOW RD.",75.00,W,N,A,-,N,,,,,,,,,,Y,2,0,1,2,A,-,09,21804,A,N,A,C,A,A,H,-,A,D,0,,,,,Y,,M,96,1,0,0,0,0,0,0,0,0,"- ","- ",38.380580902099609,-121.92508697509766,SOLANO,UNINCORPORATED,-121.92504119873047,38.380565643310547
90661294,2018,2018-02-14,9365,2018-02-08,2345,018712,,4,3,9,4800,0,1,1,,2,088,"I-80 W/B","PEDRICK RD",300.00,E,N,A,-,Y,,,,,,,,,,Y,2,0,1,2,A,-,01,23152,A,N,C,C,A,A,H,-,D,D,0,,,,Y,Y,Y,A,01,1,0,0,0,0,0,0,0,0,"- ","- ",38.292240142822266,-121.48108673095703,SOLANO,UNINCORPORATED,-121.80309295654297,38.489444732666016
90669995,2018,2018-02-26,9365,2018-02-17,0615,017735,,6,1,5,4803,0,1,1,,2,083,"I-80 W/B","SUISUN VALLEY RD OVERCROSSING",1550.00,W,N,A,-,Y,,,80,,,,,,W,Y,2,0,1,2,A,-,03,22350,,N,D,C,A,A,H,-,D,D,0,,,,,Y,,A,01,1,0,0,0,0,0,0,0,0,"- ","- ",38.220119476318359,-122.13291931152344,SOLANO,FAIRFIELD,-122.13300323486328,38.220233917236328
90706551,2018,2018-04-16,9365,2018-03-30,1600,021050,,5,2,5,4803,0,1,1,,2,083,"I-80 E/B","SUISUN VALLEY RD",1510.00,E,N,B,-,Y,,,80,,,,,,E,Y,2,0,3,4,A,-,07,21658,A,F,B,C,A,A,H,-,A,D,0,,,,Y,Y,,A,01,1,0,2,0,0,0,0,0,0,"- ","- ",38.225368499755859,-122.12467193603516,SOLANO,FAIRFIELD,-122.1246337890625,38.225296020507812
90716744,2018,2018-04-30,9365,2018-04-26,2110,021027,,4,2,9,4800,0,1,A,,2,030,"PLEASANTS VALLEY RD","GATES CANYON RD",355.00,N,N,A,-,N,,,,,,,,,,Y,2,0,1,1,A,-,08,22107,,N,E,I,A,A,H,-,D,D,0,,,,,Y,,A,01,1,0,0,0,0,0,0,0,0,"- ","- ",38.377059936523438,-122.02619171142578,SOLANO,UNINCORPORATED,-122.02616882324219,38.377094268798828
90727882,2018,2018-05-16,9365,2018-05-13,1400,020085,,7,2,5,4803,0,1,1,,2,084,"I-80 E/B","AIR BASE PKY",2006.00,W,N,A,-,Y,,,80,,,,,,E,Y,2,0,2,2,A,-,07,21658,A,N,B,C,A,A,H,-,A,D,0,,,Y,,Y,,A,01,2,0,0,0,0,0,0,0,2,"- ","- ",38.268409729003906,-122.05388641357422,SOLANO,FAIRFIELD,-122.05381011962891,38.268337249755859
90735099,2018,2018-05-25,9365,2018-05-20,1740,020566,,7,2,5,4803,0,1,1,,2,084,"I-80 E/B","WATERMAN BLVD",50.00,W,N,A,-,Y,,,80,,,,,,E,Y,2,0,2,1,A,-,03,22350,,N,F,A,A,A,H,-,E,D,0,,,Y,,Y,,C,02,1,1,0,0,0,0,0,0,2,"- ","- ",38.272899627685547,-122.05030059814453,SOLANO,FAIRFIELD,-122.05010223388672,38.272731781005859
90736457,2018,2018-05-29,9365,2018-05-20,0729,016970,,7,1,9,4800,0,1,1,,2,089,"I-80 E/B","KIDWELL RD",300.00,W,N,A,-,Y,,,80,,,,,,E,Y,2,0,2,1,A,-,08,22107,,N,F,A,A,A,H,-,A,D,0,,,,,Y,,A,07,2,0,0,0,0,0,0,0,0,"- ","- ",38.504798889160156,-121.78589630126953,SOLANO,UNINCORPORATED,-121.78600311279297,38.504905700683594
90743595,2018,2018-06-07,9365,2018-05-27,0625,016970,,7,1,9,4800,0,1,A,,2,030,"VACA VALLEY ROAD","N. ORCHARD AVE",1056.00,W,N,A,-,N,,,,,,,,,,Y,2,0,2,1,A,-,01,23152,A,N,F,A,A,A,H,-,A,D,0,,,,,Y,Y,A,07,1,0,1,0,0,0,0,0,0,"- ","- ",38.379501342773438,-122.00879669189453,SOLANO,UNINCORPORATED,-122.00821685791016,38.379390716552734
90745285,2018,2018-06-11,9365,2018-06-02,2305,018712,,6,3,9,4800,0,1,1,,2,087,"I-80 W/B","MERIDIAN RD",400.00,W,N,A,-,Y,,,,,,,,,,Y,2,0,2,1,A,-,08,22107,,N,E,I,A,A,H,-,D,D,0,,,,,Y,,A,01,1,1,0,0,0,0,0,0,0,"- ","- ",38.241081237792969,-121.54547882080078,SOLANO,UNINCORPORATED,-121.91509246826172,38.402927398681641
90766527,2018,2018-07-10,9365,2018-07-02,0330,020774,,1,3,9,4800,0,1,1,,2,089,"I-80 E/B","PEDRICK RD",3696.00,E,N,A,-,Y,,,80,,,,,,E,Y,2,0,2,1,A,-,08,22107,,N,E,I,A,A,H,-,D,D,0,,,,,Y,,A,01,1,1,0,0,0,0,0,0,0,"- ","- ",38.501930236816406,-121.78913116455078,SOLANO,UNINCORPORATED,-121.78914642333984,38.501949310302734