CASE_ID,ACCIDENT_YEAR,PROC_DATE,JURIS,COLLISION_DATE,COLLISION_TIME,OFFICER_ID,REPORTING_DISTRICT,DAY_OF_WEEK,CHP_SHIFT,POPULATION,CNTY_CITY_LOC,SPECIAL_COND,BEAT_TYPE,CHP_BEAT_TYPE,CITY_DIVISION_LAPD,CHP_BEAT_CLASS,BEAT_NUMBER,PRIMARY_RD,SECONDARY_RD,DISTANCE,DIRECTION,INTERSECTION,WEATHER_1,WEATHER_2,STATE_HWY_IND,CALTRANS_COUNTY,CALTRANS_DISTRICT,STATE_ROUTE,ROUTE_SUFFIX,POSTMILE_PREFIX,POSTMILE,LOCATION_TYPE,RAMP_INTERSECTION,SIDE_OF_HWY,TOW_AWAY,COLLISION_SEVERITY,NUMBER_KILLED,NUMBER_INJURED,PARTY_COUNT,PRIMARY_COLL_FACTOR,PCF_CODE_OF_VIOL,PCF_VIOL_CATEGORY,PCF_VIOLATION,PCF_VIOL_SUBSECTION,HIT_AND_RUN,TYPE_OF_COLLISION,MVIW,PED_ACTION,ROAD_SURFACE,ROAD_COND_1,ROAD_COND_2,LIGHTING,CONTROL_DEVICE,CHP_ROAD_TYPE,PEDESTRIAN_ACCIDENT,BICYCLE_ACCIDENT,MOTORCYCLE_ACCIDENT,TRUCK_ACCIDENT,NOT_PRIVATE_PROPERTY,ALCOHOL_INVOLVED,STWD_VEHTYPE_AT_FAULT,CHP_VEHTYPE_AT_FAULT,COUNT_SEVERE_INJ,COUNT_VISIBLE_INJ,COUNT_COMPLAINT_PAIN,COUNT_PED_KILLED,COUNT_PED_INJURED,COUNT_BICYCLIST_KILLED,COUNT_BICYCLIST_INJURED,COUNT_MC_KILLED,COUNT_MC_INJURED,PRIMARY_RAMP,SECONDARY_RAMP,LATITUDE,LONGITUDE,COUNTY,CITY,POINT_X,POINT_Y
90775441,2018,2018-07-24,9365,2018-07-21,0929,017508,,6,1,5,4803,0,1,1,,2,084,"I-80 E/B","NORTH TEXAS ST.",1320.00,W,N,A,-,Y,,,80,,,,,,E,Y,2,0,8,3,A,-,03,22350,,N,A,C,A,A,H,-,A,D,0,,,,,Y,,A,01,1,3,4,0,0,0,0,0,0,"- ","- ",38.287799835205078,-122.03749847412109,SOLANO,FAIRFIELD,-122.03738403320312,38.287704467773438
90776372,2018,2018-07-25,9365,2018-07-15,2340,021050,,7,3,6,4807,0,1,1,,2,077,"I-780 W/B","LEMON ST",8.00,E,N,A,-,Y,,,780,,,,,,W,Y,2,0,1,2,A,-,01,23152,A,F,C,C,A,A,H,-,C,D,0,,,Y,,Y,Y,A,01,1,0,0,0,0,0,0,0,1,"- ","- ",38.092739105224609,-122.23459625244141,SOLANO,VALLEJO,-122.23459625244141,38.092754364013672
90780024,2018,2018-07-30,9365,2018-04-13,1930,021050,,5,2,9,4800,0,1,A,,2,030,"CORDELIA ROAD (2200 BLOCK)","PENNSYLVANIA AVE",187.00,W,N,A,-,N,,,,,,,,,,Y,1,1,0,1,A,-,01,23152,A,N,E,I,A,A,H,-,A,D,0,,,Y,,Y,Y,C,02,0,0,0,0,0,0,0,1,0,"- ","- ",38.235179901123047,-122.05425262451172,SOLANO,UNINCORPORATED,-122.05402374267578,38.235416412353516
90781175,2018,2018-07-31,9365,2018-07-20,1505,020579,,5,2,6,4807,0,1,1,,2,080,"I-80 E/B","CARQUINEZ TOLL PLAZA",180.00,E,N,A,-,Y,,,80,,,,,,E,N,2,0,1,2,A,-,07,21658,A,F,D,C,A,A,H,-,A,D,0,,,Y,,Y,,-,99,1,0,0,0,0,0,0,0,1,"- ","- ",38.08251953125,-122.23326110839844,SOLANO,VALLEJO,-122.2332763671875,38.08251953125
90803823,2018,2018-08-31,9365,2018-08-26,0257,021050,,7,3,6,4807,0,1,1,,2,080,"I-80 W/B TO I-780","BENICIA RD",120.00,W,N,A,-,Y,,,80,,,,R,,W,Y,2,0,1,1,A,-,08,22107,,N,E,I,A,A,H,-,C,D,0,,,,,Y,,A,07,1,0,0,0,0,0,0,0,0,"- ","- ",38.094158172607422,-122.23033142089844,SOLANO,VALLEJO,-122.23033142089844,38.094158172607422
90803847,2018,2018-10-23,9365,2018-08-26,0125,021382,,7,3,6,4807,0,1,1,,2,080,"I-80 W/B","GEORGIA ST.",800.00,E,N,A,-,Y,,,80,,,,,,W,Y,2,0,1,1,A,-,08,22107,,N,B,I,A,A,H,-,D,D,0,,,,,Y,,A,01,1,0,0,0,0,0,0,0,0,"- ","- ",38.102821350097656,-122.22975158691406,SOLANO,VALLEJO,-122.22985076904297,38.102821350097656
90809571,2018,2018-09-11,9365,2018-08-25,1300,017735,,6,1,9,4800,0,2,4,,2,301,"PLEASANTS VALLEY RD","BREHME LANE",500.00,S,N,A,-,N,,,,,,,,,,Y,2,0,1,1,A,-,01,23152,A,N,F,A,A,A,H,-,A,D,0,,,Y,,Y,Y,C,02,1,0,0,0,0,0,0,0,1,"- ","- ",38.415401458740234,-122.04254913330078,SOLANO,UNINCORPORATED,-122.04262542724609,38.415569305419922
90810624,2018,2018-09-11,9365,2018-09-08,1458,021050,,6,2,9,4800,0,1,3,,2,121,"SR-12 E/B","RED TOP RD",7130.00,W,N,A,-,Y,,,12,,,,,,E,Y,2,0,1,1,A,-,03,22350,,N,F,A,A,A,H,-,A,D,0,,,Y,,Y,,C,02,1,0,0,0,0,0,0,0,1,"- ","- ",38.207218170166016,-122.18115234375,SOLANO,UNINCORPORATED,-122.18115997314453,38.207191467285156
90822679,2018,2018-09-27,9365,2018-09-20,1455,015882,,4,2,5,4803,0,1,3,,2,122,"SR-12 E/B","CHADBOURNE RD",1584.00,E,N,A,-,Y,,,12,,,,,,E,Y,2,0,2,4,A,-,03,22350,,N,C,C,A,A,H,-,A,D,0,,,,,Y,,A,01,1,1,0,0,0,0,0,0,0,"- ","- ",38.239860534667969,-122.07823181152344,SOLANO,FAIRFIELD,-122.07823181152344,38.239871978759766
90834912,2018,2018-10-12,9365,2018-10-07,0124,020633,,7,3,4,4801,0,1,1,,2,078,"I-780, E/B, TO COLUMBUS PARKWAY","STATE PARK RD",690.00,E,N,A,-,Y,,,780,,,,R,,E,Y,2,0,1,1,A,-,01,23152,A,N,E,I,A,A,H,-,C,D,0,,,Y,,Y,Y,C,02,1,0,0,0,0,0,0,0,1,"- ","- ",38.078639984130859,-122.19158172607422,SOLANO,BENICIA,-122.19158172607422,38.078639984130859
90835063,2018,2018-12-07,9365,2018-06-09,0036,021033,,6,3,5,4803,0,1,3,,2,122,"SR-12 E/B","CHADBOURNE RD",1130.00,E,N,A,-,Y,,,12,,,,,,E,Y,1,1,1,3,A,-,11,21956,A,N,G,B,E,A,H,-,C,D,0,Y,,,,Y,Y,N,60,1,0,0,1,1,0,0,0,0,"- ","- ",38.239791870117188,-122.07998657226562,SOLANO,FAIRFIELD,-122.07999420166016,38.239830017089844
90841754,2018,2018-10-22,9365,2018-08-21,1130,016919,,2,1,5,4803,0,1,1,,2,085,"I-80 W/B","MANUEL CAMPOS PKWY O/C",2640.00,E,N,B,-,Y,,,,,,,,,,Y,2,0,5,6,A,-,08,22107,,N,C,C,E,A,D,-,A,A,0,Y,,,,Y,,D,22,1,1,3,0,3,0,0,0,0,"- ","- ",38.227531433105469,-122.09697723388672,SOLANO,FAIRFIELD,-122.0341796875,38.295360565185547
90852832,2018,2018-11-05,9365,2018-10-25,2102,020566,,4,2,5,4803,0,1,1,,2,083,"I-80 E/B","SUISUN VALLEY RD",400.00,E,N,A,-,Y,,,80,,,,,,E,Y,2,0,1,4,A,-,03,22350,,N,C,C,A,A,H,-,D,D,0,,,Y,,Y,,C,02,1,0,0,0,0,0,0,0,1,"- ","- ",38.225200653076172,-122.12460327148438,SOLANO,FAIRFIELD,-122.12464904785156,38.225288391113281
90855649,2018,2018-11-07,9365,2018-10-27,2225,018634,,6,3,9,4800,0,3,5,,2,040,"PEDRICK RD","CASEY RD",0.00,,Y,A,-,N,,,,,,,,,,N,2,0,1,1,A,-,01,23152,A,N,F,A,A,A,H,-,D,A,0,,,Y,,Y,Y,C,06,1,0,0,0,0,0,0,0,1,"- ","- ",38.391090393066406,-121.80446624755859,SOLANO,UNINCORPORATED,-121.80442810058594,38.391071319580078
90864797,2018,2018-11-21,9365,2018-11-02,0545,019195,,5,3,3,4802,0,1,1,,2,089,"I-80 E/B","PEDRICK RD",2775.00,W,N,A,-,Y,,,80,,,,,,E,Y,2,0,1,2,A,-,08,22107,,N,B,C,A,A,H,-,A,D,0,,,,Y,Y,,D,22,1,0,0,0,0,0,0,0,0,"- ","- ",38.483119964599609,-121.81072235107422,SOLANO,DIXON,-121.81074523925781,38.483154296875
90866735,2018,2018-11-26,9365,2018-11-07,2055,019927,,3,2,4,4801,0,1,1,,2,077,"I-780 W/B","ROSE DR",237.00,E,N,A,-,Y,,,780,,,,,,W,Y,2,0,1,2,A,-,03,22350,,F,C,C,A,A,H,-,D,D,0,,,,,Y,,A,01,1,0,0,0,0,0,0,0,0,"- ","- ",38.080379486083984,-122.19230651855469,SOLANO,BENICIA,-122.19256591796875,38.080097198486328
90873415,2018,2018-12-03,9365,2018-11-22,0140,021127,,4,3,5,4806,0,1,1,,2,086,"I-80 E/B","ALLISON DR",426.00,W,N,B,-,Y,,,80,,,,,,E,Y,2,0,4,2,A,-,08,22107,,N,B,C,A,A,H,-,C,D,0,,,,,Y,,A,01,2,1,1,0,0,0,0,0,0,"- ","- ",38.360591888427734,-121.97052764892578,SOLANO,VACAVILLE,-121.97056579589844,38.360645294189453
90879010,2018,2018-12-10,9365,2018-06-23,1230,020579,,6,1,6,4807,0,1,3,,2,371,"I-80 W/B TO SR-37 W/B","SR-37 E/B",959.00,E,N,A,-,Y,,,80,,,,R,,W,Y,1,1,0,2,A,-,08,22107,,N,B,C,A,A,H,-,A,D,0,,,,,Y,,A,07,0,0,0,0,0,0,0,0,0,"- ","- ",38.143669128417969,-122.2177734375,SOLANO,VALLEJO,-122.2177734375,38.143669128417969
90884769,2018,2018-12-17,9365,2018-07-23,1524,019986,,1,2,9,4800,0,1,1,,2,080,"I-80 E/B","SOLANO/CONTRA COSTA COUNTY LINE",249.00,E,N,A,-,Y,,,80,,,,,,E,Y,1,1,1,5,A,-,03,22350,,N,C,C,E,A,H,-,A,D,0,Y,,,Y,Y,,G,25,1,0,0,1,1,0,0,0,0,"- ","- ",38.061489105224609,-122.2252197265625,SOLANO,UNINCORPORATED,-122.22523498535156,38.061489105224609
90906246,2019,2019-01-17,9365,2019-01-05,1332,019927,,6,1,5,4803,0,2,S,,2,901,"MANUEL CAMPOS PARKWAY","I-80 E/B OFF RAMP",0.00,,Y,B,-,N,,,,,,,,,,Y,2,0,1,2,A,-,12,21453,A,F,A,C,A,A,H,-,A,A,0,,,,,Y,,A,07,1,0,0,0,0,0,0,0,0,"- ","- ",38.294868469238281,-122.03347778320312,SOLANO,FAIRFIELD,-122.033394,38.294867000000004
90909218,2019,2019-01-22,9365,2019-01-16,2025,017747,,3,2,5,4803,0,1,1,,2,085,"I-80 W/B","MANUEL CAMPOS PARKWAY O/C",5280.00,E,N,B,C,Y,,,80,,,,,,W,Y,2,0,2,1,A,-,08,22107,,N,E,I,A,B,H,-,E,D,0,,,,,Y,,A,01,1,1,0,0,0,0,0,0,0,"- ","- ",38.309700012207031,-122.03369903564453,SOLANO,FAIRFIELD,-122.03360748291016,38.309684753417969
90916318,2019,2019-01-31,9365,2019-01-24,2200,020508,,4,3,9,4800,0,2,4,,2,302,"GIBSON CANYON RD","INDEPENDENCE LN",1100.00,S,N,A,-,N,,,,,,,,,,Y,2,0,1,1,A,-,01,23152,A,N,E,I,A,A,H,-,D,D,0,,,,,Y,Y,D,22,1,0,0,0,0,0,0,0,0,"- ","- ",38.408138275146484,-121.99411773681641,SOLANO,UNINCORPORATED,-121.99323272705078,38.408699035644531
90917614,2019,2019-02-01,9365,2019-01-27,1910,019790,,7,2,9,4800,0,1,1,,2,088,"I-80 W/B","KIDWELL RD",300.00,W,N,A,-,Y,,,80,,,,,,W,Y,2,0,1,3,A,-,03,22350,,N,C,C,A,A,H,-,D,D,0,,,,,Y,,A,01,1,0,0,0,0,0,0,0,0,"- ","- ",38.503658294677734,-121.78782653808594,SOLANO,UNINCORPORATED,-121.78779602050781,38.503627777099609
90918701,2018,2019-02-04,9365,2018-06-23,0035,021382,,6,3,6,4807,0,2,S,,2,901,"LEMON ST","SONOMA BLVD",66.00,E,N,A,-,N,,,,,,,,,,Y,1,1,0,1,A,-,01,23152,A,N,E,I,A,A,H,-,C,D,0,,,,,Y,Y,A,01,0,0,0,0,0,0,0,0,0,"- ","- ",38.087799072265625,-122.24340057373047,SOLANO,VALLEJO,-122.24327850341797,38.087909698486328
90925151,2018,2019-02-13,9365,2018-10-27,0252,021027,,6,3,9,4800,0,1,1,,2,082,"I-80 W/B","AMERICAN CANYON RD",4510.00,E,N,A,-,Y,,,80,,,,,,W,Y,1,1,0,2,A,-,01,23152,F,N,C,E,A,A,H,-,C,D,0,,,,Y,Y,,A,01,0,0,0,0,0,0,0,0,0,"- ","- ",38.178848266601562,-122.18984985351562,SOLANO,UNINCORPORATED,-122.18978118896484,38.178768157958984
90940030,2019,2019-03-05,9365,2019-02-25,1043,020068,,1,1,5,4803,0,1,1,,2,083,"I-80 E/B","SR-12 E/B",455.00,E,N,B,-,Y,,,80,,,,,,E,Y,2,0,1,1,A,-,08,22107,,N,E,I,A,A,H,-,A,D,0,,,,,Y,,A,01,1,0,0,0,0,0,0,0,0,"- ","- ",38.20928955078125,-122.14856719970703,SOLANO,FAIRFIELD,-122.14848327636719,38.209163665771484
90941506,2019,2019-03-07,9365,2019-03-03,2025,020774,,7,2,9,4800,0,1,1,,2,081,"AMERICAN CANYON RD","I-80 W/B TO AMERICAN CANYON RD",5.00,W,N,B,-,Y,,,,,,,,,,Y,2,0,4,2,A,-,01,23152,A,F,D,C,A,B,H,-,C,A,0,,,,,Y,Y,A,01,1,3,0,0,0,0,0,0,0,"- ","- ",38.169891357421875,-122.20008087158203,SOLANO,UNINCORPORATED,,
90953122,2018,2019-04-11,9365,2018-11-09,2500,019651,,5,4,5,4803,0,1,1,,2,083,"I-80 E/B","SR-12 (RIO VISTA)",10.00,W,N,A,-,Y,,,80,,,,,,E,Y,1,3,0,1,A,-,08,22107,,N,E,I,A,A,H,-,D,D,0,,,,,Y,,A,01,0,0,0,0,0,0,0,0,0,"- ","- ",38.239971160888672,-122.09165954589844,SOLANO,FAIRFIELD,-122.09170532226562,38.240066528320312
90973704,2019,2019-04-23,9365,2019-04-05,1115,015293,,5,1,5,4806,0,1,1,,2,086,"I-80 E/B","ELMIRA RD",1267.00,E,N,B,-,Y,,,80,,,,,,E,Y,2,0,1,1,A,-,08,22107,,N,E,J,A,B,H,-,A,D,0,,,,,Y,,A,01,1,0,0,0,0,0,0,0,0,"- ","- ",38.357311248779297,-121.97505950927734,SOLANO,VACAVILLE,-121.97512817382812,38.357387542724609
90991164,2019,2019-05-17,9365,2019-05-04,1434,020068,,6,2,9,4800,0,2,4,,2,202,"SUISUN VALLEY RD","JOYCE LN",2975.00,N,N,A,-,N,,,,,,,,,,Y,2,0,3,2,A,-,05,21460,A,N,A,C,A,A,H,-,A,D,0,,,Y,,Y,,C,02,1,2,0,0,0,0,0,0,1,"- ","- ",38.31005859375,-122.12906646728516,SOLANO,UNINCORPORATED,-122.12906646728516,38.310077667236328
9099290,2020,2021-02-09,4807,2020-04-30,1343,731,VALLE,4,5,6,4807,0,0,0,,0,004,"MAINE ST","SONOMA BL",0.00,,Y,A,-,Y,SOL,4,29,-,-,2.066,I,5,N,,2,0,1,2,A,-,10,21950,A,N,G,B,B,A,H,-,A,A,0,Y,,,,Y,,I,20,1,0,0,0,1,0,0,0,0,"- ","- ",38.09912109375,-122.25502777099609,SOLANO,VALLEJO,-122.25502777099609,38.099227905273438
90993534,2019,2019-05-22,9365,2019-05-16,0720,016783,,4,1,9,4800,0,3,5,,2,040,"OLD DAVIS RD","LEVEE RD",0.00,,Y,B,C,N,,,,,,,,,,N,2,0,1,2,A,-,08,22107,,N,D,G,A,B,H,-,A,D,0,,Y,,,Y,,A,01,1,0,0,0,0,0,1,0,0,"- ","- ",38.518100738525391,-121.75662994384766,SOLANO,UNINCORPORATED,-121.75702667236328,38.518440246582031
90994365,2019,2019-05-30,9365,2019-05-02,0055,017736,,4,3,6,4807,0,1,1,,2,081,"I-80 W/B","REDWOOD ST",2640.00,E,N,A,-,Y,,,,,,,,,,Y,2,0,1,2,A,-,08,22107,,F,C,E,A,A,H,-,D,D,0,,,,Y,Y,,A,01,1,0,0,0,0,0,0,0,0,"- ","- ",38.747451782226562,-122.13349151611328,SOLANO,VALLEJO,-122.22624206542969,38.129600524902344
91011127,2019,2019-06-17,9365,2019-06-09,1709,019927,,7,2,9,4800,0,1,1,,2,081,"SR-37 W/B","NOBLE RD",4382.00,E,N,A,-,Y,,,,,,,,,,Y,2,0,1,2,A,-,03,22350,,N,C,C,A,A,H,-,A,D,0,,,Y,,Y,,C,02,1,0,0,0,0,0,0,0,1,"- ","- ",38.092010498046875,-122.24220275878906,SOLANO,UNINCORPORATED,,
91016476,2019,2019-06-24,9365,2019-06-17,1130,020981,,1,1,5,4803,0,1,1,,2,083,"I-80 E/B","PITTMAN ROAD",1140.00,W,N,A,-,Y,,,80,,,,,,E,Y,2,0,2,3,A,-,07,21658,A,N,E,I,A,A,H,-,A,D,0,,,,Y,Y,,A,01,1,1,0,0,0,0,0,0,0,"- ","- ",38.220661163330078,-122.13195037841797,SOLANO,FAIRFIELD,-122.13194274902344,38.220653533935547
91018011,2019,2019-06-26,9365,2019-06-12,1707,018803,,3,2,9,4800,0,3,5,,2,020,"MANKAS CORNER RD","LEDGEWOOD RD",1042.00,E,N,A,-,N,,,,,,,,,,Y,2,0,1,1,A,-,08,22107,,N,E,I,A,A,H,-,A,D,0,,,,,Y,,A,01,1,0,0,0,0,0,0,0,0,"- ","- ",38.278041839599609,-122.09889984130859,SOLANO,UNINCORPORATED,-122.09885406494141,38.278045654296875
91032891,2019,2019-07-17,9365,2019-07-13,1440,019790,,6,2,5,4806,0,1,1,,2,086,"I-80 W/B","NUT TREE RD",300.00,W,N,A,-,Y,,,80,,,,,,W,Y,2,0,1,2,A,-,07,21658,A,N,B,C,A,A,H,-,A,D,0,,,Y,,Y,,A,01,1,0,0,0,0,0,0,0,1,"- ","- ",38.368461608886719,-121.95932769775391,SOLANO,VACAVILLE,-121.95941162109375,38.368556976318359
91038121,2019,2019-07-25,9365,2019-07-20,1615,020508,,6,2,5,4806,0,1,1,,2,086,"I-80 E/B","ALAMO DR",750.00,E,N,A,-,Y,,,80,,,,,,E,Y,2,0,2,2,A,-,08,22107,,N,B,C,A,A,H,-,A,D,0,,,,,Y,,A,01,1,1,0,0,0,0,0,0,0,"- ","- ",38.347450256347656,-121.99392700195312,SOLANO,VACAVILLE,-121.99393463134766,38.347465515136719
91052614,2019,2019-08-15,9365,2019-08-09,2130,021157,,5,2,6,4807,0,1,1,,2,081,"I-80 E/B","AMERICAN CANYON RD",4650.00,W,N,A,-,Y,,,80,,,,,,E,Y,2,0,1,2,A,-,01,23152,A,N,C,C,A,A,H,-,C,D,0,,,,,Y,Y,A,01,1,0,0,0,0,0,0,0,0,"- ","- ",38.157470703125,-122.212890625,SOLANO,VALLEJO,-122.21288299560547,38.157463073730469
91053461,2019,2019-08-16,9365,2019-08-11,2230,021027,,7,3,9,4800,0,1,A,,2,030,"MERIDIAN RD","HAY RD",35.00,N,N,A,-,N,,,,,,,,,,Y,2,0,1,1,A,-,01,23152,A,F,E,I,A,A,H,-,C,D,0,,,,,Y,Y,A,01,1,0,0,0,0,0,0,0,0,"- ","- ",38.315608978271484,-121.91551971435547,SOLANO,UNINCORPORATED,-121.91542053222656,38.315525054931641
9105622,2020,2021-02-24,4803,2020-05-24,1141,1714,,7,5,5,4803,0,0,0,,0,00W,"OWENS ST","DORLAND CT",10.00,W,N,A,-,N,,,,,,,,,,Y,2,0,3,2,A,-,09,21800,A,N,D,C,A,A,H,-,A,D,0,,,,,Y,,A,01,1,0,2,0,0,0,0,0,0,"- ","- ",38.266300201416016,-122.05861663818359,SOLANO,FAIRFIELD,-122.05862426757812,38.266368865966797
91066399,2019,2019-09-03,9365,2019-08-27,1818,019458,,2,2,9,4800,0,1,1,,2,680,"LOPES RD.","MARSHVIEW RD.",0.00,,Y,A,-,Y,,,,,,,,,,Y,2,0,1,2,A,-,03,22350,,N,D,C,A,A,H,-,A,D,0,,,Y,,Y,,C,02,1,0,0,0,0,0,0,0,1,"- ","- ",38.148159027099609,-122.11255645751953,SOLANO,UNINCORPORATED,-122.112548828125,38.148189544677734
9106773,2020,2020-09-25,4807,2020-02-04,2116,664,VALLE,2,5,6,4807,0,0,0,,0,008,"SONOMA BL","MINI DR",0.00,,Y,A,-,Y,SOL,4,29,-,-,5.850,I,5,N,N,2,0,1,2,A,-,11,21950,B,N,G,B,B,A,H,-,C,A,0,Y,,,,Y,,N,60,1,0,0,0,1,0,0,0,0,"- ","- ",38.153800964355469,-122.25388336181641,SOLANO,VALLEJO,-122.25373077392578,38.153900146484375
91069284,2019,2019-09-06,9365,2019-08-30,1524,020633,,5,2,6,4807,0,1,1,,2,081,"I-80 E/B","COLUMBUS PKWY",15.00,W,N,A,-,Y,,,,,,,,,,Y,2,0,1,1,A,-,08,22107,,N,E,I,A,A,H,-,A,D,0,,,,,Y,,A,01,1,0,0,0,0,0,0,0,0,"- ","- ",38.136848449707031,-122.21970367431641,SOLANO,VALLEJO,,
91070206,2019,2019-11-14,9365,2019-09-02,1424,019790,,1,2,9,4800,0,1,1,,2,086,"I-80 W/B","LAGOON VALLEY RD",735.00,E,N,A,-,Y,,,80,,,,,,W,Y,2,0,1,2,A,-,03,22350,,N,C,C,A,A,H,-,A,D,0,,,Y,,Y,,C,02,1,0,0,0,0,0,0,0,1,"- ","- ",38.328899383544922,-122.02169799804688,SOLANO,UNINCORPORATED,-122.02178955078125,38.328952789306641
91072859,2019,2019-09-11,9365,2019-03-18,1322,019651,,1,1,4,4801,0,1,1,,2,077,"I-780 W/B","HOSPITAL RD",7.80,W,N,B,-,Y,,,780,,,,,,W,Y,1,1,0,1,A,-,01,23152,A,N,E,I,A,A,H,-,A,D,0,,,Y,,Y,Y,C,02,0,0,0,0,0,0,0,1,0,"- ","- ",38.050178527832031,-122.14048004150391,SOLANO,BENICIA,-122.14047241210938,38.050220489501953
9108369,2020,2020-11-13,4803,2020-05-10,0917,1584,SOLAN,7,5,5,4803,0,0,0,,0,00E,"HANCOCK DR","HOM DR",0.00,,Y,A,-,N,,,,,,,,,,,2,0,1,2,A,-,11,21950,B,N,G,B,D,A,H,-,A,D,0,Y,,,,Y,,N,60,1,0,0,0,1,0,0,0,0,"- ","- ",38.305381774902344,-121.97873687744141,SOLANO,FAIRFIELD,-121.97878265380859,38.302349090576172
91100705,2019,2019-10-18,9365,2019-10-11,1616,019299,,5,2,9,4800,0,1,1,,2,089,"I-80 E/B","SR-113 N/B",600.00,W,N,A,-,Y,,,80,,,,,,E,Y,2,0,1,3,A,-,03,22350,,N,C,C,A,A,H,-,A,D,0,,,Y,,Y,,C,02,1,0,0,0,0,0,0,0,1,"- ","- ",38.519779205322266,-121.77021789550781,SOLANO,UNINCORPORATED,-121.77014923095703,38.519702911376953
91100872,2019,2019-11-19,9365,2019-10-11,2310,021598,,5,3,9,4800,0,1,A,,2,030,"SUISUN VALLEY ROAD","ROCKVILLE ROAD",3696.00,W,N,A,-,N,,,,,,,,,,Y,2,0,1,1,A,-,01,23152,A,N,E,I,A,A,H,-,D,D,0,,,,,Y,Y,A,01,1,0,0,0,0,0,0,0,0,"- ","- ",38.253501892089844,-122.12010192871094,SOLANO,UNINCORPORATED,-122.12642669677734,38.234569549560547
91101681,2019,2019-10-21,9365,2019-10-12,0455,021204,,6,3,6,4807,0,1,1,,2,080,"I-80 E/B",I-780,1056.00,W,N,A,-,Y,,,80,,,,,,E,Y,2,0,1,2,A,-,03,22350,,N,C,C,A,A,H,-,D,D,0,,,,Y,Y,,A,01,1,0,0,0,0,0,0,0,0,"- ","- ",38.088031768798828,-122.23203277587891,SOLANO,VALLEJO,-122.23181915283203,38.087940216064453
91121111,2019,2019-11-15,9365,2019-11-05,1830,018803,,2,2,5,4803,0,1,1,,2,083,"I-80 E/B","SUISUN VALLEY RD",5280.00,E,N,A,-,Y,,,80,,,,,,E,Y,2,0,3,1,A,-,08,22107,,N,E,I,A,A,H,-,C,D,0,,,,,Y,,A,01,1,2,0,0,0,0,0,0,0,"- ","- ",38.231170654296875,-122.11168670654297,SOLANO,FAIRFIELD,-122.11175537109375,38.231319427490234
91123082,2019,2019-11-18,9365,2019-04-14,0235,020508,,7,3,5,4803,0,1,1,,2,083,"I-80 E/B","SUISUN VALLEY RD",400.00,E,N,A,-,Y,,,80,,,,,,E,N,1,1,0,2,A,-,11,21954,A,N,G,B,E,A,H,-,D,D,0,Y,,,,Y,Y,N,60,0,0,0,1,0,0,0,0,0,"- ","- ",38.2235107421875,-122.12747192382812,SOLANO,FAIRFIELD,-122.12751770019531,38.223579406738281
91128734,2019,2019-11-25,9365,2019-11-16,0400,021157,,6,3,5,4803,0,1,1,,2,081,"I-80 W/B","RED TOP RD",3720.00,W,N,B,-,Y,,,80,,,,,,W,Y,2,0,1,2,A,-,03,22350,,F,C,C,A,A,H,-,C,D,0,,,,,Y,,A,01,1,0,0,0,0,0,0,0,0,"- ","- ",38.194431304931641,-122.16574859619141,SOLANO,FAIRFIELD,-122.165771484375,38.194446563720703
91135017,2019,2019-12-04,9365,2019-01-05,2250,021033,,6,3,5,4803,0,1,1,,2,083,"I-80 E/B",I-680,869.00,E,N,C,-,Y,,,80,,,,,,E,Y,1,1,3,2,A,-,03,22350,,N,C,C,A,B,H,-,D,D,0,,,,,Y,,A,01,1,2,0,0,0,0,0,0,0,"- ","- ",38.218231201171875,-122.13553619384766,SOLANO,FAIRFIELD,-122.13550567626953,38.218185424804688
91135988,2019,2019-12-04,9365,2019-11-22,1302,014264,,5,1,5,4806,0,1,1,,2,086,"I-80 E/B","NUT TREE RD",300.00,W,N,A,-,Y,,,80,,,,,,E,Y,2,0,1,2,A,-,07,21658,A,N,B,C,A,A,H,-,A,D,0,,,,,Y,,A,01,1,0,0,0,0,0,0,0,0,"- ","- ",38.368759155273438,-121.95858764648438,SOLANO,VACAVILLE,-121.9586181640625,38.368793487548828
91138180,2019,2019-12-10,9365,2019-05-08,1522,017654,,3,2,5,4803,0,1,3,,2,122,"SR-12 E/B","BECK AVE",522.00,W,N,A,-,Y,,,12,,,,,,E,Y,1,1,2,5,A,-,03,22350,,N,C,C,A,A,H,-,A,A,0,,,,,Y,,A,08,0,0,2,0,0,0,0,0,0,"- ","- ",38.240249633789062,-122.06819152832031,SOLANO,FAIRFIELD,-122.06819152832031,38.240188598632812