CASE_ID,ACCIDENT_YEAR,PROC_DATE,JURIS,COLLISION_DATE,COLLISION_TIME,OFFICER_ID,REPORTING_DISTRICT,DAY_OF_WEEK,CHP_SHIFT,POPULATION,CNTY_CITY_LOC,SPECIAL_COND,BEAT_TYPE,CHP_BEAT_TYPE,CITY_DIVISION_LAPD,CHP_BEAT_CLASS,BEAT_NUMBER,PRIMARY_RD,SECONDARY_RD,DISTANCE,DIRECTION,INTERSECTION,WEATHER_1,WEATHER_2,STATE_HWY_IND,CALTRANS_COUNTY,CALTRANS_DISTRICT,STATE_ROUTE,ROUTE_SUFFIX,POSTMILE_PREFIX,POSTMILE,LOCATION_TYPE,RAMP_INTERSECTION,SIDE_OF_HWY,TOW_AWAY,COLLISION_SEVERITY,NUMBER_KILLED,NUMBER_INJURED,PARTY_COUNT,PRIMARY_COLL_FACTOR,PCF_CODE_OF_VIOL,PCF_VIOL_CATEGORY,PCF_VIOLATION,PCF_VIOL_SUBSECTION,HIT_AND_RUN,TYPE_OF_COLLISION,MVIW,PED_ACTION,ROAD_SURFACE,ROAD_COND_1,ROAD_COND_2,LIGHTING,CONTROL_DEVICE,CHP_ROAD_TYPE,PEDESTRIAN_ACCIDENT,BICYCLE_ACCIDENT,MOTORCYCLE_ACCIDENT,TRUCK_ACCIDENT,NOT_PRIVATE_PROPERTY,ALCOHOL_INVOLVED,STWD_VEHTYPE_AT_FAULT,CHP_VEHTYPE_AT_FAULT,COUNT_SEVERE_INJ,COUNT_VISIBLE_INJ,COUNT_COMPLAINT_PAIN,COUNT_PED_KILLED,COUNT_PED_INJURED,COUNT_BICYCLIST_KILLED,COUNT_BICYCLIST_INJURED,COUNT_MC_KILLED,COUNT_MC_INJURED,PRIMARY_RAMP,SECONDARY_RAMP,LATITUDE,LONGITUDE,COUNTY,CITY,POINT_X,POINT_Y
91140573,2019,2019-12-11,9365,2019-01-26,0125,020506,,6,3,5,4806,0,1,1,,2,086,"I-80 E/B","NUT TREE RD",216.00,W,N,A,-,Y,,,80,,,,,,E,Y,1,1,1,3,D,-,00,,,N,A,C,A,A,H,-,C,D,0,,,,,Y,Y,-,"- ",1,0,0,0,0,0,0,0,0,"- ","- ",38.369029998779297,-121.95839691162109,SOLANO,VACAVILLE,-121.95836639404297,38.368984222412109
91144590,2019,2019-12-16,9365,2019-07-03,0226,018634,,3,3,9,4800,0,1,1,,2,680,"I-680 N/B","PIERCE LN",3696.00,N,N,A,-,Y,,,680,,,,,,N,N,1,1,0,2,A,-,11,21954,A,N,G,B,E,A,H,-,D,D,0,Y,,,,Y,,N,60,0,0,0,1,0,0,0,0,0,"- ","- ",38.136299133300781,-122.11025238037109,SOLANO,UNINCORPORATED,-122.11024475097656,38.136299133300781
91160297,2019,2020-01-06,9365,2019-12-26,1330,018568,,4,1,9,4800,0,1,1,,2,089,"I-80 W/B","PEDRICK RD",1399.00,E,N,A,-,Y,,,80,,,,,,W,Y,2,0,1,2,A,-,03,22350,,N,F,A,A,A,H,-,A,D,0,,,Y,,Y,,C,02,1,0,0,0,0,0,0,0,1,"- ","- ",38.492221832275391,-121.80007934570312,SOLANO,UNINCORPORATED,-121.80001831054688,38.492149353027344
91169539,2020,2020-01-21,9365,2020-01-11,2210,020565,,6,3,5,4806,0,1,1,,2,085,"I-80 E/B","LAGOON VALLEY RD",6.00,E,N,A,-,Y,,,80,,,,,,E,Y,2,0,2,1,A,-,08,22107,,N,F,A,A,A,H,-,D,D,0,,,,,Y,,A,01,1,0,1,0,0,0,0,0,0,"- ","- ",38.325111389160156,-122.02375030517578,SOLANO,VACAVILLE,-122.02384185791016,38.325168609619141
91169625,2020,2020-03-24,9365,2020-01-11,2115,019815,,6,2,5,4803,0,1,1,,2,083,"I-80 W/B","SR-12 W/B",4000.00,W,N,B,-,Y,,,,,,,,,,N,2,0,2,3,A,-,03,22350,,N,C,C,A,A,D,-,D,D,0,,,,,Y,,A,01,1,0,1,0,0,0,0,0,0,"- ","- ",38.236480712890625,-122.10037994384766,SOLANO,FAIRFIELD,,
91191064,2020,2020-02-21,9365,2020-02-14,1022,019195,,5,1,4,4801,0,1,1,,2,680,"I-680 S/B","BAYSHORE RD",240.00,S,N,B,-,Y,,,680,,,,,,S,Y,2,0,2,1,A,-,08,22107,,N,F,I,A,A,H,-,A,D,0,,,,,Y,,A,01,1,1,0,0,0,0,0,0,0,"- ","- ",38.063720703125,-122.13140106201172,SOLANO,BENICIA,-122.13132476806641,38.063694000244141
91192541,2020,2020-02-24,9365,2020-02-17,0625,014264,,1,1,9,4800,0,1,A,,2,030,"LEWIS RD","HOLDENER RD",0.00,,Y,A,-,N,,,,,,,,,,Y,2,0,1,2,A,-,12,22450,A,F,D,C,A,A,H,-,D,A,0,,,,,Y,,D,22,1,0,0,0,0,0,0,0,0,"- ","- ",38.351650238037109,-121.89691162109375,SOLANO,UNINCORPORATED,-121.89687347412109,38.351581573486328
91198425,2020,2020-02-28,9365,2020-02-21,0105,019927,,5,3,6,4807,0,1,1,,2,080,"I-80 E/B","SPRINGS RD",750.00,W,N,A,-,Y,,,,,,,,,,N,2,0,1,2,A,-,11,21956,,N,G,B,E,A,H,-,C,A,0,Y,,,,Y,Y,N,60,1,0,0,0,1,0,0,0,0,"- ","- ",38.061298370361328,-122.13461303710938,SOLANO,VALLEJO,,
91200943,2020,2020-03-03,9365,2020-02-22,2200,019815,,6,3,5,4803,0,1,1,,2,084,"I-80 E/B","MANUEL CAMPOS PKWY.",4300.00,E,N,A,-,Y,,,80,,,,,,E,Y,2,0,1,2,A,-,01,23153,A,N,G,B,F,A,H,-,D,D,0,Y,,,,Y,Y,A,01,1,0,0,0,1,0,0,0,0,"- ","- ",38.305961608886719,-122.03360748291016,SOLANO,FAIRFIELD,-122.03369140625,38.305961608886719
91205157,2020,2020-03-10,9365,2020-02-29,0850,019195,,6,1,5,4803,0,1,1,,2,083,"I-80 E/B","PITTMAN RD",3590.00,E,N,A,-,Y,,,80,,,,,,E,Y,2,0,1,1,A,-,08,22107,,N,F,I,A,A,H,-,A,D,0,,,Y,,Y,,C,02,1,0,0,0,0,0,0,0,1,"- ","- ",38.228191375732422,-122.11842346191406,SOLANO,FAIRFIELD,-122.11852264404297,38.228416442871094
91207603,2020,2020-03-13,9365,2020-03-05,1400,018015,,4,2,9,4800,0,1,1,,2,088,"I-80 W/B","MIDWAY RD",1848.00,E,N,A,-,Y,,,80,,,,,,W,Y,2,0,1,1,A,-,08,22107,,N,E,I,A,A,H,-,A,D,0,,,,Y,Y,,F,26,1,0,0,0,0,0,0,0,0,"- ","- ",38.420200347900391,-121.89250183105469,SOLANO,UNINCORPORATED,-121.89247894287109,38.420169830322266
91215587,2020,2020-03-25,9365,2020-03-13,1920,019815,,5,2,9,4800,0,1,1,,2,089,"I-80 E/B","RICHARDS BLVD.",2000.00,W,N,A,-,Y,,,80,,,,,,E,Y,2,0,6,4,A,-,03,22350,,N,C,C,A,A,H,-,B,D,0,,,,,Y,,D,22,1,1,4,0,0,0,0,0,0,"- ","- ",38.536201477050781,-121.74005126953125,SOLANO,UNINCORPORATED,-121.74006652832031,38.536216735839844
9121678,2020,2020-11-16,4807,2020-05-04,1140,694,VALLE,1,5,6,4807,0,0,0,,0,005,"CALAVERAS WY","NEBRASKA ST",0.00,,Y,A,-,N,,,,,,,,,,Y,2,0,1,2,A,-,09,21802,A,N,D,C,A,A,H,-,A,A,0,,,,,Y,,A,07,1,0,0,0,0,0,0,0,0,"- ","- ",38.113380432128906,-122.23647308349609,SOLANO,VALLEJO,-122.23644256591797,38.113449096679688
91239250,2020,2020-05-18,9365,2020-05-16,1340,019927,,6,1,6,4807,0,1,1,,2,081,"I-80 E/B","AMERICAN CANYON ROAD",964.00,W,N,A,-,Y,,,,,,,,,,Y,2,0,1,1,A,-,08,22107,,N,F,I,A,A,H,-,A,D,0,,,,,Y,,A,01,1,0,0,0,0,0,0,0,0,"- ","- ",38.100208282470703,-122.12091064453125,SOLANO,VALLEJO,-122.20246887207031,38.167572021484375
91250914,2020,2020-06-11,9365,2020-06-09,0155,021352,,2,3,5,4803,0,1,1,,2,681,"I-680 S/B","GOLD HILL ROAD",5280.00,N,N,A,-,Y,,,680,,,,,,S,Y,2,0,1,2,A,-,01,23152,F,N,A,C,A,A,H,-,D,A,0,,,,Y,Y,,A,01,1,0,0,0,0,0,0,0,0,"- ","- ",38.200450897216797,-122.13818359375,SOLANO,FAIRFIELD,-122.13813018798828,38.200450897216797
91250981,2019,2020-06-11,9365,2019-07-24,2500,017747,,3,4,5,4803,0,1,1,,2,085,"I-80 W/B TO MANUEL CAMPOS PKWY","MANUEL CAMPOS PKWY",619.00,E,N,A,-,Y,,,80,,,,R,,W,Y,1,1,0,1,A,-,08,22107,,N,E,I,A,A,H,-,D,D,0,,,Y,,Y,Y,C,02,0,0,0,0,0,0,0,1,0,"- ","- ",38.297599792480469,-122.03479766845703,SOLANO,FAIRFIELD,-122.03479766845703,38.297599792480469
91254348,2020,2020-06-19,9365,2020-06-12,2500,016887,,5,4,9,4800,0,3,5,,2,020,"HOLLAND RD.","OXFORD RD.",1584.00,S,N,A,-,N,,,,,,,,,,Y,2,0,1,1,A,-,08,22107,,N,F,A,A,A,H,-,D,D,0,,,,,Y,,D,22,1,0,0,0,0,0,0,0,0,"- ","- ",38.302810668945312,-121.60050201416016,SOLANO,UNINCORPORATED,-121.60047912597656,38.302799224853516
91257642,2020,2020-06-25,9365,2020-06-21,0006,021157,,7,3,5,4803,0,1,1,,2,081,"I-80 E/B","RED TOP RD",4752.00,W,N,A,-,Y,,,80,,,,,,E,Y,2,0,2,2,C,-,18,,,N,D,C,A,A,H,-,D,D,0,,,,,Y,Y,-,"- ",1,0,1,0,0,0,0,0,0,"- ","- ",38.191551208496094,-122.16790008544922,SOLANO,FAIRFIELD,-122.16788482666016,38.191532135009766
91259358,2019,2020-06-26,9365,2019-10-07,1351,019458,,1,1,9,4800,0,3,5,,2,020,"MANKAS CORNER RD","LEDGEWOOD RD",589.00,N,N,A,-,N,,,,,,,,,,Y,1,1,1,1,A,-,08,22107,,N,E,I,A,A,H,-,A,D,0,,,,,Y,,A,01,0,1,0,0,0,0,0,0,0,"- ","- ",38.279731750488281,-122.10399627685547,SOLANO,UNINCORPORATED,-122.10398101806641,38.279743194580078
91259902,2020,2020-06-29,9365,2020-06-21,0005,021853,,7,3,9,4800,0,1,1,,2,082,"I-80 E/B","RED TOP RD",4752.00,W,N,A,-,Y,,,80,,,,,,E,Y,2,0,1,2,C,-,18,,,N,B,C,A,A,H,-,D,D,0,,,,,Y,Y,-,"- ",1,0,0,0,0,0,0,0,0,"- ","- ",38.191551208496094,-122.16790008544922,SOLANO,UNINCORPORATED,-122.16788482666016,38.191532135009766
91262748,2020,2020-07-03,9365,2020-06-21,0122,020565,,7,3,9,4800,0,1,1,,2,089,"I-80 E/B","KIDWELL RD",1860.00,W,N,A,-,Y,,,,,,,,,,Y,2,0,4,3,A,-,03,22350,,F,C,C,A,A,H,-,D,D,0,,,,,Y,,-,99,1,1,2,0,0,0,0,0,0,"- ","- ",38.304721832275391,-121.4722900390625,SOLANO,UNINCORPORATED,-121.78968048095703,38.501441955566406
91265618,2020,2020-07-08,9365,2020-01-11,1822,019458,,6,2,5,4806,0,1,1,,2,085,"I-80 W/B","PENA ADOBE RD",1300.00,E,N,A,-,Y,,,80,,,,,,W,Y,1,1,0,1,C,-,18,,,N,E,I,A,A,H,-,D,D,0,,,,,Y,,-,"- ",0,0,0,0,0,0,0,0,0,"- ","- ",38.338459014892578,-122.01557159423828,SOLANO,VACAVILLE,-122.01554870605469,38.33843994140625
91279429,2020,2020-08-03,9365,2020-07-24,1847,019927,,5,2,9,4800,0,1,1,,2,680,"I-680 N/B","LAKE HERMAN RD",3062.00,N,N,A,-,Y,,,,,,,,,,Y,2,0,1,2,A,-,07,21658,A,N,C,C,A,A,H,-,A,D,0,,,,,Y,,A,01,1,0,0,0,0,0,0,0,0,"- ","- ",38.053508758544922,-122.06230163574219,SOLANO,UNINCORPORATED,-122.10672760009766,38.093082427978516
9127998,2020,2020-10-20,4803,2020-07-26,2211,1638,,7,5,5,4803,0,0,0,,0,00E,"CLAY BANK RD","SUTTER CT",150.00,N,N,A,-,N,,,,,,,,,,N,2,0,1,2,A,-,08,22107,,F,B,B,E,A,H,-,C,D,0,Y,,,,Y,,-,,1,0,0,0,1,0,0,0,0,"- ","- ",38.267829895019531,-122.00711059570312,SOLANO,FAIRFIELD,-122.00723266601562,38.268192291259766
91282575,2020,2020-08-07,9365,2020-07-05,0227,021432,,7,3,6,4807,0,1,1,,2,080,"I-80 W/B TO I-780","BENICIA RD",6.00,W,N,A,-,Y,,,80,,,,R,,W,Y,1,1,0,1,A,-,08,22107,,N,E,I,A,A,H,-,C,D,0,,,,,Y,Y,A,01,0,0,0,0,0,0,0,0,0,"- ","- ",38.0943603515625,-122.23023986816406,SOLANO,VALLEJO,-122.23023986816406,38.0943603515625
91282625,2020,2020-08-07,9365,2020-08-01,1440,020566,,6,2,9,4800,0,1,3,,2,122,"SR-12 E/B","BRANSCOMBE RD",15840.00,E,N,A,-,Y,,,12,,,,,,E,Y,2,0,3,2,A,-,08,22107,,N,D,C,A,A,H,-,A,D,0,,,,,Y,,A,01,1,0,2,0,0,0,0,0,0,"- ","- ",38.210159301757812,-121.87973785400391,SOLANO,UNINCORPORATED,-121.87967681884766,38.210212707519531
91283575,2020,2020-08-10,9365,2020-08-03,1435,021352,,1,2,9,4800,0,1,A,,2,030,"MIDWAY ROAD","BATAVIA ROAD",0.00,,Y,A,-,N,,,,,,,,,,Y,2,0,2,2,A,-,12,22450,A,N,D,C,A,A,H,-,A,A,0,,,,,Y,,A,01,1,1,0,0,0,0,0,0,0,"- ","- ",38.41693115234375,-121.85980224609375,SOLANO,UNINCORPORATED,-121.85962677001953,38.41680908203125
91290621,2020,2020-08-24,9365,2020-08-19,0535,017805,,3,3,5,4803,0,1,1,,2,083,"I-80 W/B","SUISUN VALLEY RD. O/C",475.00,W,N,A,-,Y,,,80,,,,,,W,Y,2,0,2,2,A,-,03,22350,,N,C,C,A,A,H,-,C,D,0,,,,,Y,,A,07,1,0,1,0,0,0,0,0,0,"- ","- ",38.222061157226562,-122.1304931640625,SOLANO,FAIRFIELD,-122.13044738769531,38.221996307373047
91321064,2020,2020-10-09,9365,2020-10-04,1905,021352,,7,2,9,4800,0,3,5,,2,020,"LOPES ROAD","MARSHVIEW ROAD",2640.00,S,N,A,-,N,,,,,,,,,,Y,2,0,1,1,A,-,01,23152,A,N,E,I,A,A,H,-,D,D,0,,,,,Y,Y,A,01,1,0,0,0,0,0,0,0,0,"- ","- ",38.13922119140625,-122.11054992675781,SOLANO,UNINCORPORATED,-122.11008453369141,38.141563415527344
91321233,2020,2020-10-09,9365,2020-06-14,2500,017654,,7,4,9,4800,0,1,1,,2,506,"I-505 N/B","THORPE RD",2387.00,N,N,A,-,Y,,,505,,,,,,N,Y,1,1,1,1,C,-,18,,,N,E,I,A,A,H,-,A,D,0,,,,,Y,,-,"- ",0,1,0,0,0,0,0,0,0,"- ","- ",38.513278961181641,-121.95268249511719,SOLANO,UNINCORPORATED,-121.95273590087891,38.513278961181641
91321234,2020,2020-10-09,9365,2020-09-06,2500,017163,,7,4,9,4800,0,1,A,,2,030,"PEDRICK RD","MAINE PRAIRIE RD",15.00,S,N,A,-,N,,,,,,,,,,Y,1,1,0,1,A,-,03,22350,,N,E,I,A,A,H,-,D,A,0,,,,,Y,,A,01,0,0,0,0,0,0,0,0,0,"- ","- ",38.329429626464844,-121.80486297607422,SOLANO,UNINCORPORATED,-121.80477905273438,38.329418182373047
91321638,2020,2020-10-12,9365,2020-09-23,1510,018568,,3,2,5,4806,0,1,1,,2,086,"I-80 E/B","LEISURE TOWN RD O/C",2640.00,W,N,A,-,Y,,,80,,,,,,E,Y,2,0,1,3,A,-,03,22350,,N,C,C,A,A,H,-,A,D,0,,,Y,,Y,,C,02,1,0,0,0,0,0,0,0,1,"- ","- ",38.382331848144531,-121.94129180908203,SOLANO,VACAVILLE,-121.9412841796875,38.382320404052734
91331438,2020,2020-10-26,9365,2020-10-21,0540,014948,,3,3,9,4800,0,1,3,,2,122,"SR-12 W/B","DENVERTON RD",1584.00,W,N,A,-,Y,,,12,,,,,,W,Y,2,0,3,1,A,-,08,22107,,N,E,I,A,A,H,-,D,D,0,,,,,Y,,A,08,1,2,0,0,0,0,0,0,0,"- ","- ",38.228401184082031,-121.90599822998047,SOLANO,UNINCORPORATED,-121.90599822998047,38.228370666503906
91337351,2020,2020-12-31,9365,2020-10-29,1550,020566,,4,2,6,4807,0,1,1,,2,080,"I-80 E/B","MAGAZINE ST",400.00,E,N,A,-,Y,,,80,,,,,,E,Y,2,0,1,3,A,-,03,22350,,N,C,C,A,A,H,-,A,D,0,,,Y,,Y,,C,03,1,0,0,0,0,0,0,0,1,"- ","- ",38.086101531982422,-122.23259735107422,SOLANO,VALLEJO,-122.23257446289062,38.086090087890625
91337426,2020,2020-11-03,9365,2020-10-29,1900,020566,,4,2,6,4807,0,1,1,,2,077,"I-780 W/B","LEMON ST",100.00,W,N,A,-,Y,,,780,,,,,,W,Y,2,0,2,3,A,-,03,22350,,N,C,C,A,A,H,-,C,D,0,,,,,Y,,A,01,1,0,1,0,0,0,0,0,0,"- ","- ",38.092601776123047,-122.23410034179688,SOLANO,VALLEJO,-122.23410034179688,38.092609405517578
91340406,2020,2020-11-05,9365,2020-10-28,1430,018568,,3,2,9,4800,0,1,1,,2,089,"SR-113 S/B TO I-80 E/B","OLD DAVIS RD",1500.00,W,N,A,-,Y,,,,,,,,,,Y,2,0,4,2,A,-,07,21658,A,N,B,C,A,A,H,-,A,D,0,,,,,Y,,A,01,1,1,2,0,0,0,0,0,0,"- ","- ",38.526008605957031,-121.76165008544922,SOLANO,UNINCORPORATED,,
91347850,2020,2020-11-18,9365,2020-11-14,2135,018712,,6,2,9,4800,0,1,3,,2,113,"SR-113 N/B","FRY RD",30.00,S,N,A,-,Y,,,113,,,,,,N,Y,2,0,1,2,A,-,03,22350,,N,A,C,A,A,H,-,C,A,0,,,,,Y,,A,01,1,0,0,0,0,0,0,0,0,"- ","- ",38.336879730224609,-121.82321929931641,SOLANO,UNINCORPORATED,-121.82325744628906,38.336879730224609
91368442,2020,2020-12-16,9365,2020-12-11,1345,018568,,5,1,9,4800,0,1,1,,2,089,"I-80 E/B","I-80 EB TO SR-113 NB",2000.00,W,N,C,-,Y,,,80,,,,,,E,N,2,0,1,1,C,-,18,,,N,H,A,A,B,H,-,A,D,0,,,,,Y,,-,"- ",1,0,0,0,0,0,0,0,0,"- ","- ",38.516670227050781,-121.77348327636719,SOLANO,UNINCORPORATED,-121.77344512939453,38.516628265380859
91379815,2020,2021-01-04,9365,2020-12-23,1450,021352,,3,2,6,4807,0,1,1,,2,077,"I-780 W/B","LAUREL STREET",500.00,E,N,A,-,Y,,,780,,,,,,W,Y,2,0,1,2,A,-,03,22350,,N,C,C,A,A,H,-,A,A,0,,,Y,,Y,,A,01,1,0,0,0,0,0,0,0,1,"- ","- ",38.090721130371094,-122.22637176513672,SOLANO,VALLEJO,-122.22642517089844,38.090526580810547
9138641,2020,2020-10-06,4807,2020-07-18,2156,731,,6,5,6,4807,0,0,0,,0,,"FLORIDA ST",CALAVERAS,46.00,W,N,A,-,N,,,,,,,,,,,2,0,1,2,A,-,01,23152,A,N,C,E,A,A,H,-,C,D,0,,,,,Y,Y,A,01,1,0,0,0,0,0,0,0,0,"- ","- ",38.104801177978516,-122.23651123046875,SOLANO,VALLEJO,-122.23664855957031,38.104782104492188
91391731,2021,2021-01-20,9365,2021-01-19,1913,021204,,2,2,6,4807,0,1,3,,2,371,"SR-37 E/B",SR-29,2640.00,W,N,A,-,Y,,,37,,,,,,E,Y,2,0,1,2,A,-,03,22350,,N,C,C,A,A,H,-,D,D,0,,,Y,,Y,,C,02,1,0,0,0,0,0,0,0,1,"- ","- ",38.133769989013672,-122.260498046875,SOLANO,VALLEJO,-122.26049041748047,38.133762359619141
9139228,2020,2020-10-12,4807,2020-07-31,1700,672,VALLE,5,5,6,4807,0,0,0,,0,004,"MAINE ST","NAPA ST",0.00,,Y,A,-,N,,,,,,,,,,,2,0,1,3,A,-,09,21802,A,N,D,C,A,A,H,-,A,A,0,,,,,Y,,A,01,1,0,0,0,0,0,0,0,0,"- ","- ",38.090980529785156,-122.25170135498047,SOLANO,VALLEJO,-122.25164031982422,38.099071502685547
9139231,2020,2020-10-12,4807,2020-07-22,2045,722,VALLE,3,5,6,4807,0,0,0,,0,002,"SPRINGS RD","OAKWOOD AV",412.00,E,N,A,-,N,,,,,,,,,,,2,0,1,2,A,-,08,22102,,M,B,C,A,A,H,-,B,D,0,,,Y,,Y,,A,08,1,0,0,0,0,0,0,0,1,"- ","- ",38.106021881103516,-122.21774291992188,SOLANO,VALLEJO,-122.21630859375,38.106006622314453
91402079,2021,2021-05-27,9365,2021-01-28,1650,017820,,4,2,6,4807,0,1,1,,2,080,"INTERSTATE 80 WESTBOUND","GEORGIA STREET",456.00,S,N,C,-,Y,,,80,,,,,,W,Y,2,0,1,2,A,-,03,22350,,N,C,C,A,B,H,-,A,A,0,,,,Y,Y,,A,01,1,0,0,0,0,0,0,0,0,"- ","- ",38.099388122558594,-122.22985076904297,SOLANO,VALLEJO,-122.22989654541016,38.099391937255859
91411005,2021,2021-05-27,9365,2021-02-07,0855,019195,,7,1,9,4800,0,1,1,,2,680,"I-680 N/B","LAKE HERMAN ROAD",6917.00,N,N,A,-,Y,,,680,,,,,,N,Y,2,0,2,1,A,-,08,22107,,N,E,I,A,A,H,-,A,D,0,,,,,Y,,A,01,1,1,0,0,0,0,0,0,0,"- ","- ",38.103511810302734,-122.10343170166016,SOLANO,UNINCORPORATED,-122.10331726074219,38.103481292724609
91411119,2021,2021-05-27,9365,2021-02-07,1505,019815,,7,2,9,4800,0,1,1,,2,089,"INTERSTATE 80 W/B","KIDWELL ROAD",3000.00,E,N,A,-,Y,,,80,,,,,,W,Y,2,0,1,2,A,-,07,21658,A,N,C,C,A,A,H,-,A,D,0,,,Y,,Y,,C,02,1,0,0,0,0,0,0,0,1,"- ","- ",38.517230987548828,-121.77310180664062,SOLANO,UNINCORPORATED,-121.77317810058594,38.517311096191406
91438215,2021,2021-05-27,9365,2021-03-21,0030,018712,,7,3,9,4800,0,1,A,,2,030,"ALLENDALE RD","I-505 SB FROM ALLENDALE RD",50.00,W,N,A,-,Y,,,,,,,,,,Y,2,0,1,1,A,-,01,23152,A,N,E,I,A,A,H,-,D,D,0,,,,,Y,Y,A,07,1,0,0,0,0,0,0,0,0,"- ","- ",38.279750823974609,-121.56324005126953,SOLANO,UNINCORPORATED,,
91458197,2021,2021-05-27,9365,2021-04-15,2025,019815,,4,2,9,4800,0,1,A,,2,030,"CANTELOW RD","ENGLISH HILLS RD",465.00,E,N,A,-,N,,,,,,,,,,Y,2,0,3,1,A,-,08,22107,,N,E,I,A,A,H,-,D,D,0,,,,,Y,,A,07,1,1,1,0,0,0,0,0,0,"- ","- ",38.418098449707031,-121.99703216552734,SOLANO,UNINCORPORATED,-121.99710083007812,38.418041229248047
91461766,2020,2021-04-29,9365,2020-02-12,1300,019051,,3,1,6,4807,0,1,1,,2,078,"I-780 W/B","GLEN COVE PKY",147.00,W,N,A,-,Y,,,780,,,,,,W,Y,1,1,0,1,A,-,01,23152,F,N,E,I,A,A,H,-,A,D,0,,,,,Y,,A,01,0,0,0,0,0,0,0,0,0,"- ","- ",38.085929870605469,-122.21073150634766,SOLANO,VALLEJO,-122.21073913574219,38.085891723632812
91473465,2021,2021-05-27,9365,2021-05-02,1900,021674,,7,2,6,4807,0,1,1,,2,080,"I-80 W/B","CARQUINEZ TOLL PLAZA",105.00,E,N,A,-,Y,,,80,,,,,,W,Y,2,0,1,2,A,-,07,21658,A,N,B,C,A,A,H,-,A,D,0,,,,,Y,,A,08,1,0,0,0,0,0,0,0,0,"- ","- ",38.069259643554688,-122.22747039794922,SOLANO,VALLEJO,-122.22750854492188,38.069244384765625
91487764,2021,2021-06-02,9365,2021-05-27,1643,018794,,4,2,9,4800,0,1,1,,2,505,I-505,"MIDWAY RD.",528.00,S,N,A,-,Y,,,,,,,,,,Y,2,0,1,1,A,-,08,22107,,N,E,I,A,A,H,-,A,D,0,,,,,Y,,A,01,1,0,0,0,0,0,0,0,0,"- ","- ",38.412010192871094,-121.54535675048828,SOLANO,UNINCORPORATED,-121.94487762451172,38.415634155273438
91507627,2021,2021-06-28,9365,2021-06-16,1725,021674,,3,2,9,4800,0,1,3,,2,113,"SR-113 N/B","HAWKINS RD",48.00,S,N,A,-,Y,,,113,,,,,,N,Y,2,0,2,2,A,-,03,22350,,N,D,C,A,A,H,-,A,D,0,,,,,Y,,D,22,1,1,0,0,0,0,0,0,0,"- ","- ",38.358390808105469,-121.82308959960938,SOLANO,UNINCORPORATED,-121.82309722900391,38.358390808105469
91530112,2021,2021-07-27,9365,2021-07-23,0517,017705,,5,3,6,4807,0,1,1,,2,080,"WESTBOUND I-80","MAGAZINE ST",600.00,E,N,B,-,Y,,,80,,,,,,,Y,2,0,1,1,A,-,03,22350,,N,E,J,A,A,C,-,C,D,0,,,Y,,Y,,C,02,1,0,0,0,0,0,0,0,1,"- ","- ",38.086048126220703,-122.23267364501953,SOLANO,VALLEJO,-122.23259735107422,38.086025238037109
91537220,2021,2021-08-05,9365,2021-07-24,1150,016919,,6,1,5,4803,0,1,1,,2,680,"I-680 N/B","LAKE HERMAN RD O/C",2640.00,S,N,A,G,Y,,,,,,,,,,Y,2,0,1,1,A,-,08,22107,,N,F,A,A,A,H,-,A,D,0,,,,,Y,,A,01,1,0,0,0,0,0,0,0,0,"- ","- ",38.079341888427734,-122.11815643310547,SOLANO,FAIRFIELD,-120.74891662597656,37.620960235595703
91537304,2021,2021-08-05,9365,2021-07-30,0520,016970,,5,3,3,4802,0,1,1,,2,088,"I-80 W/B","MIDWAY ROAD",7920.00,E,N,A,-,Y,,,,,,,,,,Y,2,0,1,2,A,-,07,21658,A,N,F,A,A,A,C,-,D,D,0,,,Y,,Y,,A,01,1,0,0,0,0,0,0,0,1,"- ","- ",38.432498931884766,-121.87632751464844,SOLANO,DIXON,-121.89714050292969,38.416599273681641
91541380,2021,2021-11-24,9365,2021-08-09,0825,019195,,1,1,9,4800,0,3,5,,2,040,"PITT SCHOOL RD","WEBER RD",1954.00,S,N,A,-,N,,,,,,,,,,Y,1,1,0,1,A,-,08,22107,,N,E,I,A,A,H,-,A,D,0,,,,,Y,,D,22,0,0,0,0,0,0,0,0,0,"- ","- ",38.396690368652344,-121.84124755859375,SOLANO,UNINCORPORATED,-121.84129333496094,38.396793365478516