CASE_ID,ACCIDENT_YEAR,PROC_DATE,JURIS,COLLISION_DATE,COLLISION_TIME,OFFICER_ID,REPORTING_DISTRICT,DAY_OF_WEEK,CHP_SHIFT,POPULATION,CNTY_CITY_LOC,SPECIAL_COND,BEAT_TYPE,CHP_BEAT_TYPE,CITY_DIVISION_LAPD,CHP_BEAT_CLASS,BEAT_NUMBER,PRIMARY_RD,SECONDARY_RD,DISTANCE,DIRECTION,INTERSECTION,WEATHER_1,WEATHER_2,STATE_HWY_IND,CALTRANS_COUNTY,CALTRANS_DISTRICT,STATE_ROUTE,ROUTE_SUFFIX,POSTMILE_PREFIX,POSTMILE,LOCATION_TYPE,RAMP_INTERSECTION,SIDE_OF_HWY,TOW_AWAY,COLLISION_SEVERITY,NUMBER_KILLED,NUMBER_INJURED,PARTY_COUNT,PRIMARY_COLL_FACTOR,PCF_CODE_OF_VIOL,PCF_VIOL_CATEGORY,PCF_VIOLATION,PCF_VIOL_SUBSECTION,HIT_AND_RUN,TYPE_OF_COLLISION,MVIW,PED_ACTION,ROAD_SURFACE,ROAD_COND_1,ROAD_COND_2,LIGHTING,CONTROL_DEVICE,CHP_ROAD_TYPE,PEDESTRIAN_ACCIDENT,BICYCLE_ACCIDENT,MOTORCYCLE_ACCIDENT,TRUCK_ACCIDENT,NOT_PRIVATE_PROPERTY,ALCOHOL_INVOLVED,STWD_VEHTYPE_AT_FAULT,CHP_VEHTYPE_AT_FAULT,COUNT_SEVERE_INJ,COUNT_VISIBLE_INJ,COUNT_COMPLAINT_PAIN,COUNT_PED_KILLED,COUNT_PED_INJURED,COUNT_BICYCLIST_KILLED,COUNT_BICYCLIST_INJURED,COUNT_MC_KILLED,COUNT_MC_INJURED,PRIMARY_RAMP,SECONDARY_RAMP,LATITUDE,LONGITUDE,COUNTY,CITY,POINT_X,POINT_Y
91549100,2021,2021-08-19,9365,2021-07-30,1927,019651,,5,2,6,4807,0,1,1,,2,080,"I-80 WB","SONOMA BLVD UNDER-CROSSING",1100.00,W,N,A,-,Y,,,80,,,,,,W,Y,2,0,1,3,A,-,03,22350,,F,C,C,A,A,H,-,A,D,0,,,Y,,Y,,A,01,1,0,0,0,0,0,0,0,1,"- ","- ",38.073738098144531,-122.23020935058594,SOLANO,VALLEJO,-122.23025512695312,38.073707580566406
9154996,2020,2020-10-22,4807,2020-08-22,0938,693,,6,5,6,4807,0,0,0,,0,,"SERENO DR","TUOLUMNE ST",25.00,E,N,A,-,N,,,,,,,,,,N,2,0,1,1,A,-,03,22350,,N,E,I,A,A,H,-,A,A,0,,,Y,,Y,,C,02,1,0,0,0,0,0,0,0,1,"- ","- ",38.129199981689453,-122.2393798828125,SOLANO,VALLEJO,-122.23923492431641,38.129199981689453
91565799,2020,2021-09-08,9365,2020-12-25,2327,021853,,5,3,5,4803,0,1,1,,2,084,"I-80 E/B","TRAVIS BLVD",1056.00,E,N,B,-,Y,,,80,,,,,,E,Y,1,1,2,5,C,-,18,,,N,D,C,A,B,C,-,C,D,0,,,,,Y,,-,"- ",0,2,0,0,0,0,0,0,0,"- ","- ",38.261341094970703,-122.05977630615234,SOLANO,FAIRFIELD,-122.05974578857422,38.261306762695312
91566663,2021,2021-09-09,9365,2021-09-04,0930,019195,,6,1,9,4800,0,1,3,,2,370,"SR-37 W/B","WALNUT AVE",6230.00,W,N,E,-,Y,,,37,,,,,,W,Y,2,0,1,2,A,-,06,21755,A,N,B,D,A,A,H,-,A,D,0,,,Y,,Y,,C,02,1,0,0,0,0,0,0,0,1,"- ","- ",38.120639801025391,-122.31015777587891,SOLANO,UNINCORPORATED,-122.31017303466797,38.120613098144531
91566678,2021,2021-09-09,9365,2021-09-05,1328,019195,,7,1,9,4800,0,1,1,,2,681,"I-680 N/B","LAKE HERMAN ROAD",2798.00,N,N,A,-,Y,,,680,,,,,,N,Y,2,0,1,1,A,-,08,22107,,N,E,I,A,A,H,-,A,D,0,,,,,Y,,A,07,1,0,0,0,0,0,0,0,0,"- ","- ",38.09246826171875,-122.10707855224609,SOLANO,UNINCORPORATED,-122.10695648193359,38.092430114746094
91566722,2021,2021-09-09,9365,2021-09-05,1904,019299,,7,2,9,4800,0,3,5,,2,040,"SIEVER'S ROAD","CURREY ROAD",0.00,,Y,B,-,N,,,,,,,,,,N,2,0,2,2,A,-,09,21802,A,N,D,C,A,A,H,-,A,A,0,,,,,Y,,A,01,1,1,0,0,0,0,0,0,0,"- ","- ",38.489109039306641,-121.82234954833984,SOLANO,UNINCORPORATED,-121.82228851318359,38.489101409912109
91585911,2021,2021-10-01,9365,2021-09-28,1355,019109,,2,1,6,4807,0,1,1,,2,081,"I-80 W/B","REDWOOD PKY",2391.00,E,N,A,-,Y,,,80,,,,,,W,Y,2,0,1,3,A,-,07,21658,A,N,B,C,A,A,H,-,A,D,0,,,,,Y,,A,07,1,0,0,0,0,0,0,0,0,"- ","- ",38.129238128662109,-122.22653961181641,SOLANO,VALLEJO,-122.22651672363281,38.129222869873047
91600742,2021,2021-10-19,9365,2021-04-29,2500,016783,,4,4,3,4802,0,1,1,,2,088,"I-80 W/B","MIDWAY RD",1575.00,E,N,A,-,Y,,,,,,,,,,Y,1,1,0,1,A,-,08,22107,,N,E,8,A,A,H,-,B,D,0,,,,,Y,,A,01,0,0,0,0,0,0,0,0,0,"- ","- ",38.41973876953125,-121.89314270019531,SOLANO,DIXON,-121.89714050292969,38.416599273681641
91606756,2021,2022-01-07,9365,2021-10-11,0846,017654,,1,1,9,4800,0,1,1,,2,087,"I-80 W/B","N. MERIDIAN ROAD",750.00,E,N,A,-,Y,,,80,,,,,,W,Y,2,0,1,2,A,-,08,22107,,N,C,C,A,A,H,-,A,D,0,,,,Y,Y,,G,75,1,0,0,0,0,0,0,0,0,"- ","- ",38.405208587646484,-121.91207122802734,SOLANO,UNINCORPORATED,-121.91209411621094,38.405239105224609
91617733,2021,2021-11-05,9365,2021-05-19,1415,019458,,3,2,9,4800,0,1,3,,2,121,"SR-12 E/B","SPURS TRAIL",1954.00,W,N,A,-,Y,,,12,,,,,,E,Y,1,1,1,2,A,-,09,21801,A,N,D,C,A,A,H,-,A,D,0,,,,,Y,,A,01,1,0,0,0,0,0,0,0,0,"- ","- ",38.20867919921875,-122.19284057617188,SOLANO,UNINCORPORATED,-122.19284057617188,38.208667755126953
91625117,2021,2021-11-15,9365,2021-11-04,1345,019815,,4,1,5,4803,0,1,1,,2,083,"I-80 E/B","GREEN VALLEY ROAD",3000.00,W,N,A,-,Y,,,80,,,,,,E,Y,2,0,1,1,A,-,01,23152,A,N,F,A,A,A,H,-,A,D,0,,,Y,,Y,Y,C,02,1,0,0,0,0,0,0,0,1,"- ","- ",38.214649200439453,-122.14041900634766,SOLANO,FAIRFIELD,-122.14048004150391,38.214740753173828
91639934,2021,2021-12-01,9365,2021-11-21,0600,017805,,7,1,6,4807,0,1,1,,2,080,"I-80 EB","AMERICAN CANYON RD. O/C",2640.00,W,N,A,-,Y,,,,,,,,,,Y,2,0,2,3,A,-,08,22107,,N,C,C,A,A,H,-,D,D,0,,,,Y,Y,,A,01,1,1,0,0,0,0,0,0,0,"- ","- ",38.159969329833984,-122.21151733398438,SOLANO,VALLEJO,-122.201171875,38.168460845947266
91655408,2021,2021-12-17,9365,2021-12-15,1310,016919,,3,1,5,4803,0,1,1,,2,082,"I-80 W/B","RED TOP U/C",3696.00,W,N,B,-,Y,,,80,,,,,,W,Y,2,0,1,2,A,-,01,23152,A,M,C,C,A,B,H,-,A,D,0,,,,,Y,Y,A,01,1,0,0,0,0,0,0,0,0,"- ","- ",38.194488525390625,-122.16583251953125,SOLANO,FAIRFIELD,-122.165771484375,38.194442749023438
91658010,2021,2021-12-21,9365,2021-12-17,1535,016970,,5,2,9,4800,0,1,1,,2,089,"I-80 E/B",SR-113N,600.00,E,N,A,-,Y,,,80,,,,,,E,Y,2,0,1,1,A,-,08,22107,,N,E,J,A,A,H,-,A,D,0,,,,,Y,,D,22,1,0,0,0,0,0,0,0,0,"- ","- ",38.525100708007812,-121.76406097412109,SOLANO,UNINCORPORATED,-121.76406097412109,38.525104522705078
9166126,2020,2020-11-30,4806,2020-09-23,1713,686,905,3,5,5,4806,0,0,0,,0,009,"ORANGE DR","GILLEY WY",0.00,,Y,A,-,N,,,,,,,,,,Y,2,0,1,3,A,-,09,21802,A,N,D,E,A,A,H,-,A,B,0,,,,,Y,,A,01,1,0,0,0,0,0,0,0,0,"- ","- ",38.382431030273438,-121.93866729736328,SOLANO,VACAVILLE,-121.93863677978516,38.382431030273438
91665331,2021,2021-12-29,9365,2021-12-23,0340,018712,,4,3,5,4803,0,1,1,,2,084,"I-80 W/B","AIR BASE PKY",300.00,W,N,C,-,Y,,,80,,,,,,W,Y,2,0,2,2,A,-,07,21658,A,N,D,C,A,B,H,-,D,D,0,,,,,Y,,A,01,1,0,1,0,0,0,0,0,0,"- ","- ",38.272548675537109,-122.05055999755859,SOLANO,FAIRFIELD,-122.05058288574219,38.272567749023438
91667339,2021,2021-12-31,9365,2021-12-23,0135,020565,,4,3,5,4803,0,1,1,,2,084,"I-80 E/B","W. TEXAS ST",528.00,W,N,C,-,Y,,,80,,,,,,E,N,2,0,1,2,A,-,01,23152,A,N,D,C,A,B,H,-,D,D,0,,,,Y,Y,Y,A,01,1,0,0,0,0,0,0,0,0,"- ","- ",38.248611450195312,-122.07096099853516,SOLANO,FAIRFIELD,-122.07095336914062,38.248603820800781
91667766,2021,2021-12-31,9365,2021-07-26,0230,018712,,1,3,9,4800,0,1,A,,2,030,"PEACEFUL GLEN RD","GLOW LN",845.00,E,N,A,-,N,,,,,,,,,,Y,1,1,0,1,A,-,01,23152,G,N,E,I,A,A,H,-,D,D,0,,,,,Y,Y,A,01,0,0,0,0,0,0,0,0,0,"- ","- ",38.435989379882812,-121.97695922851562,SOLANO,UNINCORPORATED,-121.97699737548828,38.435958862304688
91680235,2022,2022-08-22,9365,2022-01-07,2235,020565,,5,3,5,4803,0,1,1,,2,083,"I-80 E/B","RED TOP RD.",3696.00,E,N,B,-,Y,SOL,,80,,R,12.039,H,,R,N,2,0,4,4,A,-,03,22350,,N,B,C,A,A,H,-,D,D,0,,,Y,,Y,,C,02,2,1,1,0,0,0,0,0,3,"- ","- ",38.208980560302734,-122.14897918701172,SOLANO,FAIRFIELD,-122.14888000488281,38.208889007568359
91680255,2022,2022-01-18,9365,2022-01-03,0110,021674,,1,3,9,4800,0,1,1,,2,086,"I-80 E/B TO PENA ADOBE RD","RIVERA RD",250.00,W,N,A,-,Y,,,,,,,,,,Y,2,0,1,1,A,-,01,23152,A,N,E,I,A,A,H,-,D,D,0,,,,,Y,Y,A,01,1,0,0,0,0,0,0,0,0,"- ","- ",38.334869384765625,-122.01693725585938,SOLANO,UNINCORPORATED,-122.01693725585938,38.334869384765625
91692140,2021,2022-02-03,9365,2021-08-21,1050,019195,,6,1,9,4800,0,1,A,,2,030,"PLEASANT HILLS RANCH WAY","CHESTER WAY",254.00,N,N,A,-,N,,,,,,,,,,N,1,1,0,1,A,-,08,22107,,N,F,A,A,A,H,-,A,D,0,,Y,,,Y,,L,04,0,0,0,0,0,1,0,0,0,"- ","- ",38.401790618896484,-122.04225158691406,SOLANO,UNINCORPORATED,-122.04229736328125,38.401767730712891
91692144,2021,2022-02-03,9365,2021-10-09,0327,022066,,6,3,5,4803,0,1,1,,2,084,"I-80 E/B","ROCKVILLE RD",1584.00,E,N,A,-,Y,,,80,,,,,,E,Y,1,1,1,4,A,-,07,21658,A,M,D,G,A,A,H,-,D,D,0,,Y,,,Y,,L,04,0,1,0,0,0,1,0,0,0,"- ","- ",38.252918243408203,-122.06691741943359,SOLANO,FAIRFIELD,-122.06686401367188,38.252872467041016
91696836,2022,2022-02-09,9365,2022-02-06,0855,017805,,7,1,6,4807,0,1,1,,2,080,"I-80 WB","MAGAZINE ST. O/C",20.00,E,N,A,-,Y,SOL,,80,,,1.782,H,,L,N,2,0,1,1,A,-,03,22350,,N,F,A,A,A,H,-,A,D,0,,,Y,,Y,,C,02,1,0,0,0,0,0,0,0,1,"- ","- ",38.085399627685547,-122.23300170898438,SOLANO,VALLEJO,-122.23300170898438,38.085399627685547
91697818,2022,2022-02-10,9365,2022-02-06,0705,021466,,7,1,5,4803,0,2,4,,2,202,"SUISUN VALLEY RD","MANKAS CORNER RD",20.00,N,N,A,-,N,,,,,,,,,,N,2,0,1,2,A,-,08,22107,,N,C,C,A,A,H,-,A,A,0,,,Y,,Y,,C,02,1,0,0,0,0,0,0,0,1,"- ","- ",38.287239074707031,-122.11836242675781,SOLANO,FAIRFIELD,-122.11833953857422,38.287155151367188
91738450,2022,2022-04-01,9365,2022-03-21,1912,017736,,1,2,9,4800,0,1,3,,2,121,"SR-12 W/B","SPURS TRAIL",958.00,W,N,A,-,Y,SOL,,12,,,0.693,H,,L,N,2,0,1,2,A,-,08,22100,B,F,D,C,A,A,H,-,B,D,0,,,,,Y,,A,01,1,0,0,0,0,0,0,0,0,"- ","- ",38.208549499511719,-122.1904296875,SOLANO,UNINCORPORATED,-122.1904296875,38.208610534667969
9174604,2020,2020-12-09,4807,2020-09-05,2136,731,VALLE,6,5,6,4807,0,0,0,,0,008,"MINI DR","CORCORAN AV",178.00,S,N,A,-,N,,,,,,,,,,N,2,0,1,2,A,-,08,22107,,N,A,C,A,A,H,-,C,D,0,,,,,Y,,A,01,1,0,0,0,0,0,0,0,0,"- ","- ",38.150398254394531,-122.24594116210938,SOLANO,VALLEJO,-122.24589538574219,38.150009155273438
91751080,2022,2022-04-19,9365,2022-03-29,1422,022817,,2,2,9,4800,0,3,5,,2,020,"MIX CANYON RD","PLEASANTS VALLEY RD.",6758.00,W,N,A,-,N,,,,,,,,,,Y,2,0,2,1,A,-,03,22350,,N,E,I,A,A,H,-,A,D,0,,,,,Y,,A,01,1,1,0,0,0,0,0,0,0,"- ","- ",38.410041809082031,-122.0615234375,SOLANO,UNINCORPORATED,-122.06185913085938,38.409980773925781
91753934,2022,2022-04-21,9365,2022-04-10,2140,022460,,7,2,6,4807,0,1,1,,2,081,"I-80 WESTBOUND","AMERICAN CANYON ROAD",7973.00,W,N,A,-,Y,SOL,,80,,,6.559,H,,L,Y,2,0,2,2,A,-,01,23152,A,N,B,2,A,A,H,-,C,D,0,,,,,Y,Y,A,01,2,0,0,0,0,0,0,0,0,"- ","- ",38.151691436767578,-122.21665954589844,SOLANO,VALLEJO,-122.21664428710938,38.151687622070312
91762415,2022,2022-06-24,9365,2022-04-24,0141,022286,,7,3,5,4803,0,1,1,,2,084,"I-80 EASTBOUND","AIR BASE PARKWAY",1800.00,W,N,A,-,Y,SOL,,80,,,18.473,H,,L,N,2,0,2,2,A,-,07,21658,A,N,B,C,A,A,H,-,C,D,0,,,,,Y,Y,A,01,1,1,0,0,0,0,0,0,0,"- ","- ",38.265029907226562,-122.05709838867188,SOLANO,FAIRFIELD,-122.05701446533203,38.264987945556641
91771463,2022,2022-05-13,9365,2022-05-07,1340,020667,,6,1,9,4800,0,1,A,,2,030,"PLEASANTS VALLEY RD","QUAIL CANYON RD",15.00,N,N,A,-,N,,,,,,,,,,N,2,0,1,1,A,-,03,22350,,N,F,A,A,A,H,-,A,D,0,,,Y,,Y,,C,02,1,0,0,0,0,0,0,0,1,"- ","- ",38.467319488525391,-122.04972076416016,SOLANO,UNINCORPORATED,-122.04972076416016,38.467323303222656
91777050,2022,2022-05-20,9365,2022-05-08,1223,016970,,7,1,5,4806,0,3,5,,2,040,"ALLENDALE ROAD","LEISURE TOWN ROAD",10.00,N,N,A,-,N,,,,,,,,,,N,2,0,1,1,C,-,18,,,N,E,I,A,A,H,-,A,D,0,,,,,Y,,-,"- ",1,0,0,0,0,0,0,0,0,"- ","- ",38.453300476074219,-121.93948364257812,SOLANO,VACAVILLE,-121.93943023681641,38.453269958496094
91778340,2022,2022-05-23,9365,2022-05-14,2045,021352,,6,2,4,4801,0,1,1,,2,077,"I-780 E/B","W K STREET",50.00,W,N,A,-,Y,SOL,,780,,,4.171,H,,R,Y,2,0,1,1,C,-,18,,,N,E,I,A,A,H,-,D,A,0,,,,,Y,,-,"- ",1,0,0,0,0,0,0,0,0,"- ","- ",38.070720672607422,-122.18486785888672,SOLANO,BENICIA,-122.18484497070312,38.070728302001953
91786342,2022,2022-06-02,9365,2022-05-30,1920,020949,,1,2,5,4803,0,1,1,,2,083,"I-80 E/B","SUISUN VALLEY RD",2650.00,W,N,A,-,Y,SOL,,80,,,12.972,H,,R,Y,2,0,1,1,A,-,01,23152,A,N,E,J,A,A,D,-,A,D,0,,,Y,,Y,Y,C,02,1,0,0,0,0,0,0,0,1,"- ","- ",38.217960357666016,-122.135986328125,SOLANO,FAIRFIELD,-122.13591766357422,38.217899322509766
91794351,2022,2022-06-13,9365,2022-06-06,0815,020949,,1,1,5,4806,0,1,1,,2,086,"I-80 E/B","ALAMO DRIVE OVER-CROSSING",4270.00,W,N,A,-,Y,SOL,,80,,,24.482,H,,R,Y,2,0,1,2,A,-,03,22350,,N,C,C,A,A,D,-,A,D,0,,,Y,,Y,,C,02,1,0,0,0,0,0,0,0,1,"- ","- ",38.341331481933594,-122.01084136962891,SOLANO,VACAVILLE,-122.01089477539062,38.341403961181641
91795736,2022,2022-06-15,9365,2022-06-04,0115,021857,,6,3,9,4800,0,1,A,,2,030,"MIDWAY ROAD","BATAVIA ROAD",500.00,W,N,B,-,N,,,,,,,,,,Y,2,0,1,2,A,-,03,22350,,F,C,C,A,A,H,-,D,D,0,,,,,Y,,A,01,1,0,0,0,0,0,0,0,0,"- ","- ",38.416801452636719,-121.86147308349609,SOLANO,UNINCORPORATED,-121.86137390136719,38.416828155517578
91806825,2022,2022-06-30,9365,2022-06-24,0730,022796,,5,1,9,4800,0,1,A,,2,030,"SHILOH RD","LITTLE HONKER BAY RD",5227.00,S,N,A,-,N,,,,,,,,,,N,2,0,1,1,A,-,08,22107,,N,E,I,A,A,H,-,A,D,0,,,,,Y,,A,01,1,0,0,0,0,0,0,0,0,"- ","- ",38.169639587402344,-121.88931274414062,SOLANO,UNINCORPORATED,-121.88969421386719,38.191802978515625
91817244,2022,2022-07-14,9365,2022-07-04,2310,022424,,1,3,4,4801,0,1,1,,2,077,"I-780 E/B","GLEN COVE RD",1985.00,W,N,A,-,Y,SOL,,780,,,6.397,H,,R,N,2,0,1,1,A,-,01,23152,A,N,E,8,A,A,H,-,C,D,0,,,,,Y,Y,A,07,1,0,0,0,0,0,0,0,0,"- ","- ",38.087310791015625,-122.21710205078125,SOLANO,BENICIA,-122.21696472167969,38.087505340576172
91822621,2022,2022-07-21,9365,2022-07-16,0150,021857,,6,3,6,4807,0,1,1,,2,080,"I-80 EASTBOUND","CAQUINEZ BRIDGE TOLL PLAZA",2640.00,W,N,A,-,Y,SOL,,80,,,0.041,H,,R,Y,2,0,1,2,A,-,07,21658,A,N,C,C,A,A,H,-,C,D,0,,,,,Y,,A,01,1,0,0,0,0,0,0,0,0,"- ","- ",38.061550140380859,-122.22527313232422,SOLANO,VALLEJO,-122.22533416748047,38.061546325683594
91830205,2022,2022-08-01,9365,2022-07-24,2205,022286,,7,3,9,4800,0,1,A,,2,030,"HAY RD","MERIDIAN RD",66.00,W,N,A,-,N,,,,,,,,,,N,2,0,1,1,A,-,01,23152,A,N,F,A,A,A,H,-,C,D,0,,,,,Y,Y,A,08,1,0,0,0,0,0,0,0,0,"- ","- ",38.315479278564453,-121.91574096679688,SOLANO,UNINCORPORATED,-121.91542053222656,38.3154296875
91830561,2022,2022-08-01,9365,2022-02-25,1620,017736,,5,2,9,4800,0,1,A,,2,030,"DIXON AVE WEST","N. MERIDIAN ROAD",711.00,E,N,A,-,N,,,,,,,,,,Y,1,1,0,2,A,-,03,22350,,N,D,C,A,A,H,-,A,D,0,,,Y,,Y,Y,C,02,0,0,0,0,0,0,0,1,0,"- ","- ",38.446121215820312,-121.91310882568359,SOLANO,UNINCORPORATED,-121.91324615478516,38.446250915527344
91830563,2021,2022-08-01,9365,2021-12-30,1129,016970,,4,1,6,4807,0,1,3,,2,370,"SR-37 W/B","WALNUT AVENUE",1735.00,E,N,A,-,Y,,,37,,,,,,W,Y,1,1,1,6,A,-,03,22350,,N,E,8,A,A,H,-,A,D,0,,,,Y,Y,,G,25,0,0,1,0,0,0,0,0,0,"- ","- ",38.119621276855469,-122.28273773193359,SOLANO,VALLEJO,-122.28270721435547,38.119525909423828
91835033,2022,2022-08-08,9365,2022-07-17,0030,022424,,7,3,5,4806,0,1,1,,2,086,"I-80 E/B","ALAMO DR",1855.00,W,N,A,-,Y,SOL,,80,,R,24.943,H,,R,Y,2,0,3,4,A,-,01,23152,A,N,C,C,E,A,D,-,C,D,0,Y,,,,Y,Y,A,07,3,0,0,0,2,0,0,0,0,"- ","- ",38.343868255615234,-122.00305938720703,SOLANO,VACAVILLE,-122.00309753417969,38.343925476074219
91847025,2022,2022-08-24,9365,2022-08-16,1410,020835,,2,2,5,4806,0,1,1,,2,086,"I-80 EASTBOUND","ALAMO DRIVE",500.00,W,N,A,-,Y,SOL,,80,,,24.610,H,,R,N,2,0,1,1,A,-,08,22107,,N,F,A,A,A,H,-,A,D,0,,,Y,,Y,,C,02,1,0,0,0,0,0,0,0,1,"- ","- ",38.342201232910156,-122.0087890625,SOLANO,VACAVILLE,-122.00877380371094,38.342159271240234
91861596,2022,2022-09-12,9365,2022-09-11,0635,017508,,7,1,5,4803,0,1,1,,2,084,"I-80 W/B","AIRBASE PARKWAY OVERCROSSING",541.00,W,N,B,-,Y,,,,,,,,,,N,2,0,1,1,A,-,03,22350,,N,E,I,A,A,H,-,A,D,0,,,,,Y,,A,01,1,0,0,0,0,0,0,0,0,"- ","- ",38.272159576416016,-122.05148315429688,SOLANO,FAIRFIELD,-122.05115509033203,38.271884918212891
91867742,2022,2023-04-07,9365,2022-09-10,0100,022326,,6,3,6,4807,0,1,1,,2,080,"I-80 W/B",I-780,180.00,W,N,B,-,Y,SOL,,80,,,2.171,H,,L,Y,2,0,5,3,A,-,01,23152,A,N,C,C,A,A,D,-,C,A,0,,,,,Y,Y,A,01,1,0,4,0,0,0,0,0,0,"- ","- ",38.090671539306641,-122.23065185546875,SOLANO,VALLEJO,-122.23085021972656,38.090721130371094
91870097,2022,2022-09-21,9365,2022-09-20,1220,017805,,2,1,6,4807,0,1,1,,2,077,"I-780 EB","GLEN COVE RD. O/C",53.00,W,N,A,-,Y,SOL,,780,,,6.029,H,,L,Y,2,0,1,1,A,-,08,22107,,N,E,I,A,A,H,-,A,D,0,,,,,Y,,A,07,1,0,0,0,0,0,0,0,0,"- ","- ",38.085601806640625,-122.21070861816406,SOLANO,VALLEJO,-122.21068572998047,38.085697174072266
91871364,2022,2022-09-22,9365,2022-09-11,0211,022306,,7,3,9,4800,0,1,1,,2,084,"I-80 WESTBOUND","MANUEL CAMPOS PARKWAY",1584.00,E,N,A,-,Y,SOL,,80,,,21.245,H,,L,Y,2,0,7,3,C,-,18,,,N,A,C,A,A,D,-,D,D,0,,,,,Y,,-,"- ",1,6,0,0,0,0,0,0,0,"- ","- ",38.299919128417969,-122.03410339355469,SOLANO,UNINCORPORATED,-122.03413391113281,38.299919128417969
91871385,2022,2022-09-22,9365,2022-08-04,0156,021674,,4,3,5,4803,0,1,1,,2,084,"I-80 E/B","ROCKVILLE RD",1040.00,E,N,A,-,Y,SOL,,80,,,17.419,H,,R,N,1,1,0,3,A,-,11,21954,A,N,G,B,E,A,H,-,D,D,0,Y,,,,Y,,N,60,0,0,0,1,0,0,0,0,0,"- ","- ",38.252281188964844,-122.06755828857422,SOLANO,FAIRFIELD,-122.06742095947266,38.252208709716797
91886337,2022,2022-10-10,9365,2022-09-21,1903,020835,,3,2,9,4800,0,2,4,,2,201,"ROCKVILLE ROAD","SCOT COURT",300.00,S,N,A,-,N,,,,,,,,,,N,2,0,1,1,A,-,08,22107,,N,E,I,A,A,H,-,B,D,0,,,,,Y,,M,96,1,0,0,0,0,0,0,0,0,"- ","- ",38.261978149414062,-122.17047882080078,SOLANO,UNINCORPORATED,-122.17015838623047,38.262325286865234
91886625,2022,2022-10-10,9365,2022-10-01,1650,022834,,6,2,9,4800,0,1,A,,2,030,"CANTELOW ROAD","WEST ROADWAY EDGE LINE PROLONGATION OF BROWNS VALL",147.00,W,N,A,-,N,,,,,,,,,,N,2,0,2,2,A,-,03,22350,,N,C,C,A,A,H,-,A,D,0,,,Y,,Y,,C,02,1,1,0,0,0,0,0,0,2,"- ","- ",38.416110992431641,-121.97145843505859,SOLANO,UNINCORPORATED,,
91891603,2022,2022-10-17,9365,2022-10-08,2500,022286,,6,4,5,4806,0,1,1,,2,086,"6683 SIEVERS RD.",CURREY,2122.00,E,N,A,-,N,,,,,,,,,,N,2,0,1,1,B,-,22,,,N,E,I,A,A,H,-,A,D,0,,,Y,,Y,,C,06,1,0,0,0,0,0,0,0,1,"- ","- ",38.499290466308594,-121.81479644775391,SOLANO,VACAVILLE,-121.81488037109375,38.489002227783203
91923793,2021,2022-11-22,9365,2021-12-02,0407,021204,,4,3,9,4800,0,1,1,,2,089,"I-80 E/B","RICHARDS BLVD",2640.00,W,N,E,-,Y,,,80,,,,,,E,Y,1,1,1,2,A,-,03,22350,,N,D,C,A,A,H,-,D,D,0,,,,,Y,,D,22,1,0,0,0,0,0,0,0,0,"- ","- ",38.534641265869141,-121.74198913574219,SOLANO,UNINCORPORATED,-121.74195861816406,38.534599304199219
91939740,2022,2023-03-28,9365,2022-12-03,1904,021645,,6,2,5,4803,0,1,1,,2,084,"I-80 W/B","AIR BASE PKY",3720.00,E,N,B,C,Y,SOL,,80,,,19.933,H,,L,Y,2,0,2,2,A,-,08,22107,,N,D,C,A,B,H,-,D,D,0,,,,,Y,,A,07,1,1,0,0,0,0,0,0,0,"- ","- ",38.282569885253906,-122.04208374023438,SOLANO,FAIRFIELD,-122.04209136962891,38.282573699951172
91943092,2022,2022-12-15,9365,2022-12-03,2355,021116,,6,3,6,4807,0,1,1,,2,080,"I-80 E/B","SONOMA BLVD",3050.00,W,N,C,-,Y,SOL,,80,,,0.584,H,,R,N,2,0,1,1,A,-,01,23152,A,N,E,I,A,B,H,-,C,D,0,,,,,Y,Y,A,01,1,0,0,0,0,0,0,0,0,"- ","- ",38.069000244140625,-122.22660827636719,SOLANO,VALLEJO,-122.22659301757812,38.069004058837891
91949704,2022,2022-12-22,9365,2022-12-07,1745,021185,,3,2,9,4800,0,2,4,,2,201,"ROCKVILLE ROAD","WILOTTA DRIVE",110.00,E,N,A,-,N,,,,,,,,,,Y,2,0,1,1,A,-,01,23152,A,N,E,I,A,A,H,-,C,A,0,,,,,Y,Y,A,01,1,0,0,0,0,0,0,0,0,"- ","- ",38.244270324707031,-122.11222076416016,SOLANO,UNINCORPORATED,-122.11343383789062,38.244300842285156