CASE_ID,ACCIDENT_YEAR,PROC_DATE,JURIS,COLLISION_DATE,COLLISION_TIME,OFFICER_ID,REPORTING_DISTRICT,DAY_OF_WEEK,CHP_SHIFT,POPULATION,CNTY_CITY_LOC,SPECIAL_COND,BEAT_TYPE,CHP_BEAT_TYPE,CITY_DIVISION_LAPD,CHP_BEAT_CLASS,BEAT_NUMBER,PRIMARY_RD,SECONDARY_RD,DISTANCE,DIRECTION,INTERSECTION,WEATHER_1,WEATHER_2,STATE_HWY_IND,CALTRANS_COUNTY,CALTRANS_DISTRICT,STATE_ROUTE,ROUTE_SUFFIX,POSTMILE_PREFIX,POSTMILE,LOCATION_TYPE,RAMP_INTERSECTION,SIDE_OF_HWY,TOW_AWAY,COLLISION_SEVERITY,NUMBER_KILLED,NUMBER_INJURED,PARTY_COUNT,PRIMARY_COLL_FACTOR,PCF_CODE_OF_VIOL,PCF_VIOL_CATEGORY,PCF_VIOLATION,PCF_VIOL_SUBSECTION,HIT_AND_RUN,TYPE_OF_COLLISION,MVIW,PED_ACTION,ROAD_SURFACE,ROAD_COND_1,ROAD_COND_2,LIGHTING,CONTROL_DEVICE,CHP_ROAD_TYPE,PEDESTRIAN_ACCIDENT,BICYCLE_ACCIDENT,MOTORCYCLE_ACCIDENT,TRUCK_ACCIDENT,NOT_PRIVATE_PROPERTY,ALCOHOL_INVOLVED,STWD_VEHTYPE_AT_FAULT,CHP_VEHTYPE_AT_FAULT,COUNT_SEVERE_INJ,COUNT_VISIBLE_INJ,COUNT_COMPLAINT_PAIN,COUNT_PED_KILLED,COUNT_PED_INJURED,COUNT_BICYCLIST_KILLED,COUNT_BICYCLIST_INJURED,COUNT_MC_KILLED,COUNT_MC_INJURED,PRIMARY_RAMP,SECONDARY_RAMP,LATITUDE,LONGITUDE,COUNTY,CITY,POINT_X,POINT_Y
91951598,2022,2022-12-23,9365,2022-12-19,1630,021674,,1,2,6,4807,0,1,1,,2,081,"I-80 W/B","REDWOOD ST",375.00,E,N,B,-,Y,SOL,,80,,,4.509,H,,L,N,2,0,1,2,A,-,08,22107,,N,B,C,A,A,H,-,A,D,0,,,,,Y,,A,01,1,0,0,0,0,0,0,0,0,"- ","- ",38.124221801757812,-122.22966003417969,SOLANO,VALLEJO,-122.22962188720703,38.12420654296875
91962165,2022,2023-01-06,9365,2022-12-30,0002,018192,,5,3,4,4801,0,1,1,,2,078,"I-780 W/B","COLUMBUS PARKWAY",100.00,E,N,B,C,Y,SOL,,780,,,4.942,H,,L,Y,2,0,2,3,A,-,03,22350,,F,C,3,A,B,H,-,D,D,0,,,,,Y,,-,99,1,1,0,0,0,0,0,0,0,"- ","- ",38.080051422119141,-122.19246673583984,SOLANO,BENICIA,-122.19268035888672,38.079917907714844
91964387,2022,2023-01-10,9365,2022-01-30,1930,021609,,7,2,9,4800,0,1,A,,2,030,"HAY ROAD","MERIDIAN ROAD",111.00,W,N,A,-,N,,,,,,,,,,Y,1,1,2,1,A,-,01,23152,A,N,E,I,A,A,H,-,D,A,0,,,,,Y,Y,D,22,1,1,0,0,0,0,0,0,0,"- ","- ",38.315498352050781,-121.9158935546875,SOLANO,UNINCORPORATED,-121.91542053222656,38.3154296875
91964728,2022,2023-01-10,9365,2022-09-29,1800,022309,,4,2,9,4800,0,1,A,,2,030,"ALLENDALE RD W/B","HEATHER LN",535.00,E,N,A,-,N,,,,,,,,,,Y,1,1,0,1,A,-,01,23152,A,N,E,I,A,A,H,-,A,D,0,,,,,Y,Y,D,22,0,0,0,0,0,0,0,0,0,"- ","- ",38.453269958496094,-121.95494842529297,SOLANO,UNINCORPORATED,-121.95497131347656,38.453239440917969
91965672,2023,2023-01-11,9365,2023-01-03,"120 ",022326,,2,3,3,4802,0,3,5,,2,040,"CURRIE RD","I-80 WESTBOUND TO SR-113 SOUTHBOUND",90.00,N,N,B,-,N,,,,,,,,,,Y,2,0,1,1,A,-,08,22107,,N,E,I,A,B,H,-,C,A,0,,,,,Y,,A,01,1,0,0,0,0,0,0,0,0,"- ","- ",38.475120544433594,-121.82235717773438,SOLANO,DIXON,,
91975011,2023,2023-01-23,9365,2023-01-20,"535 ",016783,,5,3,5,4806,0,1,1,,2,087,"I-80 W/B","LEISURE TOWN ROAD",1500.00,W,N,A,-,Y,SOL,,80," "," ",29.464,H,,L,N,2,0,2,2,A,-,03,22350,,N,E,I,A,A,H,-,D,D,0,,,,,Y,,A,01,1,1,0,0,0,0,0,0,0,"- ","- ",38.384250640869141,-121.93903350830078,SOLANO,VACAVILLE,-121.93911743164062,38.384330749511719
91978375,2023,2023-01-26,9365,2023-01-25,"740 ",016919,,3,1,5,4803,0,1,1,,2,681,"I-680 N/B","GOLD HILL RD O/C",1584.00,S,N,A,-,Y,SOL,,680," ",R,9.719,H,,R,Y,2,0,1,2,A,-,07,21658,A,N,C,C,A,A,H,-,A,D,0,,,,Y,Y,,G,25,1,0,0,0,0,0,0,0,0,"- ","- ",38.178848266601562,-122.13204193115234,SOLANO,FAIRFIELD,-122.13198089599609,38.178871154785156
91980647,2023,2023-01-27,9365,2023-01-18,2345,021116,,3,3,6,4807,0,1,1,,2,081,"I-80 W/B",SR-37,5280.00,E,N,B,-,Y,SOL,,80," "," ",6.463,H,,L,N,2,0,1,1,A,-,01,23152,A,N,E,I,A,B,H,-,C,D,0,,,,,Y,Y,A,01,1,0,0,0,0,0,0,0,0,"- ","- ",38.15032958984375,-122.21708679199219,SOLANO,VALLEJO,-122.21692657470703,38.150318145751953
91981983,2022,2023-01-30,9365,2022-10-06,1050,016919,,4,1,9,4800,0,3,5,,2,010,"LAKE HERMAN RD","COLUMBUS PARKWAY",1954.00,E,N,A,-,N,,,,,,,,,,Y,1,1,0,2,A,-,03,22350,,N,A,C,A,A,H,-,A,D,0,,,Y,Y,Y,,C,02,0,0,0,0,0,0,0,1,0,"- ","- ",38.114528656005859,-122.18715667724609,SOLANO,UNINCORPORATED,-122.19091033935547,38.11505126953125
91984420,2022,2023-02-01,9365,2022-07-01,1900,019651,,5,2,9,4800,0,1,3,,2,220,"SR-84 E/B","RYER ROAD EAST",8976.00,W,N,A,-,N,,,,,,,,,,N,1,1,0,1,A,-,01,23152,F,N,F,I,A,A,H,-,A,D,0,,,,,Y,,A,07,0,0,0,0,0,0,0,0,0,"- ","- ",38.209251403808594,-121.65651702880859,SOLANO,UNINCORPORATED,-121.65891265869141,38.186611175537109
91984427,2022,2023-02-01,9365,2022-12-03,1615,021674,,6,2,5,4803,0,1,1,,2,083,"I-80 E/B","I-680 N/B TO I-80 W/B",510.00,E,N,C,-,Y,SOL,,80,,,12.931,H,,R,N,1,1,0,3,A,-,03,22350,,N,D,C,A,B,H,-,A,D,0,,,,,Y,,A,01,0,0,0,0,0,0,0,0,0,"- ","- ",38.217571258544922,-122.13654327392578,SOLANO,FAIRFIELD,-122.136474609375,38.217514038085938
91993139,2023,2023-02-13,9365,2023-02-05,"150 ",022306,,7,3,6,4807,0,1,3,,2,370,"SR-37 WESTBOUND",SR-29,3168.00,W,N,A,-,Y,SOL,,37," "," ",9.017,H,,L,Y,2,0,1,1,A,-,01,23152,A,N,E,I,A,A,H,-,D,D,0,,,,,Y,Y,A,01,1,0,0,0,0,0,0,0,0,"- ","- ",38.132179260253906,-122.26222991943359,SOLANO,VALLEJO,-122.26229858398438,38.132228851318359
92008260,2023,2023-04-07,9365,2023-02-22,2030,020991,,3,2,6,4807,0,1,3,,2,371,"SR-37 W/B","MINI DR",375.00,W,N,A,-,Y,SOL,,37," ",R,9.996,H,,L,Y,2,0,1,2,A,-,01,23152,A,N,E,9,A,A,H,-,D,D,0,,,,,Y,Y,A,01,1,0,0,0,0,0,0,0,0,"- ","- ",38.142589569091797,-122.25093841552734,SOLANO,VALLEJO,-122.25092315673828,38.142528533935547
92011554,2023,2023-03-07,9365,2023-02-27,1630,022460,,1,2,5,4806,0,1,1,,2,087,"I-80 EB","MERIDIAN ROAD",1739.00,W,N,A,-,Y,SOL,,80," "," ",31.034,H,,R,Y,2,0,1,2,A,-,03,22350,,N,C,C,A,A,H,-,A,D,0,,,,Y,Y,,A,01,1,0,0,0,0,0,0,0,0,"- ","- ",38.400150299072266,-121.91826629638672,SOLANO,VACAVILLE,-121.91828918457031,38.400165557861328
92027380,2023,2023-03-23,9365,2023-03-14,"735 ",017820,,2,1,6,4807,0,1,1,,2,080,"I-80 E/B",SR-29,300.00,E,N,B,C,Y,SOL,,80," "," ",1.052,H,,R,Y,2,0,2,2,A,-,03,22350,,N,A,C,A,B,D,-,A,D,0,,,,,Y,,A,01,1,1,0,0,0,0,0,0,0,"- ","- ",38.075199127197266,-122.23104095458984,SOLANO,VALLEJO,-122.23109436035156,38.075176239013672
92031500,2023,2023-03-29,9365,2023-03-20,1735,023231,,1,2,5,4803,0,1,1,,2,084,"I-80 W/B","E/O TRAVIS BLVD.",1352.70,E,N,A,-,Y,SOL,,80," "," ",18.191,H,,L,Y,2,0,1,1,A,-,01,23152,A,N,E,I,A,A,H,-,A,D,0,,,Y,,Y,Y,C,03,1,0,0,0,0,0,0,0,1,"- ","- ",38.261550903320312,-122.05976104736328,SOLANO,FAIRFIELD,-122.05986022949219,38.261604309082031
9203355,2020,2021-01-12,4802,2020-11-21,1701,1261,FAIRF,6,5,3,4802,0,0,0,,0,001,"PORTER ST","S LINCOLN ST",666.00,N,N,A,-,N,,,,,,,,,,Y,2,0,2,2,A,-,08,22107,,N,D,G,A,A,H,-,B,D,0,,Y,,,Y,,L,04,1,1,0,0,0,0,1,0,0,"- ","- ",,,SOLANO,DIXON,-121.8350830078125,38.434627532958984
92059107,2023,2023-05-02,9365,2023-04-15,1916,020835,,6,2,9,4800,0,1,1,,2,089,"I-80 WESTBOUND","PEDRICK ROAD",2468.00,E,N,A,-,Y,,,,,,,,,,Y,2,0,1,1,A,-,01,23152,A,N,F,I,A,A,H,-,B,D,0,,,,,Y,Y,A,07,1,0,0,0,0,0,0,0,0,"- ","- ",38.494419097900391,-121.79805755615234,SOLANO,UNINCORPORATED,-121.79783630371094,38.494178771972656
92065132,2023,2023-05-09,9365,2023-04-16,"330 ",022424,,7,3,5,4806,0,1,1,,2,087,"I-80 W/B","MERIDIAN ROAD",2162.00,W,N,A,-,Y,SOL,,80," "," ",30.949,H,,L,Y,2,0,2,2,C,-,18,,,N,B,C,A,A,H,-,D,D,0,,,,,Y,,-,"- ",1,0,1,0,0,0,0,0,0,"- ","- ",38.399509429931641,-121.91950988769531,SOLANO,VACAVILLE,-121.91953277587891,38.399524688720703
92081102,2023,2023-05-30,9365,2023-05-18,2043,022277,,4,2,5,4803,0,1,1,,2,681,"I-680 N/B",I-80,790.00,S,N,A,-,Y,SOL,,680," "," ",12.947,H,,R,N,2,0,1,2,A,-,11,21954,A,N,G,B,E,A,H,-,C,D,0,Y,,,,Y,,N,60,1,0,0,0,1,0,0,0,0,"- ","- ",38.214130401611328,-122.13777923583984,SOLANO,FAIRFIELD,-122.13780975341797,38.214130401611328
92082269,2023,2023-10-25,9365,2023-05-22,"130 ",022656,,1,3,5,4803,0,1,1,,2,084,"I-80 W/B","WEST TEXAS ST",1478.00,W,N,A,-,Y,SOL,,80," "," ",16.926,H,,L,Y,1,1,3,2,A,-,01,23152,A,N,A,C,A,A,H,-,C,D,0,,,,,Y,Y,A,01,2,1,0,0,0,0,0,0,0,"- ","- ",38.247581481933594,-122.07417297363281,SOLANO,FAIRFIELD,-122.07417297363281,38.247577667236328
92084939,2023,2023-06-02,9365,2023-05-18,1900,017820,,4,2,5,4803,0,1,1,,2,084,"I-80 W/B","AIR BASE PKY",235.00,W,N,A,-,Y,SOL,,80," "," ",19.094,H,,L,Y,2,0,1,2,A,-,01,23152,A,N,C,E,A,A,H,-,A,A,0,,,,,Y,Y,A,01,1,0,0,0,0,0,0,0,0,"- ","- ",38.2724609375,-122.05078887939453,SOLANO,FAIRFIELD,-122.05070495605469,38.272415161132812
92115314,2023,2023-07-12,9365,2023-07-05,1335,017736,,3,1,5,4806,0,1,1,,2,086,"I-80 W/B","ALLISON DR",1214.00,E,N,A,-,Y,SOL,,80," ",R,27.460,H,,L,N,2,0,1,2,A,-,07,21658,A,F,B,C,A,A,D,-,A,D,0,,,Y,,Y,,-,99,1,0,0,0,0,0,0,0,1,"- ","- ",38.363719940185547,-121.96584320068359,SOLANO,VACAVILLE,-121.96589660644531,38.36376953125
92124654,2023,2023-07-24,9365,2023-07-14,1955,021674,,5,2,9,4800,0,3,5,,2,010,"STARR AVE","THOMAS AVE",0.00,,Y,A,-,N,,,,,,,,,,N,2,0,1,2,A,-,12,22450,A,N,D,G,A,A,H,-,A,A,0,,Y,,,Y,,L,04,1,0,0,0,0,0,1,0,0,"- ","- ",38.094989776611328,-122.23590087890625,SOLANO,UNINCORPORATED,-122.23583221435547,38.094982147216797
92126711,2023,2023-07-26,9365,2023-07-22,1110,017508,,6,1,5,4803,0,1,1,,2,084,"I-80 E/B","AIRBASE PARKWAY",2693.00,W,N,A,-,Y,SOL,,80," "," ",18.653,H,,R,N,2,0,2,1,A,-,08,22107,,N,E,I,A,A,D,-,A,D,0,,,,,Y,,A,07,1,1,0,0,0,0,0,0,0,"- ","- ",38.267040252685547,-122.05473327636719,SOLANO,FAIRFIELD,-122.05485534667969,38.267105102539062
92126923,2023,2023-07-26,9365,2023-07-24,"144 ",022766,,1,3,9,4800,0,3,5,,2,040,"SPARLING LN","TREMONT RD",1954.00,N,N,A,-,Y,,,,,,,,,,Y,2,0,1,2,A,-,01,23152,A,N,A,C,A,A,H,-,D,D,0,,,,Y,Y,Y,A,07,1,0,0,0,0,0,0,0,0,"- ","- ",38.500259399414062,-121.79049682617188,SOLANO,UNINCORPORATED,-121.79048156738281,38.500251770019531
92132432,2023,2023-07-31,9365,2023-06-30,1850,022424,,5,2,5,4803,0,1,1,,2,082,"I-80 E/B","RED TOP RD",4982.00,W,N,A,-,Y,SOL,,80," ",R,10.451,H,,R,Y,2,0,1,3,A,-,07,21658,A,N,B,2,A,A,H,-,A,D,0,,,,,Y,,D,22,1,0,0,0,0,0,0,0,0,"- ","- ",38.191398620605469,-122.16809844970703,SOLANO,FAIRFIELD,-122.16802978515625,38.191364288330078
92135242,2023,2023-08-03,9365,2023-07-28,"55  ",018192,,5,3,9,4800,0,1,3,,2,113,"SR-113 N/B","MIDWAY ROAD",800.00,N,N,A,-,N,,,,,,,,,,Y,2,0,1,1,A,-,01,23152,A,N,E,8,A,A,H,-,C,D,0,,,,,Y,Y,D,22,1,0,0,0,0,0,0,0,0,"- ","- ",38.418769836425781,-121.82263946533203,SOLANO,UNINCORPORATED,-121.82270050048828,38.418769836425781
92135633,2022,2023-08-03,9365,2022-09-25,0310,022834,,7,3,9,4800,0,1,1,,2,089,"I-80 WESTBOUND","RICHARDS BLVD OVER CROSSING",1478.00,W,N,A,-,Y,SOL,,80,,R,44.649,H,,L,Y,1,3,2,3,A,-,01,23152,F,N,A,C,A,A,H,-,D,D,0,,,,,Y,Y,A,01,2,0,0,0,0,0,0,0,0,"- ","- ",38.536960601806641,-121.73944854736328,SOLANO,UNINCORPORATED,-121.73948669433594,38.536983489990234
92141112,2023,2023-08-10,9365,2023-03-26,2045,017736,,7,2,9,4800,0,1,3,,2,113,"SR-113 S/B","BINGHAMTON RD",95.00,S,N,A,-,Y,SOL,,113," "," ",12.748,H,,L,Y,1,1,0,2,A,-,01,23152,A,N,C,2,A,A,H,-,D,D,0,,,Y,,Y,Y,C,02,0,0,0,0,0,0,0,1,0,"- ","- ",38.350971221923828,-121.82322692871094,SOLANO,UNINCORPORATED,-121.82314300537109,38.350971221923828
92171419,2022,2023-09-15,9365,2022-12-18,1739,022286,,7,2,5,4803,0,1,1,,2,083,"I-80 EASTBOUND","PITTMAN AVE",617.00,E,N,A,-,Y,SOL,,80,,,13.611,H,,R,Y,1,1,3,3,A,-,07,21658,A,N,B,C,A,A,H,-,C,D,0,,,,,Y,,A,01,1,0,2,0,0,0,0,0,0,"- ","- ",38.223899841308594,-122.12711334228516,SOLANO,FAIRFIELD,-122.1270751953125,38.223865509033203
92177121,2023,2023-09-22,9365,2023-03-18,"447 ",022766,,6,3,6,4807,0,1,1,,2,081,"I-80 E/B","REDWOOD PKY",634.00,E,N,B,-,Y,SOL,,80," "," ",4.555,H,,R,Y,1,1,1,3,A,-,11,21954,A,N,G,B,E,A,H,-,C,D,0,Y,,,,Y,Y,N,60,0,1,0,1,0,0,0,0,0,"- ","- ",38.124820709228516,-122.22902679443359,SOLANO,VALLEJO,-122.22904205322266,38.124824523925781
92180325,2023,2023-12-12,9365,2023-09-17,1702,023294,,7,2,9,4800,0,1,A,,2,030,"HAWKINS RD","LEWIS RD",0.00,,Y,A,-,N,,,,,,,,,,Y,2,0,3,3,A,-,12,22450,A,N,D,C,A,A,H,-,A,A,0,,,,,Y,,A,01,1,0,2,0,0,0,0,0,0,"- ","- ",38.358898162841797,-121.89688110351562,SOLANO,UNINCORPORATED,-121.89684295654297,38.358882904052734
92189023,2023,2023-10-03,9365,2023-09-15,2252,023301,,5,3,5,4803,0,1,1,,2,085,"I-80 E/B","MANUEL CAMPOS PKWY",1690.00,E,N,A,-,Y,SOL,,80," "," ",21.866,H,,R,Y,2,0,1,3,A,-,01,23152,A,N,C,C,A,A,D,-,D,D,0,,,,,Y,Y,A,01,1,0,0,0,0,0,0,0,0,"- ","- ",38.308761596679688,-122.03340911865234,SOLANO,FAIRFIELD,-122.033447265625,38.308765411376953
92201487,2023,2023-10-17,9365,2023-10-09,2045,022833,,1,2,6,4807,0,1,1,,2,081,"I-80 E/B","AMERICAN CANYON RD",6600.00,W,N,B,-,Y,SOL,,80," "," ",6.487,H,,R,N,2,0,1,2,A,-,01,23152,A,N,B,C,A,A,H,-,D,D,0,,,,,Y,Y,D,22,1,0,0,0,0,0,0,0,0,"- ","- ",38.150611877441406,-122.21650695800781,SOLANO,VALLEJO,-122.21658325195312,38.150619506835938
92226801,2023,2023-11-02,9365,2023-10-22,"327 ",023294,,7,3,5,4803,0,1,1,,2,083,"I-80 E/B","PITTMAN RD",1202.00,W,N,A,-,Y,SOL,,80," "," ",13.253,H,,R,Y,2,0,1,1,A,-,01,23152,A,N,E,8,A,A,D,-,D,A,0,,,,,Y,Y,A,01,1,0,0,0,0,0,0,0,0,"- ","- ",38.220481872558594,-122.13194274902344,SOLANO,FAIRFIELD,-122.13204956054688,38.2205810546875
92230771,2023,2023-11-08,9365,2023-11-01,1125,023301,,3,1,9,4800,0,2,4,,2,201,"ROCKVILLE RD","ABERNATHY RD",0.00,,Y,A,-,N,,,,,,,,,,N,2,0,1,2,A,-,09,21803,A,N,D,G,A,A,H,-,A,D,0,,Y,,,Y,,A,07,1,0,0,0,0,0,1,0,0,"- ","- ",38.246028900146484,-122.09059143066406,SOLANO,UNINCORPORATED,-122.09082794189453,38.246036529541016
92244214,2023,2023-11-27,9365,2023-11-23,1700,017805,,4,2,6,4807,0,1,1,,2,080,"I-80 EB TO I-780","I-780 U/C",400.00,W,N,A,-,Y,SOL,,80," "," ",2.141,H,,R,N,2,0,1,1,A,-,08,22107,,N,F,A,A,A,H,-,C,D,0,,,Y,,Y,,C,02,1,0,0,0,0,0,0,0,1,"- ","- ",38.090278625488281,-122.23088073730469,SOLANO,VALLEJO,-122.23082733154297,38.090267181396484
92256161,2023,2023-12-07,9365,2023-01-05,1000,017820,,4,1,6,4807,0,1,1,,2,080,"I-80 W/B","MAGAZINE ST",330.00,E,N,C,-,Y,SOL,,80," "," ",1.920,H,,L,Y,1,1,2,3,A,-,03,22350,,N,C,E,E,B,H,-,A,A,0,Y,,,Y,Y,,-,"- ",0,2,0,0,1,0,0,0,0,"- ","- ",38.087318420410156,-122.23236846923828,SOLANO,VALLEJO,-122.23230743408203,38.087303161621094
92260794,2023,2024-03-01,9365,2023-12-11,2020,023294,,1,2,5,4803,0,1,1,,2,085,"I-80 W/B","MANUEL CAMPOS PARKWAY",1901.00,W,N,A,-,Y,SOL,,80," "," ",20.553,H,,L,Y,1,1,3,2,A,-,03,22350,,N,C,C,A,A,D,-,D,A,0,,,,,Y,,A,01,0,0,3,0,0,0,0,0,0,"- ","- ",38.290088653564453,-122.03566741943359,SOLANO,FAIRFIELD,-122.03569793701172,38.290103912353516
92292044,2024,2024-01-19,9365,2024-01-17,"345 ",018192,,3,3,6,4807,0,1,3,,2,371,"SR-37 E/B TO COLUMBUS PKWY",I-80,750.00,E,N,B,-,Y,,,,,,,,,,Y,2,0,1,1,A,-,01,23152,A,N,F,A,A,B,H,-,C,D,0,,,,,Y,Y,A,07,1,0,0,0,0,0,0,0,0,"- ","- ",38.138320922851562,-122.21887969970703,SOLANO,VALLEJO,-122.21887969970703,38.138320922851562
92326331,2024,2024-02-29,9365,2024-02-19,"620 ",023623,,1,1,9,4800,0,1,3,,2,113,"SR-113 N/B","HUTCHISON DR",5438.00,S,N,B,-,Y,SOL,,113," ",R,21.811,H,,R,Y,2,0,1,1,A,-,08,22107,,N,E,I,A,A,H,-,B,D,0,,,,,Y,,A,01,1,0,0,0,0,0,0,0,0,"- ","- ",38.521629333496094,-121.76872253417969,SOLANO,UNINCORPORATED,-121.768798828125,38.521633148193359
92327918,2023,2024-03-01,9365,2023-03-31,2155,020217,,5,2,9,4800,0,3,5,,2,020,"GRIZZLY ISLAND RD","CROSS SLOUGH RD",2218.00,W,N,A,-,N,,,,,,,,,,Y,1,1,4,1,A,-,03,22350,,N,F,A,A,A,H,-,D,D,0,,,,,Y,,A,01,0,4,0,0,0,0,0,0,0,"- ","- ",38.190910339355469,-121.98416137695312,SOLANO,UNINCORPORATED,,
92331301,2024,2024-03-06,9365,2024-01-29,"120 ",023300,,1,3,9,4800,0,1,3,,2,122,SR-12,SR-113,0.00,,Y,A,-,Y,SOL,,12," "," ",19.172,H,,R,Y,2,0,1,2,A,-,01,23152,A,N,C,C,A,A,H,-,E,D,0,,,,Y,Y,Y,D,22,1,0,0,0,0,0,0,0,0,"- ","- ",38.183719635009766,-121.80610656738281,SOLANO,UNINCORPORATED,-121.80611419677734,38.183578491210938
92336343,2024,2024-03-12,9365,2024-01-09,"234 ",023390,,2,3,5,4803,0,1,1,,2,083,"I-80 W/B","RED TOP ROAD",3700.00,E,N,A,-,Y,SOL,,80," ",R,12.128,H,,L,Y,2,0,2,4,A,-,07,21658,A,F,B,C,A,A,H,-,C,D,0,,,,,Y,,A,01,1,0,1,0,0,0,0,0,0,"- ","- ",38.209831237792969,-122.14820861816406,SOLANO,FAIRFIELD,-122.14814758300781,38.209774017333984
92349428,2024,2024-03-28,9365,2024-03-26,1620,020859,,2,2,9,4800,0,1,3,,2,370,"SR-37 E/B","SKAGGS ISLAND ROAD",7920.00,E,N,A,-,Y,SOL,,37," "," ",3.545,H,,R,N,2,0,1,1,A,-,08,22107,,N,F,A,A,A,H,-,A,D,0,,,Y,,Y,,C,02,1,0,0,0,0,0,0,0,1,"- ","- ",38.136608123779297,-122.35034942626953,SOLANO,UNINCORPORATED,-122.35034942626953,38.136608123779297
92361420,2023,2024-04-10,9365,2023-07-14,"158 ",022306,,5,3,5,4803,0,1,1,,2,082,"I-80 EASTBOUND","RED TOP ROAD",3696.00,W,N,A,-,Y,SOL,,80," ",R,10.698,H,,R,N,1,1,0,1,A,-,01,23152,F,N,E,I,A,A,D,-,D,D,0,,,,,Y,,A,01,0,0,0,0,0,0,0,0,0,"- ","- ",38.194290161132812,-122.16542053222656,SOLANO,FAIRFIELD,-122.16547393798828,38.194316864013672
92365594,2024,2024-04-16,9365,2024-04-10,1345,023740,,3,1,4,4801,0,1,1,,2,077,"I-780 W/B","SONOMA BL",684.00,W,N,A,-,Y,SOL,,780," "," ",3.194,H,,L,Y,2,0,1,1,A,-,03,22350,,N,F,A,A,A,H,-,A,D,0,,,,,Y,,E,22,1,0,0,0,0,0,0,0,0,"- ","- ",38.065670013427734,-122.16853332519531,SOLANO,BENICIA,-122.16859436035156,38.065475463867188
92371831,2023,2024-04-22,9365,2023-06-14,1430,020991,,3,2,9,4800,0,3,5,,2,020,"CREED RD","GOOSE HAVEN RD",0.00,,Y,A,-,N,,,,,,,,,,Y,1,1,0,2,A,-,12,22450,A,N,D,C,A,A,H,-,A,A,0,,,,,Y,,A,01,0,0,0,0,0,0,0,0,0,"- ","- ",38.242259979248047,-121.84255218505859,SOLANO,UNINCORPORATED,-121.84261322021484,38.242240905761719
92377149,2023,2024-04-29,9365,2023-10-08,1652,022277,,7,2,9,4800,0,1,A,,2,030,"MERIDIAN ROAD","MIDWAY RD",386.00,S,N,A,-,N,,,,,,,,,,Y,1,1,0,1,A,-,01,23152,A,N,E,9,A,A,H,-,A,D,0,,,,,Y,Y,A,01,0,0,0,0,0,0,0,0,0,"- ","- ",38.415699005126953,-121.91568756103516,SOLANO,UNINCORPORATED,-121.91557312011719,38.415939331054688
92377234,2024,2024-04-29,9365,2024-04-17,2300,023623,,3,3,6,4807,0,1,1,,2,081,"I-80 W/B","TENNESSEE ST",2006.00,E,N,A,-,Y,SOL,,80," "," ",3.885,H,,L,Y,2,0,1,1,A,-,08,22107,,N,E,I,A,A,H,-,C,D,0,,,,,Y,,A,01,1,0,0,0,0,0,0,0,0,"- ","- ",38.115261077880859,-122.23026275634766,SOLANO,VALLEJO,-122.23011779785156,38.115264892578125
92377802,2024,2024-04-29,9365,2024-04-13,1059,023390,,6,1,5,4803,0,1,1,,2,083,"I-80 W/B","PITTMAN RD",4800.00,E,N,B,C,Y,SOL,,80," "," ",14.386,H,,L,Y,2,0,1,1,A,-,08,22107,,F,E,I,A,B,H,-,A,D,0,,,,,Y,,A,07,1,0,0,0,0,0,0,0,0,"- ","- ",38.230220794677734,-122.11531066894531,SOLANO,FAIRFIELD,-122.11525726318359,38.230140686035156
92379756,2023,2024-05-01,9365,2023-12-21,"45  ",023302,,4,3,6,4807,0,1,1,,2,080,"INTERSTATE 80 W/B","GEORGIA ST",373.00,E,N,B,-,Y,SOL,,80," "," ",2.958,H,,L,Y,1,1,0,2,A,-,01,23152,A,N,B,C,A,B,H,-,E,D,0,,,,,Y,Y,A,01,0,0,0,0,0,0,0,0,0,"- ","- ",38.101871490478516,-122.22982788085938,SOLANO,VALLEJO,-122.2298583984375,38.101871490478516
92392746,2023,2024-07-17,9365,2023-07-31,1917,023206,,1,2,4,4801,0,1,1,,2,077,"I-780 E/B","E 2ND ST",898.00,W,N,A,-,Y,SOL,,780," "," ",2.198,H,,R,Y,1,1,0,1,A,-,08,22107,,N,E,I,A,A,H,-,A,D,0,,,,,Y,,A,08,0,0,0,0,0,0,0,0,0,"- ","- ",38.060211181640625,-122.15190887451172,SOLANO,BENICIA,-122.15177917480469,38.060310363769531