CASE_ID,ACCIDENT_YEAR,PROC_DATE,JURIS,COLLISION_DATE,COLLISION_TIME,OFFICER_ID,REPORTING_DISTRICT,DAY_OF_WEEK,CHP_SHIFT,POPULATION,CNTY_CITY_LOC,SPECIAL_COND,BEAT_TYPE,CHP_BEAT_TYPE,CITY_DIVISION_LAPD,CHP_BEAT_CLASS,BEAT_NUMBER,PRIMARY_RD,SECONDARY_RD,DISTANCE,DIRECTION,INTERSECTION,WEATHER_1,WEATHER_2,STATE_HWY_IND,CALTRANS_COUNTY,CALTRANS_DISTRICT,STATE_ROUTE,ROUTE_SUFFIX,POSTMILE_PREFIX,POSTMILE,LOCATION_TYPE,RAMP_INTERSECTION,SIDE_OF_HWY,TOW_AWAY,COLLISION_SEVERITY,NUMBER_KILLED,NUMBER_INJURED,PARTY_COUNT,PRIMARY_COLL_FACTOR,PCF_CODE_OF_VIOL,PCF_VIOL_CATEGORY,PCF_VIOLATION,PCF_VIOL_SUBSECTION,HIT_AND_RUN,TYPE_OF_COLLISION,MVIW,PED_ACTION,ROAD_SURFACE,ROAD_COND_1,ROAD_COND_2,LIGHTING,CONTROL_DEVICE,CHP_ROAD_TYPE,PEDESTRIAN_ACCIDENT,BICYCLE_ACCIDENT,MOTORCYCLE_ACCIDENT,TRUCK_ACCIDENT,NOT_PRIVATE_PROPERTY,ALCOHOL_INVOLVED,STWD_VEHTYPE_AT_FAULT,CHP_VEHTYPE_AT_FAULT,COUNT_SEVERE_INJ,COUNT_VISIBLE_INJ,COUNT_COMPLAINT_PAIN,COUNT_PED_KILLED,COUNT_PED_INJURED,COUNT_BICYCLIST_KILLED,COUNT_BICYCLIST_INJURED,COUNT_MC_KILLED,COUNT_MC_INJURED,PRIMARY_RAMP,SECONDARY_RAMP,LATITUDE,LONGITUDE,COUNTY,CITY,POINT_X,POINT_Y
92405723,2024,2024-06-04,9365,2024-05-26,1205,023047,,7,1,9,4800,0,1,1,,2,082,"INTERSTATE 80 WESTBOUND","AMERICAN CANYON ROAD",1214.00,E,N,A,-,Y,SOL,,80," "," ",8.335,H,,L,N,2,0,1,3,A,-,03,22350,,N,C,C,A,A,H,-,A,A,0,,,Y,,Y,,C,02,1,0,0,0,0,0,0,0,1,"- ","- ",38.171791076660156,-122.19705963134766,SOLANO,UNINCORPORATED,-122.19701385498047,38.171745300292969
92409275,2023,2024-06-07,9365,2023-05-03,1935,021293,,3,2,9,4800,0,3,5,,2,010,"LAKE HERMAN RD","VALLEJO CITY LIMIT",168.00,E,N,B,-,N,,,,,,,,,,Y,1,1,0,1,A,-,01,23152,A,N,F,A,A,A,H,-,B,D,0,,,Y,,Y,Y,C,02,0,0,0,0,0,0,0,1,0,"- ","- ",38.114471435546875,-122.18715667724609,SOLANO,UNINCORPORATED,,
92412005,2024,2024-06-11,9365,2024-05-30,1139,023676,,4,1,9,4800,0,1,A,,2,030,"BRYNES ROAD","KILKENNY ROAD",4224.00,S,N,A,-,N,,,,,,,,,,N,2,0,1,1,A,-,08,22107,,N,E,I,A,A,H,-,A,A,0,,,,,Y,,-,"- ",1,0,0,0,0,0,0,0,0,"- ","- ",38.382869720458984,-121.90601348876953,SOLANO,UNINCORPORATED,-121.90592193603516,38.383689880371094
92419578,2024,2024-06-20,9365,2024-06-08,2140,023740,,6,2,9,4800,0,3,5,,2,040,"HALLEY RD","WOLFSKILL RD",1056.00,S,N,A,-,N,,,,,,,,,,N,2,0,1,1,A,-,08,22107,,N,F,A,A,A,H,-,D,D,0,,,Y,,Y,Y,C,02,1,0,0,0,0,0,0,0,1,"- ","- ",38.500339508056641,-121.92630004882812,SOLANO,UNINCORPORATED,-121.92644500732422,38.500625610351562
9242508,2021,2021-04-08,4806,2021-03-19,1820,770,4806,5,5,5,4806,0,0,0,,0,001,"DEODARA ST","CITRUS AV",50.00,W,N,A,-,,,,,,,,,,,Y,2,0,1,2,A,-,08,22107,,N,H,E,A,A,H,-,A,D,0,,,Y,,Y,,C,02,1,0,0,0,0,0,0,0,1,"- ","- ",38.362041473388672,-121.99378204345703,SOLANO,VACAVILLE,-121.99396514892578,38.362022399902344
92439543,2024,2024-07-15,9365,2024-07-07,1220,023786,,7,1,5,4806,0,1,A,,2,030,"SHELTON LN","LEMEN LN",528.00,S,N,A,-,N,,,,,,,,,,N,2,0,1,1,A,-,03,22350,,N,F,A,A,A,B,-,A,D,0,,,Y,,Y,,C,02,1,0,0,0,0,0,0,0,1,"- ","- ",38.410900115966797,-121.97695922851562,SOLANO,VACAVILLE,-121.97696685791016,38.410850524902344
92443864,2024,2024-07-19,9365,2024-06-21,1455,023328,,5,2,4,4801,0,1,1,,2,077,"I-780 E/B","SONOMA BL",1562.00,E,N,A,-,Y,SOL,,780," "," ",3.519,H,,R,Y,2,0,1,1,A,-,08,22107,,N,F,A,A,A,H,-,A,A,0,,,,,Y,,A,01,1,0,0,0,0,0,0,0,0,"- ","- ",38.066719055175781,-122.17440032958984,SOLANO,BENICIA,-122.17433929443359,38.066898345947266
9267524,2021,2021-05-21,4801,2021-03-22,1100,4345,4,1,5,4,4801,0,0,0,,0,004,"E 2ND ST","STONE RD",391.00,S,N,A,-,N,,,,,,,,,,N,2,0,1,1,B,-,22,,,N,H,A,A,A,H,-,A,D,0,,Y,,,Y,,L,04,1,0,0,0,0,0,1,0,0,"- ","- ",38.081218719482422,-122.12317657470703,SOLANO,BENICIA,-122.1231689453125,38.081241607666016
9267744,2020,2021-05-25,4805,2020-05-01,0437,5L107,4805,5,5,4,4805,0,0,0,,0,002,"PINTAIL DR","CRESTED DR",361.00,W,N,A,-,N,,,,,,,,,,Y,2,0,3,3,A,-,03,22348,B,N,A,E,A,A,H,-,C,A,0,,,,,Y,,A,01,1,2,0,0,0,0,0,0,0,"- ","- ",38.247348785400391,-122.0009765625,SOLANO,"SUISUN CITY",-122.00220489501953,38.247325897216797
9267747,2020,2021-05-24,4805,2020-06-27,0310,5L101,4806,6,5,4,4805,0,0,0,,0,003,"BITTERN WY","REBECCA DR",232.00,E,N,A,-,N,,,,,,,,,,Y,2,0,2,4,A,-,03,22350,,F,A,E,A,A,H,-,C,D,0,,,,,Y,Y,A,01,2,0,0,0,0,0,0,0,0,"- ","- ",38.2518310546875,-121.99732208251953,SOLANO,"SUISUN CITY",-121.99654388427734,38.252006530761719
9320367,2021,2023-06-20,4806,2021-11-05,0257,802,102,5,5,5,4806,0,0,0,,0,001,"ALAMO DR","BUTCHER RD",540.00,N,N,B,-,N,,,,,,,,,,Y,1,1,0,1,A,-,01,23152,A,N,E,I,A,A,H,-,C,A,0,,,Y,,Y,Y,C,02,0,0,0,0,0,0,0,1,0,"- ","- ",38.343559265136719,-121.99578857421875,SOLANO,VACAVILLE,-121.99691009521484,38.344749450683594
9321149,2022,2023-02-24,4801,2022-12-16,2319,2092,4,5,5,4,4801,0,0,0,,0,004,"LAKE HERMAN RD","RESERVOIR RD",2850.00,W,N,A,-,N,,,,,,,,,,Y,1,1,0,1,A,-,03,22350,,N,F,A,A,A,H,-,D,D,0,,,Y,,Y,,C,02,0,0,0,0,0,0,0,1,0,"- ","- ",38.083789825439453,-122.13873291015625,SOLANO,BENICIA,-122.14383697509766,38.094913482666016
9367260,2021,2021-12-15,4805,2021-09-23,1442,5L116,4805,4,5,4,4805,0,0,0,,0,001,"RT 12","MARINA BL",552.00,W,N,A,-,Y,SOL,4,12,-,R,5.030,H,-,E,Y,2,0,1,2,A,-,03,22350,,N,C,C,A,A,H,-,A,D,0,,,,,Y,,A,01,1,0,0,0,0,0,0,0,0,"- ","- ",38.244190216064453,-122.03130340576172,SOLANO,"SUISUN CITY",-122.03361511230469,38.244880676269531
9407512,2022,2022-03-17,4801,2022-02-23,1644,4293,1,3,5,4,4801,0,0,0,,0,001,"SONOMA BL","CHELSEA HILLS RD",66.00,N,N,A,-,N,,,,,,,,,,Y,2,0,2,3,A,-,01,23152,A,N,C,C,A,A,H,-,A,A,0,,,,,Y,Y,A,01,1,1,0,0,0,0,0,0,0,"- ","- ",38.066390991210938,-122.16422271728516,SOLANO,BENICIA,,
94352108,2024,2024-08-13,9365,2024-08-04,"500 ",023852,,7,3,9,4800,0,1,1,,2,505,"I-505 S/B","ALLENDALE RD",53.00,N,N,A,-,Y,SOL,,505," ",R,5.595,H,,L,Y,2,0,1,1,A,-,01,23152,A,N,E,I,A,A,H,-,D,A,0,,,,,Y,Y,A,01,1,0,0,0,0,0,0,0,0,"- ","- ",38.453601837158203,-121.94196319580078,SOLANO,UNINCORPORATED,-121.94202423095703,38.453598022460938
94384573,2024,2024-09-06,9365,2024-03-09,"225 ",023307,,6,3,9,4800,0,1,3,,2,370,"STATE ROUTE 37 E/B","WALNUT AVE",3134.50,W,N,A,-,Y,SOL,,37," ",R,6.640,H,,R,Y,1,1,0,2,A,-,01,23152,A,N,A,C,A,A,H,-,D,D,0,,,,,Y,Y,A,01,0,0,0,0,0,0,0,0,0,"- ","- ",38.117401123046875,-122.2994384765625,SOLANO,UNINCORPORATED,-122.2994384765625,38.117404937744141
94433918,2024,2024-10-16,9365,2024-03-21,1002,017938,,4,1,3,4802,0,1,1,,2,088,"INTERSTATE 80 E/B","DIXON AVENUE",2112.00,W,N,A,-,Y,SOL,,80," "," ",35.150,H,,R,Y,1,1,1,1,A,-,08,22107,,N,F,A,A,A,H,-,A,D,0,,,,,Y,,A,07,0,1,0,0,0,0,0,0,0,"- ","- ",38.441730499267578,-121.86374664306641,SOLANO,DIXON,-121.86378479003906,38.441761016845703
94454890,2024,2024-11-01,9365,2024-10-12,"300 ",023715,,6,3,5,4803,0,1,1,,2,084,"I-80 W/B","TRAVIS BOULEVARD",1900.00,E,N,A,-,Y,SOL,,80," "," ",18.765,H,,L,Y,2,0,5,5,A,-,03,22350,,N,C,C,A,A,H,-,C,D,0,,,,,Y,,A,07,2,3,0,0,0,0,0,0,0,"- ","- ",38.268440246582031,-122.05399322509766,SOLANO,FAIRFIELD,-122.05406951904297,38.268482208251953
94482600,2024,2024-11-25,9365,2024-11-15,1105,023307,,5,1,5,4803,0,1,1,,2,084,"I-80 W/B","TRAVIS BLVD",1815.00,W,N,A,-,Y,SOL,,80," "," ",17.574,H,,L,Y,2,0,1,1,A,-,03,22350,,N,E,I,A,A,H,-,A,D,0,,,,,Y,,A,01,1,0,0,0,0,0,0,0,0,"- ","- ",38.254058837890625,-122.06607055664062,SOLANO,FAIRFIELD,-122.06617736816406,38.254116058349609
94511855,2024,2024-12-20,9365,2024-11-30,"45  ",023300,,6,3,3,4802,0,1,1,,2,088,"I-80 W/B","DIXON AVE",100.00,E,N,A,-,Y,,,,,,,,,,N,2,0,2,1,A,-,01,23152,F,N,E,I,A,A,H,-,D,D,0,,,,,Y,,A,01,2,0,0,0,0,0,0,0,0,"- ","- ",38.446769714355469,-121.85826873779297,SOLANO,DIXON,-121.858642578125,38.446033477783203
94518172,2024,2024-12-27,9365,2024-12-22,"825 ",023408,,7,1,5,4803,0,1,1,,2,083,"I-80 W/B TO I-680 S/B","CORDELIA RD",2746.00,N,N,B,-,Y,,,,,,,,,,N,2,0,1,1,A,-,08,22107,,N,E,I,A,A,H,-,A,D,0,,,,,Y,,D,22,1,0,0,0,0,0,0,0,0,"- ","- ",38.217838287353516,-122.13758850097656,SOLANO,FAIRFIELD,-121.96314239501953,38.255691528320312
94556300,2025,2025-01-30,9365,2025-01-13,"510 ",023889,,1,3,5,4806,0,1,1,,2,087,"I-80 W/B","LEISURE TOWN ROAD",1901.00,W,N,A,-,Y,SOL,,80," "," ",29.499,H,,L,Y,2,0,2,2,A,-,01,23152,A,N,C,2,A,A,D,-,D,D,0,,,,Y,Y,Y,A,07,1,0,1,0,0,0,0,0,0,"- ","- ",38.384628295898438,-121.93860626220703,SOLANO,VACAVILLE,-121.93864440917969,38.384658813476562
94575652,2025,2025-02-12,9365,2025-02-03,"639 ",021853,,1,1,6,4807,0,1,1,,2,080,"I-80 E/B FROM MILLER AVE","MILLER AVE",50.00,W,N,B,-,Y,,,,,,,,,,N,2,0,1,2,A,-,11,21954,A,N,G,B,E,A,H,-,C,D,0,Y,,,,Y,,N,60,1,0,0,0,1,0,0,0,0,"- ","- ",38.101619720458984,-122.22885894775391,SOLANO,VALLEJO,-122.22991943359375,38.096279144287109
94593186,2024,2025-02-28,9365,2024-07-27,"127 ",023301,,6,3,9,4800,0,1,3,,2,370,"SR-37 E/B","SKAGGS ISLAND ROAD",3960.00,E,N,B,-,Y,SOL,,37," "," ",2.420,H,,R,Y,1,1,0,1,A,-,01,23152,A,N,E,8,A,A,H,-,D,D,0,,,,,Y,Y,A,01,0,0,0,0,0,0,0,0,0,"- ","- ",38.143821716308594,-122.36884307861328,SOLANO,UNINCORPORATED,-122.36881256103516,38.143867492675781
94595145,2025,2025-03-03,9365,2025-02-08,"252 ",023890,,6,3,5,4803,0,1,1,,2,681,"I-680 N/B TO I-80 E/B","I-80 E/B",160.00,S,N,A,-,Y,,,,,,,,,,Y,2,0,1,1,A,-,01,23152,A,N,E,I,A,A,H,-,C,D,0,,,,,Y,Y,A,01,1,0,0,0,0,0,0,0,0,"- ","- ",38.216129302978516,-122.13719940185547,SOLANO,FAIRFIELD,-121.42809295654297,38.490444183349609
94597612,2025,2025-03-05,9365,2025-02-14,2015,023740,,5,2,3,4802,0,1,1,,2,088,"I-80 E/B","PITT SCHOOL RD",921.00,E,N,A,-,Y,SOL,,80," "," ",37.085,H,,R,Y,2,0,6,2,A,-,07,21658,A,F,B,C,A,A,H,-,D,D,0,,,,,Y,,A,01,3,3,0,0,0,0,0,0,0,"- ","- ",38.461391448974609,-121.83854675292969,SOLANO,DIXON,-121.83853912353516,38.461383819580078
94607943,2025,2025-03-18,9365,2025-02-21,2010,023839,,5,2,9,4800,0,2,4,,1,206,"PEABODY RD","CHUCK HAMMOND DR",3241.00,N,N,A,-,N,,,,,,,,,,Y,2,0,3,2,A,-,01,23152,A,N,A,C,A,A,H,-,D,D,0,,,,,Y,Y,A,07,2,1,0,0,0,0,0,0,0,"- ","- ",38.313041687011719,-121.97052001953125,SOLANO,UNINCORPORATED,-121.97048950195312,38.312915802001953
94654954,2025,2025-04-18,9365,2025-04-07,"145 ",024309,,1,3,5,4803,0,2,4,,2,201,"ROCKVILLE RD","OAKWOOD CIR",2640.00,W,N,A,-,N,,,,,,,,,,N,2,0,1,1,A,-,08,22107,,N,E,9,A,A,H,-,D,D,0,,,,,Y,Y,A,07,1,0,0,0,0,0,0,0,0,"- ","- ",38.253738403320312,-122.13880157470703,SOLANO,FAIRFIELD,-122.13375854492188,38.251598358154297
94673125,2025,2025-05-02,9365,2025-04-23,"121 ",024268,,3,3,6,4807,0,1,1,,2,080,"I-80 E/B","SONOMA BLVD",3185.00,W,N,A,-,Y,SOL,,80," "," ",0.558,H,,R,Y,2,0,1,1,A,-,01,23152,A,M,E,I,A,A,H,-,C,D,0,,,,,Y,Y,A,01,1,0,0,0,0,0,0,0,0,"- ","- ",38.068580627441406,-122.22669982910156,SOLANO,VALLEJO,-122.22641754150391,38.068672180175781
94722156,2024,2025-06-11,9365,2024-07-13,1700,023328,,6,2,6,4807,0,1,1,,2,078,"I-780 W/B","LEMON STREET",75.94,E,N,A,-,Y,SOL,,780," "," ",7.415,H,,L,Y,1,1,7,6,A,-,03,22350,,M,C,2,A,A,H,-,A,A,0,,,,,Y,,A,01,4,1,2,0,0,0,0,0,0,"- ","- ",38.092689514160156,-122.23439025878906,SOLANO,VALLEJO,-122.23445892333984,38.092552185058594
94722247,2024,2025-06-11,9365,2024-09-30,"325 ",023676,,1,3,9,4800,0,1,1,,2,681,"INTERSTATE 680 S/B","MARSHVIEW ROAD",351.00,S,N,A,-,Y,SOL,,680," ",R,6.935,H,,L,Y,1,1,0,1,A,-,08,22107,,N,E,I,A,A,H,-,D,D,0,,,,,Y,,A,01,0,0,0,0,0,0,0,0,0,"- ","- ",38.143081665039062,-122.10959625244141,SOLANO,UNINCORPORATED,-122.10961151123047,38.143077850341797
94732425,2024,2025-06-19,9365,2024-11-14,"440 ",023740,,4,3,5,4803,0,1,1,,2,084,"INTERSTATE 80 E/B","AIR BASE PARKWAY",995.00,W,N,A,-,Y,SOL,,80," "," ",18.977,H,,R,Y,1,1,0,2,A,-,11,21954,A,N,G,B,E,A,H,-,D,D,0,Y,,,,Y,,N,60,0,0,0,1,0,0,0,0,0,"- ","- ",38.270961761474609,-122.05155944824219,SOLANO,FAIRFIELD,-122.05157470703125,38.270969390869141
94740768,2025,2025-06-26,9365,2025-06-22,1800,016970,,7,2,5,4806,0,2,4,,2,302,"GIBSON CANYON ROAD","SHELLY LANE",830.00,N,N,A,-,N,,,,,,,,,,Y,2,0,1,1,A,-,01,23152,A,N,E,I,A,A,H,-,A,D,0,,,,,Y,Y,A,01,1,0,0,0,0,0,0,0,0,"- ","- ",38.407318115234375,-121.99497222900391,SOLANO,VACAVILLE,-121.99476623535156,38.407539367675781
94741284,2024,2025-06-26,9365,2024-12-07,2125,023786,,6,2,9,4800,0,2,4,,2,302,"GIBSON CANYON ROAD","FARRELL ROAD",358.00,S,N,A,-,N,,,,,,,,,,N,1,1,0,2,A,-,00,21221,,N,A,C,A,A,H,-,D,D,0,,,,,Y,Y,M,94,0,0,0,0,0,0,0,0,0,"- ","- ",38.378299713134766,-121.99752044677734,SOLANO,UNINCORPORATED,-121.99766540527344,38.378608703613281
94742603,2024,2025-06-27,9365,2024-12-10,"510 ",018192,,2,3,9,4800,0,1,1,,2,081,"INTERSTATE 80 E/B","AMERICAN CANYON ROAD",3482.00,W,N,A,-,Y,NAP,,80," "," ",7.566,H,,R,Y,1,1,1,2,C,-,18,,,N,D,C,A,A,H,-,D,D,0,,,,,Y,Y,-,"- ",0,0,1,0,0,0,0,0,0,"- ","- ",38.164360046386719,-122.20744323730469,SOLANO,UNINCORPORATED,-122.20738220214844,38.164314270019531
94746320,2024,2025-07-02,9365,2024-12-08,2305,016970,,7,3,9,4800,0,3,5,,2,040,"PEDRICK ROAD","VAUGHN ROAD",1320.00,S,N,A,-,N,,,,,,,,,,Y,1,1,0,1,A,-,01,23152,A,N,E,J,A,A,H,-,D,D,0,,,,,Y,Y,D,22,0,0,0,0,0,0,0,0,0,"- ","- ",38.464511871337891,-121.80399322509766,SOLANO,UNINCORPORATED,-121.80393981933594,38.463565826416016
94746520,2024,2025-07-07,9365,2024-10-27,"319 ",023715,,7,3,9,4800,0,1,3,,2,121,"SR-12 E/B (JAMESON CANYON ROAD)","RED TOP ROAD",2640.00,E,N,A,-,Y,,,,,,,,,,Y,1,1,0,1,A,-,01,23152,A,N,E,I,A,A,H,-,C,D,0,,,,,Y,Y,A,01,0,0,0,0,0,0,0,0,0,"- ","- ",38.208278656005859,-122.14852142333984,SOLANO,UNINCORPORATED,-122.14768981933594,38.208736419677734
94752238,2025,2025-07-07,9365,2025-01-02,1745,023852,,4,2,9,4800,0,3,5,,2,020,"ABERNATHY ROAD","PIAZZA LANE",710.00,N,N,A,-,N,,,,,,,,,,N,1,1,0,2,A,-,00,21260,A,N,C,C,A,A,H,-,D,D,0,,,,,Y,,M,96,0,0,0,0,0,0,0,0,0,"- ","- ",38.2564697265625,-122.09230041503906,SOLANO,UNINCORPORATED,-122.09232330322266,38.256488800048828
94765478,2025,2025-07-16,9365,2025-05-23,"325 ",023839,,5,3,6,4807,0,1,3,,2,370,"STATE ROUTE 37 EASTBOUND","SACRAMENTO STREET",1092.00,E,N,A,-,Y,SOL,,37," "," ",8.677,H,,R,Y,1,1,0,2,A,-,11,21954,A,N,G,B,E,A,H,-,D,D,0,Y,,,Y,Y,,N,60,0,0,0,1,0,0,0,0,0,"- ","- ",38.128429412841797,-122.26637268066406,SOLANO,VALLEJO,-122.26634216308594,38.128414154052734
94767893,2025,2025-07-18,9365,2025-06-28,2232,023715,,6,3,6,4807,0,1,1,,2,080,"I-80 W/B","POMONA STREET",30.00,N,N,A,-,Y,,,,,,,,,,N,2,0,2,3,A,-,01,23152,A,N,C,C,E,A,H,-,C,D,0,Y,,,,Y,Y,A,07,1,1,0,0,1,0,0,0,0,"- ","- ",38.055168151855469,-122.2303466796875,SOLANO,VALLEJO,-122.22781372070312,38.052864074707031
9486177,2022,2022-09-15,4806,2022-07-26,2109,686,605,2,5,5,4806,0,0,0,,0,006,"LEISURE TOWN RD","CONTRYWOOD LN",88.00,N,N,A,-,N,,,,,,,,,,N,2,0,2,2,A,-,03,22350,,N,B,C,A,A,H,-,A,A,0,,,Y,,Y,,C,02,2,0,0,0,0,0,0,0,2,"- ","- ",38.335369110107422,-121.93390655517578,SOLANO,VACAVILLE,-121.93398284912109,38.335601806640625
9487340,2022,2022-09-19,4806,2022-03-24,2038,756,502,4,5,5,4806,0,0,0,,0,005,"ELMIRA RD","NUT TREE RD",472.00,,N,A,-,,,,,,,,,,,Y,2,0,3,2,A,-,03,22350,,N,D,C,A,A,H,-,C,D,0,,,,,Y,,A,01,2,1,0,0,0,0,0,0,0,"- ","- ",38.351741790771484,-121.95317840576172,SOLANO,VACAVILLE,-121.95323181152344,38.351680755615234
9490700,2022,2022-09-06,4802,2022-08-12,2010,1321,SOLAN,5,5,3,4802,0,0,0,,0,002,"N ALMOND ST","SIERRA DR",46.00,S,N,A,-,N,,,,,,,,,,,2,0,1,2,-,-,"- ",,,N,H,G,A,A,H,-,A,D,0,,Y,,,Y,Y,L,04,1,0,0,0,0,0,1,0,0,"- ","- ",38.451519012451172,-121.83180236816406,SOLANO,DIXON,-121.83174133300781,38.451393127441406
9540957,2022,2023-01-18,4806,2022-10-13,1358,770,404,4,5,5,4806,0,0,0,,0,004,"EL MIRA RD","SHASTA DR",195.00,W,N,A,-,N,,,,,,,,,,Y,2,0,1,2,A,-,01,23152,A,F,B,C,A,A,H,-,A,A,0,,,Y,,Y,Y,C,02,1,0,0,0,0,0,0,0,1,"- ","- ",38.353069305419922,-121.9700927734375,SOLANO,VACAVILLE,-121.97074127197266,38.353172302246094
9559742,2023,2023-03-30,4801,2023-02-14,1708,4538,2,2,5,4,4801,0,0,0,,0,002,"E 5TH ST","MILITARY EAST",9.00,S,N,A,-,N,,,,,,,,,,N,2,0,2,3,A,-,10,21950,A,N,H,B,B,A,H,-,A,A,0,Y,,,,Y,,A,01,1,0,1,0,2,0,0,0,0,"- ","- ",38.050910949707031,-122.14687347412109,SOLANO,BENICIA,-122.14686584472656,38.050857543945312
9565497,2023,2023-05-26,4806,2023-04-23,2105,686,603,7,5,5,4806,0,0,0,,0,006,"ALAMO DR","DEMAREST DR",225.00,W,N,A,-,N,,,,,,,,,,N,2,0,1,1,A,-,01,23152,A,N,E,I,A,A,H,-,C,A,0,,,,,Y,Y,A,01,1,0,0,0,0,0,0,0,0,"- ","- ",38.335369110107422,-121.95024871826172,SOLANO,VACAVILLE,-121.95106506347656,38.3353271484375
9575783,2023,2023-06-19,4801,2023-05-12,1926,4427,1,5,5,4,4801,0,0,0,,0,001,"W I ST","WEST 8TH ST",619.00,E,N,A,-,N,,,,,,,,,,N,2,0,1,1,A,-,03,22350,,N,H,A,A,A,H,-,A,D,0,,Y,,,Y,,L,04,1,0,0,0,0,0,1,0,0,"- ","- ",,,SOLANO,BENICIA,-122.16989135742188,38.05706787109375
9593639,2023,2023-07-12,4802,2023-04-28,"212 ",1321,SOLAN,5,5,3,4802,0,0,0,,0,001,"WEST A ST","GATEWAY DR",112.00,W,N,A,-,N,,,,,,,,,,N,2,0,1,1,A,-,07,21658,A,N,E,J,A,A,H,-,C,D,0,,,Y,,Y,,C,02,1,0,0,0,0,0,0,0,1,"- ","- ",38.445869445800781,-121.85492706298828,SOLANO,DIXON,-121.85491180419922,38.445850372314453
9595041,2023,2023-07-14,4806,2023-06-27,"601 ",854,,2,5,5,4806,0,0,0,,0,009,"YOSEMITE CIR","PLUMAS CT",0.00,,Y,A,-,N,,,,,,,,,,,2,0,1,2,A,-,03,22350,,F,G,B,B,A,H,-,B,D,0,Y,,,,Y,,-,,1,0,0,0,1,0,0,0,0,"- ","- ",38.374969482421875,-121.94174194335938,SOLANO,VACAVILLE,-121.94179534912109,38.374927520751953
9596582,2023,2023-08-16,4802,2023-07-01,1839,1321,,6,5,3,4802,0,0,0,,0,002,"REGENCY PKWY","NORTH LINCOLN ST",325.00,S,N,A,-,N,,,,,,,,,,N,2,0,1,2,A,-,03,22350,,N,C,G,A,A,H,-,A,D,0,,Y,,,Y,,L,04,1,0,0,0,0,0,1,0,0,"- ","- ",38.467388153076172,-121.82547760009766,SOLANO,DIXON,-121.83085632324219,38.466571807861328
9601591,2023,2023-09-06,4802,2023-07-18,1552,1329,4802,2,5,3,4802,0,0,0,,0,003,"RT 113","N 1ST ST",708.00,E,N,A,-,Y,SOL,4,113,-,-,21.240,H,-,N,Y,2,0,2,2,D,-,00,,,N,A,C,A,A,H,-,A,D,0,,,,,Y,,-,"- ",2,0,0,0,0,0,0,0,0,"- ","- ",38.471851348876953,-121.82241821289062,SOLANO,DIXON,-121.82382202148438,38.473007202148438
9611765,2023,2023-08-28,4806,2023-07-22,2030,837,,6,5,5,4806,0,0,0,,0,,"SAN VICENTE CT","ALAMO CREEK BIKE TRAIL",-1.00,S,N,A,-,N,,,,,,,,,,N,2,0,1,1,A,-,03,22350,,N,F,A,A,A,H,-,C,D,0,,Y,,,Y,,L,04,1,0,0,0,0,0,1,0,0,"- ","- ",38.343490600585938,-121.95575714111328,SOLANO,VACAVILLE,,
9620442,2023,2023-10-12,4806,2023-09-20,"813 ",341,105,3,5,5,4806,0,0,0,,0,001,"ELDER ST","ORCHARD AV",241.00,W,N,A,-,N,,,,,,,,,,N,2,0,1,2,A,-,09,21804,A,N,D,G,A,A,H,-,A,A,0,,Y,,,Y,,L,04,1,0,0,0,0,0,1,0,0,"- ","- ",38.362548828125,-122.0047607421875,SOLANO,VACAVILLE,-122.00559997558594,38.362533569335938
9632290,2023,2023-11-07,4801,2023-09-24,"215 ",2092,4,7,5,4,4801,0,0,0,,0,004,"LAKE HERMAN RD","RESERVOIR RD",2842.00,W,N,A,-,N,,,,,,,,,,Y,2,0,2,2,A,-,01,23152,B,N,B,C,A,A,H,-,D,D,0,,,,,Y,Y,A,01,2,0,0,0,0,0,0,0,0,"- ","- ",38.09368896484375,-122.13477325439453,SOLANO,BENICIA,-122.14380645751953,38.09490966796875
9659882,2024,2024-05-07,4806,2024-02-08,2100,861,,4,5,5,4806,0,0,0,,0,001,"ALAMO DR","GRANDVIEW DR",53.00,S,N,A,-,N,,,,,,,,,,N,2,0,1,3,A,-,01,23152,A,N,C,E,A,A,H,-,C,D,0,,,,,Y,Y,A,01,1,0,0,0,0,0,0,0,0,"- ","- ",38.350170135498047,-122.00395965576172,SOLANO,VACAVILLE,-122.00373077392578,38.350082397460938
9666755,2024,2024-03-15,4801,2024-01-23,"33  ",4207,3,2,5,4,4801,0,0,0,,0,003,"SONOMA BL","HASTINGS DR",100.00,S,N,A,-,N,,,,,,,,,,Y,2,0,1,1,A,-,01,23152,A,N,A,I,A,A,H,-,C,D,0,,,,,Y,Y,A,01,1,0,0,0,0,0,0,0,0,"- ","- ",38.070629119873047,-122.17812347412109,SOLANO,BENICIA,,