CASE_ID,ACCIDENT_YEAR,PROC_DATE,JURIS,COLLISION_DATE,COLLISION_TIME,OFFICER_ID,REPORTING_DISTRICT,DAY_OF_WEEK,CHP_SHIFT,POPULATION,CNTY_CITY_LOC,SPECIAL_COND,BEAT_TYPE,CHP_BEAT_TYPE,CITY_DIVISION_LAPD,CHP_BEAT_CLASS,BEAT_NUMBER,PRIMARY_RD,SECONDARY_RD,DISTANCE,DIRECTION,INTERSECTION,WEATHER_1,WEATHER_2,STATE_HWY_IND,CALTRANS_COUNTY,CALTRANS_DISTRICT,STATE_ROUTE,ROUTE_SUFFIX,POSTMILE_PREFIX,POSTMILE,LOCATION_TYPE,RAMP_INTERSECTION,SIDE_OF_HWY,TOW_AWAY,COLLISION_SEVERITY,NUMBER_KILLED,NUMBER_INJURED,PARTY_COUNT,PRIMARY_COLL_FACTOR,PCF_CODE_OF_VIOL,PCF_VIOL_CATEGORY,PCF_VIOLATION,PCF_VIOL_SUBSECTION,HIT_AND_RUN,TYPE_OF_COLLISION,MVIW,PED_ACTION,ROAD_SURFACE,ROAD_COND_1,ROAD_COND_2,LIGHTING,CONTROL_DEVICE,CHP_ROAD_TYPE,PEDESTRIAN_ACCIDENT,BICYCLE_ACCIDENT,MOTORCYCLE_ACCIDENT,TRUCK_ACCIDENT,NOT_PRIVATE_PROPERTY,ALCOHOL_INVOLVED,STWD_VEHTYPE_AT_FAULT,CHP_VEHTYPE_AT_FAULT,COUNT_SEVERE_INJ,COUNT_VISIBLE_INJ,COUNT_COMPLAINT_PAIN,COUNT_PED_KILLED,COUNT_PED_INJURED,COUNT_BICYCLIST_KILLED,COUNT_BICYCLIST_INJURED,COUNT_MC_KILLED,COUNT_MC_INJURED,PRIMARY_RAMP,SECONDARY_RAMP,LATITUDE,LONGITUDE,COUNTY,CITY,POINT_X,POINT_Y
9773216,2024,2025-01-07,4806,2024-11-06,2221,686,902,3,5,5,4806,0,0,0,,0,009,"NUT TREE PKWY","ALLISON DR",600.00,E,N,A,-,N,,,,,,,,,,Y,2,0,1,1,A,-,03,22350,,N,E,I,A,A,H,-,C,A,0,,,Y,,Y,,C,02,1,0,0,0,0,0,0,0,1,"- ","- ",38.360038757324219,-121.96803283691406,SOLANO,VACAVILLE,-121.9661865234375,38.361007690429688
9776817,2025,2025-02-11,4806,2025-01-05,1114,827,902,7,5,5,4806,0,0,0,,0,009,"ALLISON DR","ELMIRA RD",742.00,N,N,A,-,N,,,,,,,,,,Y,2,0,1,2,A,-,09,21804,B,N,A,C,A,A,H,-,A,A,0,,,Y,,Y,,C,02,1,0,0,0,0,0,0,0,1,"- ","- ",38.352001190185547,-121.96399688720703,SOLANO,VACAVILLE,-121.96445465087891,38.354290008544922
9782496,2024,2025-02-10,4801,2024-12-17,1553,4293,3,2,5,4,4801,0,0,0,,0,003,"ROSE DR","OXFORD RD",0.00,,Y,A,-,N,,,,,,,,,,N,2,0,1,2,A,-,10,21950,A,N,G,B,D,A,H,-,A,D,0,Y,,,,Y,,A,07,1,0,0,0,1,0,0,0,0,"- ","- ",38.089988708496094,-122.18228149414062,SOLANO,BENICIA,-122.18224334716797,38.090007781982422
9786073,2024,2025-03-24,4806,2024-10-23,1411,856,,3,5,5,4806,0,0,0,,0,001,"CERNON ST","EAST MONTE VISTA AV",273.00,S,N,A,-,N,,,,,,,,,,N,1,1,0,2,A,-,11,21954,A,N,G,B,D,A,H,-,A,D,0,Y,,,,Y,,N,60,0,0,0,1,0,0,0,0,0,"- ","- ",,,SOLANO,VACAVILLE,-121.990966796875,38.358310699462891
9786341,2024,2025-07-08,4804,2024-08-20,"233 ",14996RV,4804,2,5,2,4804,0,0,0,,0,,"RIVER RD","AIRPORT RD",0.00,S,N,A,-,N,,,,,,,,,,Y,1,1,0,1,A,-,08,22107,,N,-,I,A,A,H,-,D,D,0,,,Y,,Y,,C,02,0,0,0,0,0,0,0,1,0,"- ","- ",38.168869018554688,-121.68022155761719,SOLANO,"RIO VISTA",-121.68019866943359,38.168838500976562
9786356,2024,2025-07-16,4807,2024-07-06,"55  ",736,,6,5,6,4807,0,0,0,,0,,"SONOMA BL","TENNESSEE ST",0.00,,Y,A,-,Y,SOL,4,29,-,-,2.820,I,5,S,Y,1,1,5,3,A,-,12,21453,A,N,D,C,A,A,H,-,C,A,0,,,,,Y,,A,01,2,0,3,0,0,0,0,0,0,"- ","- ",,,SOLANO,VALLEJO,-122.2547607421875,38.109996795654297
9788977,2025,2025-05-13,4806,2025-04-26,1344,836,,6,5,5,4806,0,0,0,,0,004,"ALAMO DR","NEEDHAM DR",125.00,E,N,B,-,N,,,,,,,,,,Y,2,0,3,3,A,-,09,21804,A,N,D,C,A,A,H,-,A,A,0,,,Y,,Y,,A,01,2,1,0,0,0,0,0,0,2,"- ","- ",38.335380554199219,-121.95535278320312,SOLANO,VACAVILLE,-121.95493316650391,38.335330963134766
5912223,2014,2014-04-16,4803,2014-02-25,1850,1235,,2,5,5,4803,0,0,0,,0,00E,"AIR BASE PKWY","WILEY LN",0.00,E,-,A,-,N,,,,,,,,,,Y,1,1,1,3,A,-,03,22350,,N,D,C,A,A,H,-,D,D,0,,,,,Y,,A,01,0,1,0,0,0,0,0,0,0,"- ","- ",,,SOLANO,FAIRFIELD,-121.97868997,38.272409920000001
6290011,2014,2015-12-21,4803,2014-01-20,1451,612,NSOLA,1,5,5,4803,0,0,0,,0,SOUTH,"CORDELIA RD","HALE RANCH RD",150.00,E,N,A,-,N,,,,,,,,,,Y,1,1,2,1,A,-,03,22350,,N,E,J,A,A,D,-,A,A,0,,,,,Y,,A,01,1,1,0,0,0,0,0,0,0,"- ","- ",,,SOLANO,FAIRFIELD,-122.09447797,38.227793740000003
6290143,2014,2014-03-13,9365,2014-01-02,1130,17394,,4,1,9,4800,0,1,A,,2,030,"FRY RD","CLARK RD",867.00,W,N,A,-,N,,,,,,,,,,Y,1,1,1,1,A,-,03,22350,,N,E,I,A,A,H,-,A,D,0,,,,,Y,,A,07,1,0,0,0,0,0,0,0,0,"- ","- ",38.33728,-121.86469,SOLANO,UNINCORPORATED,-121.86308338000001,38.337013480000003
6290225,2014,2014-04-02,9365,2014-01-31,0633,15810,,5,1,9,4800,0,1,1,,2,088,"RT 80","DIXON AV",6658.00,W,N,A,-,Y,SOL,4,80,-,-,34.290,H,-,W,Y,1,1,0,2,A,-,21,22106,,F,B,C,A,A,H,-,B,D,1,,,,,Y,,A,01,0,0,0,0,0,0,0,0,0,"- ","- ",38.431789999999999,-121.87735000000001,SOLANO,UNINCORPORATED,-121.87527935999999,38.43322182
6290388,2014,2014-05-15,9365,2014-01-31,1625,17735,,5,2,5,4803,0,1,1,,2,083,"RT 80","RT 12",315.00,W,N,A,-,Y,SOL,4,80,-,-,15.760,H,-,E,Y,1,1,0,2,A,-,03,22350,,N,C,C,A,A,H,-,A,D,1,,,Y,,Y,,C,02,0,0,0,0,0,0,0,1,0,"- ","- ",38.238889999999998,-122.09305999999999,SOLANO,FAIRFIELD,-122.09261370999999,38.23966171
6290591,2014,2014-06-02,9365,2014-02-23,0248,18542,,7,3,9,4800,0,1,1,,2,088,"RT 80","MIDWAY RD",7537.00,E,N,A,-,Y,SOL,4,80,-,-,31.200,H,-,E,Y,1,1,1,1,A,-,08,22107,,N,E,J,A,A,H,-,D,D,1,,,,,Y,,A,01,0,1,0,0,0,0,0,0,0,"- ","- ",38.431019999999997,-121.87766999999999,SOLANO,UNINCORPORATED,-121.91608795,38.401880579999997
6290593,2014,2014-06-02,9365,2014-03-23,1540,17559,,7,2,5,4806,0,1,1,,2,086,"RT 80","PENA ADOBE RD",1994.00,W,N,A,-,Y,SOL,4,80,-,-,23.590,H,-,W,Y,1,1,0,1,A,-,01,23152,E,N,E,I,A,A,H,-,A,D,1,,,,,Y,,A,01,0,0,0,0,0,0,0,0,0,"- ","- ",38.330880000000001,-122.02061,SOLANO,VACAVILLE,-122.02007386,38.331616760000003
6290739,2014,2015-12-23,9365,2014-03-21,0915,17233,,5,1,9,4800,0,1,1,,2,082,"RT 80","LYNCH RD",1768.00,W,N,A,-,Y,SOL,4,80,-,-,9.310,H,-,E,Y,1,1,0,1,A,-,08,22107,,N,F,A,A,A,H,-,A,D,1,,,,,Y,Y,A,01,0,0,0,0,0,0,0,0,0,"- ","- ",38.181269999999998,-122.18512,SOLANO,UNINCORPORATED,-122.18434661000001,38.181776370000001
6291062,2014,2014-08-15,9365,2014-03-09,1340,17394,,7,1,5,4806,0,1,1,,2,086,"RT 80","CHERRY GLEN RD",1584.00,E,N,B,-,Y,SOL,4,80,-,-,23.440,H,-,W,Y,1,1,0,1,C,-,18,,,N,H,A,A,A,H,-,A,D,1,,,,,Y,,-,"- ",0,0,0,0,0,0,0,0,0,"- ","- ",38.329819999999998,-122.02128,SOLANO,VACAVILLE,-122.02142769,38.329521450000001
6291129,2014,2015-12-30,4806,2014-06-18,2238,457,,3,5,5,4806,0,0,0,,0,,"ULATIS DR","ARCADIA DR",69.00,E,N,A,-,N,,,,,,,,,,Y,1,1,0,1,A,-,01,23152,E,N,E,I,A,A,H,-,C,D,0,,,Y,,Y,,C,02,0,0,0,0,0,0,0,1,0,"- ","- ",,,SOLANO,VACAVILLE,-121.95493448000001,38.35730135
6291251,2014,2014-10-17,4803,2014-07-15,1830,1235,,2,5,5,4803,0,0,0,,0,0CE,"CEMENT HILL RD","ELMHURST CIR",0.00,,Y,A,-,N,,,,,,,,,,Y,1,1,0,1,A,-,03,22350,,N,E,I,A,A,H,-,A,D,0,,,Y,,Y,,C,02,0,0,0,0,0,0,0,1,0,"- ","- ",,,SOLANO,FAIRFIELD,-122.03182995,38.276379929999997
6291411,2014,2014-10-31,9365,2014-08-07,1638,16505,,4,2,5,4803,0,1,1,,2,681,"RT 80","GREEN VALLEY RD",188.00,E,N,A,-,Y,SOL,4,80,-,-,12.561,R,2,E,Y,1,1,0,1,A,-,03,22350,,N,E,J,A,A,D,-,A,D,1,,,,Y,Y,,G,25,0,0,0,0,0,0,0,0,0,TO,"- ",38.215380000000003,-122.13844,SOLANO,FAIRFIELD,-122.14152935,38.214005610000001
6291638,2014,2016-01-06,9365,2014-08-26,1546,18954,,2,2,4,4801,0,1,1,,2,680,"RT 680","LAKE HERMAN RD",434.00,S,N,A,-,Y,SOL,4,680,-,R,2.662,R,2,N,Y,1,3,0,1,A,-,08,22107,,N,E,I,A,A,H,-,A,D,1,,,,,Y,,A,01,0,0,0,0,0,0,0,0,0,TO,"- ",38.084440000000001,-122.11234,SOLANO,BENICIA,-122.11343001,38.083933899999998
6291676,2014,2016-01-04,9365,2014-04-19,2310,19051,,6,3,9,4800,0,1,1,,2,082,"RT 80","AMERICAN CANYON RD",2534.00,E,N,A,-,Y,SOL,4,80,-,-,8.580,H,-,E,Y,1,1,1,1,A,-,01,23152,,N,E,I,A,A,H,-,D,D,1,,,,,Y,,A,07,0,1,0,0,0,0,0,0,0,"- ","- ",38.175049999999999,-122.19219,SOLANO,UNINCORPORATED,-122.19346494,38.173948410000001
6291813,2014,2015-12-17,4803,2014-11-20,0521,612,"N SOL",4,5,5,4803,0,0,0,,0,,"FULTON DR","EDISON CT",768.00,W,N,B,-,N,,,,,,,,,,Y,1,1,0,2,A,-,05,21650,,N,A,E,A,B,-,-,C,D,0,,,,Y,Y,,D,22,0,0,0,0,0,0,0,0,0,"- ","- ",,,SOLANO,FAIRFIELD,-122.14440356,38.207120019999998
6291870,2014,2016-01-13,4806,2014-09-20,0055,457,,6,5,5,4806,0,0,0,,0,,"NUT TREE RD","YELLOWSTONE DR",49.00,S,N,A,-,N,,,,,,,,,,Y,1,2,1,1,A,-,03,22350,,N,E,I,A,A,H,-,C,D,0,,,,,Y,Y,A,01,0,1,0,0,0,0,0,0,0,"- ","- ",,,SOLANO,VACAVILLE,-121.94993482,38.362075939999997
6291894,2014,2015-02-04,9365,2014-10-12,2208,19687,,7,3,5,4806,0,1,1,,2,086,"RT 80","ALAMO DR",211.00,W,N,A,-,Y,SOL,4,80,-,-,24.660,H,-,W,Y,1,1,0,5,A,-,01,21200,5,N,H,G,A,A,H,-,D,D,1,,Y,,,Y,,L,04,0,0,0,0,0,1,0,0,0,"- ","- ",38.343119999999999,-122.00620000000001,SOLANO,VACAVILLE,-122.00723222000001,38.342872020000001
6291971,2014,2016-01-04,4803,2014-02-23,1713,1216,,7,5,5,4803,0,0,0,,0,COR,"LOPES RD","CANYON HILLS DR",0.00,,Y,A,-,N,,,,,,,,,,Y,1,1,1,3,A,-,09,21802,A,F,D,C,A,A,H,-,A,D,0,,,,,Y,,A,01,1,0,0,0,0,0,0,0,0,"- ","- ",,,SOLANO,FAIRFIELD,-122.12889,38.17272998
6292097,2014,2015-04-16,9365,2014-12-21,0829,017233,,7,1,5,4803,0,1,1,,2,083,"RT 80","GREEN VALLEY RD",90.00,W,N,B,-,Y,SOL,4,80,-,-,12.720,H,-,W,Y,1,1,1,1,A,-,03,22350,,N,E,I,A,B,D,-,A,D,1,,,,,Y,,A,01,0,0,1,0,0,0,0,0,0,"- ","- ",38.125599999999999,-122.0821,SOLANO,FAIRFIELD,-122.13970989000001,38.215582040000001
6292182,2015,2015-05-21,4803,2015-03-10,2215,1235,,2,5,5,4803,0,0,0,,0,00S,"PENNSYLVANIA AV","UTAH ST",0.00,,Y,A,-,N,,,,,,,,,,N,1,1,0,2,A,-,11,21950,B,N,G,B,B,A,H,-,C,A,0,Y,,,,Y,,N,60,0,0,0,1,0,0,0,0,0,"- ","- ",,,SOLANO,FAIRFIELD,-122.0499899,38.254519950000002
6292192,2015,2017-04-25,9365,2015-03-29,0650,17805,,7,1,9,4800,0,1,1,,2,082,"RT 80","LYNCH CANYON",3696.00,E,N,A,-,Y,SOL,4,80,-,R,10.370,H,-,E,Y,1,1,0,1,A,-,03,22350,,N,E,I,A,A,H,-,B,D,1,,,,,Y,Y,A,01,0,0,0,0,0,0,0,0,0,"- ","- ",38.191940000000002,-122.16719000000001,SOLANO,UNINCORPORATED,-122.16921329,38.19011055
6292264,2015,2015-06-11,4806,2015-02-20,1356,533,417,5,5,5,4806,0,0,0,,0,004,"NUT TREE RD","YELLOWSTONE DR",668.00,S,N,A,-,N,,,,,,,,,,Y,1,1,0,1,A,-,03,22350,,N,E,I,A,A,H,-,A,D,0,,,Y,,Y,,C,02,0,0,0,0,0,0,0,1,0,"- ","- ",,,SOLANO,VACAVILLE,-121.94985459,38.360381369999999
6292332,2015,2015-07-06,9365,2015-03-16,0105,19572,,1,3,5,4803,0,1,1,,2,681,"RT 680","RT 80",220.00,S,N,A,-,Y,SOL,4,80,-,-,12.920,R,2,E,Y,1,1,2,1,A,-,08,22107,,N,E,I,A,A,H,-,C,D,1,,,,,Y,,A,01,1,0,1,0,0,0,0,0,0,"- ","- ",38.216279999999998,-122.13733000000001,SOLANO,FAIRFIELD,-122.13661507,38.217418649999999
6292416,2015,2015-07-30,4806,2015-05-06,2130,575,,3,5,5,4806,0,0,0,,0,,"ALAMO DR","AMAPOLA ST",290.00,W,N,A,-,N,,,,,,,,,,N,1,1,0,3,A,-,11,21954,A,N,G,B,D,A,H,-,C,D,0,Y,,,,Y,,N,60,0,0,0,1,0,0,0,0,0,"- ","- ",,,SOLANO,VACAVILLE,-121.98207128999999,38.335503969999998
6292475,2015,2015-08-12,9365,2015-06-07,1445,18205,,7,2,9,4800,0,2,4,,2,202,"SUISUN VALLEY RD","MANKAS CORNER RD",0.00,,Y,A,-,N,,,,,,,,,,Y,1,1,1,2,A,-,09,21801,A,N,A,C,A,A,H,-,A,A,0,,,Y,,Y,,D,23,0,1,0,0,0,0,0,1,0,"- ","- ",38.28707,-122.11818,SOLANO,UNINCORPORATED,-122.11833996,38.287079890000001
6292476,2015,2015-08-14,9365,2015-06-07,0025,19094,,7,3,5,4803,0,1,1,,2,085,"RT 80","MANUEL CAMPOS PKWY",638.00,E,N,A,-,Y,SOL,4,80,-,-,21.179,R,2,W,Y,1,3,1,1,A,-,01,23152,A,N,E,I,A,A,H,-,C,D,1,,,,,Y,Y,D,22,1,0,0,0,0,0,0,0,0,"- ","- ",38.297600000000003,-122.03498999999999,SOLANO,FAIRFIELD,-122.03415167,38.2990335
6292618,2015,2017-03-29,4806,2015-08-08,0212,457,,6,5,5,4806,0,0,0,,0,,"ALLISON DR","EDENDERRY DR",804.00,S,N,A,-,N,,,,,,,,,,Y,1,1,0,1,A,-,08,22107,,N,E,I,A,A,H,-,C,D,0,,,Y,,Y,Y,C,02,0,0,0,0,0,0,0,1,0,"- ","- ",,,SOLANO,VACAVILLE,-121.96571,38.3920393
6292632,2015,2015-09-11,4807,2015-03-31,0600,628,1807,2,5,6,4807,0,0,0,,0,004,"CURTOLA PKWY","MARIN ST",0.00,,Y,A,-,N,,,,,,,,,,Y,1,1,0,2,A,-,10,21950,A,N,G,B,B,A,H,-,C,D,0,Y,,,,Y,,A,01,0,0,0,1,0,0,0,0,0,"- ","- ",,,SOLANO,VALLEJO,-122.25667995000001,38.097119890000002
6292656,2015,2015-09-15,4803,2015-08-08,2049,1524,,6,5,5,4803,0,0,0,,0,,"EAST TABOR AV","NORTH TEXAS ST",225.00,E,N,A,G,N,,,,,,,,,,N,1,1,0,2,A,-,01,23152,A,N,G,B,D,A,H,-,C,A,0,Y,,,,Y,Y,A,07,0,0,0,1,0,0,0,0,0,"- ","- ",,,SOLANO,FAIRFIELD,-122.03340645,38.265552130000003
6292805,2015,2017-03-30,9365,2015-04-27,2139,17654,,1,2,9,4800,0,1,A,,2,030,"FOX RD","NICHOLAS RD",680.00,S,N,A,-,N,,,,,,,,,,Y,1,1,1,2,A,-,01,23152,A,N,H,F,A,A,H,-,D,A,0,,,,,Y,Y,A,01,1,0,0,0,0,0,0,0,0,"- ","- ",38.385060000000003,-121.87803,SOLANO,UNINCORPORATED,-121.87806949,38.385912439999998
6292964,2017,2019-04-05,4803,2017-09-23,2015,476,,6,5,5,4803,0,0,0,,0,00E,"MANUEL CAMPOS PKWY","CEMENT HILL RD",577.00,W,N,A,-,N,,,,,,,,,,Y,1,1,0,2,A,-,08,22107,,N,D,J,A,A,H,-,C,D,0,,,Y,,Y,,C,03,0,0,0,0,0,0,0,1,0,"- ","- ",38.285820000000001,-121.99787999999999,SOLANO,FAIRFIELD,-121.99918750000001,38.285951189999999
6365051,2014,2015-11-12,4803,2014-01-01,1939,1235,,3,5,5,4803,0,0,0,,0,00S,"RT 12","PENNSYLVANIA AV",18.00,W,N,A,-,Y,SOL,4,12,-,R,4.075,I,5,E,Y,2,0,1,1,A,-,03,22350,,N,E,I,A,A,H,-,C,A,0,,,,,Y,,J,48,1,0,0,0,0,0,0,0,0,"- ","- ",,,SOLANO,FAIRFIELD,-122.05052644,38.241184920000002
6427555,2014,2016-02-12,9365,2014-03-21,2255,018799,,5,3,9,4800,0,1,1,,2,088,"RT 80","DIXON AV W",4470.00,W,N,A,-,Y,SOL,4,80,-,-,34.700,H,-,W,Y,2,0,1,2,A,-,01,23152,A,N,C,C,A,A,H,-,C,D,1,,,,Y,Y,Y,A,07,1,0,0,0,0,0,0,0,0,"- ","- ",38.437260000000002,-121.87016,SOLANO,UNINCORPORATED,-121.86987544999999,38.437350430000002
6427559,2014,2014-06-25,9365,2014-03-13,1330,018470,,4,1,6,4807,0,1,1,,2,081,"RT 80","COLUMBUS PKY",32.00,W,N,A,-,Y,,,80,,,,,,,Y,2,0,2,2,A,-,03,22350,,N,E,J,A,A,H,-,A,D,0,,,,,Y,,A,01,1,0,1,0,0,0,0,0,0,"- ","- ",38.138800000000003,-122.22029999999999,SOLANO,VALLEJO,-122.22039612,38.138860870000002
6450122,2014,2014-07-03,4803,2014-03-27,2020,1531,4803,4,5,5,4803,0,0,0,,0,EAST,"CEMENT HILL RD","WALTERS RD",1636.00,W,N,B,-,N,,,,,,,,,,N,2,0,1,2,A,-,11,21954,A,N,B,G,E,A,H,-,D,D,0,Y,,,,Y,,N,60,1,0,0,0,1,0,0,0,0,"- ","- ",,,SOLANO,FAIRFIELD,-121.99107107,38.287123899999997
6458106,2014,2015-03-07,4807,2014-04-20,2052,618,,7,5,6,4807,0,0,0,,0,007,"TUOLUMNE ST","REDWOOD ST",0.00,,Y,A,-,N,,,,,,,,,,N,2,0,1,2,A,-,11,21456,B,N,G,B,B,A,H,-,C,A,0,Y,,,,Y,,N,60,1,0,0,0,1,0,0,0,0,"- ","- ",,,SOLANO,VALLEJO,-122.23776986,38.122319949999998
6458260,2014,2015-10-12,4807,2014-03-23,0001,633,VPD,7,5,6,4807,0,0,0,,0,008,"SAWYER ST","TAPER AV",0.00,,Y,A,-,N,,,,,,,,,,Y,2,0,3,1,A,-,01,23152,A,N,E,I,A,A,H,-,C,A,0,,,,,Y,Y,A,,2,1,0,0,0,0,0,0,0,"- ","- ",,,SOLANO,VALLEJO,-122.23258991,38.148159980000003
6467771,2014,2016-04-11,9365,2014-04-08,2000,16449,,2,2,4,4801,0,1,1,,2,077,"RT 680","PARK RD",650.00,N,N,A,-,Y,SOL,4,680,-,-,1.189,R,2,S,Y,2,0,2,2,A,-,03,22350,,N,C,E,A,A,H,-,D,D,1,,,,,Y,,A,07,2,0,0,0,0,0,0,0,0,TO,"- ",38.051250000000003,-122.13334,SOLANO,BENICIA,-122.13041923,38.053509470000002
6469442,2014,2016-02-08,9365,2014-03-27,1935,018783,,4,2,5,4803,0,1,1,,2,085,"RT 80","MANUEL CAMPOS PKWY",1320.00,E,N,B,-,Y,SOL,4,80,-,-,21.180,H,-,W,Y,2,0,1,1,A,-,08,22107,,N,F,I,A,A,H,-,D,D,1,,,,,Y,,A,01,1,0,0,0,0,0,0,0,0,"- ","- ",38.29851,-122.03445000000001,SOLANO,FAIRFIELD,-122.03415149999999,38.299048509999999
6471337,2014,2016-01-28,9365,2014-04-17,2110,018542,,4,2,5,4803,0,1,1,,2,083,"RT 80","ABERNATHY RD",6864.00,W,N,A,-,Y,SOL,4,80,-,-,15.640,R,2,E,Y,2,0,3,4,A,-,01,23152,A,N,C,E,E,A,D,-,D,A,1,Y,,,,Y,Y,A,01,1,1,1,0,2,0,0,0,0,"- ","- ",38.23847,-122.09545,SOLANO,FAIRFIELD,-122.09455154,38.23882081
6489208,2014,2014-08-08,9365,2014-05-25,1350,18954,,7,1,9,4800,0,1,1,,2,089,"SIEVERS RD","CURRY RD",0.00,,Y,A,-,N,,,,,,,,,,Y,2,0,1,2,A,-,09,21801,A,N,A,C,A,A,H,-,A,D,0,,,,,Y,,D,22,1,0,0,0,0,0,0,0,0,"- ","- ",38.489019999999996,-121.82216,SOLANO,UNINCORPORATED,-121.82228993,38.489099899999999
6505441,2014,2016-04-14,9365,2014-05-25,1913,019058,,7,2,5,4806,0,1,1,,2,084,"RT 80","NORTH TEXAS ST",6864.00,E,N,A,-,Y,SOL,4,80,-,-,22.360,H,-,W,Y,2,0,4,2,A,-,01,23152,A,N,B,C,A,A,H,-,A,D,1,,,,,Y,Y,D,22,1,2,1,0,0,0,0,0,0,"- ","- ",38.315559999999998,-122.03194000000001,SOLANO,VACAVILLE,-122.03177712999999,38.315970649999997
6513337,2014,2014-07-02,4807,2014-04-28,1810,649,VPD,1,5,6,4807,0,0,0,,0,002,"SPRINGS RD","OAKWOOD AV",0.00,,Y,A,-,N,,,,,,,,,,N,2,0,2,2,A,-,11,21954,A,N,G,B,D,A,H,-,A,D,0,Y,,,,Y,,N,60,1,0,1,0,1,0,0,0,0,"- ","- ",,,SOLANO,VALLEJO,-122.21773994,38.105999910000001
6513345,2014,2014-07-02,4807,2014-04-27,0438,653,VPD,7,5,6,4807,0,0,0,,0,006,"MARE ISLAND WY","LIGHT POLE 4497",147.00,S,N,A,-,N,,,,,,,,,,Y,2,0,1,2,A,-,08,22107,,N,-,E,A,A,H,-,C,D,0,,,,,Y,,A,,1,0,0,0,0,0,0,0,0,"- ","- ",,,SOLANO,VALLEJO,,
6516077,2014,2014-08-05,9365,2014-05-31,2335,18941,,6,3,9,4800,0,1,A,,2,030,"PUTAH CREEK RD","WINTERS RD",5650.00,W,N,A,-,N,,,,,,,,,,Y,2,0,1,1,A,-,08,22107,,N,E,I,A,A,H,-,D,D,0,,,,,Y,,A,01,1,0,0,0,0,0,0,0,0,"- ","- ",38.505670000000002,-121.97787,SOLANO,UNINCORPORATED,-121.97773002,38.505709109999998
6522122,2014,2014-07-08,4806,2014-03-07,1917,457,,5,5,5,4806,0,0,0,,0,,"CALLEN ST","BEARD ST",270.00,W,N,A,-,N,,,,,,,,,,N,2,0,1,2,A,-,01,21200,5,N,D,G,A,A,H,-,C,D,0,,Y,,,Y,Y,L,04,1,0,0,0,0,0,1,0,0,"- ","- ",,,SOLANO,VACAVILLE,-121.9794316,38.358827439999999
6542686,2014,2014-08-18,9365,2014-06-22,1300,17799,,7,1,9,4800,0,3,5,,2,040,"TUBBS RD","MCCUNE RD",1056.00,S,N,A,-,N,,,,,,,,,,N,2,0,1,1,A,-,03,22350,,N,F,A,A,A,H,-,A,D,0,,Y,,,Y,,L,04,1,0,0,0,0,0,1,0,0,"- ","- ",38.495399999999997,-121.952,SOLANO,UNINCORPORATED,-121.94616635,38.482206869999999
6575081,2014,2014-08-29,9365,2014-07-19,1050,013706,,6,1,9,4800,0,1,A,,2,030,"PLEASANTS VALLEY RD","QUAIL CANYON RD",106.00,N,N,A,-,N,,,,,,,,,,N,2,0,1,1,A,-,08,22107,,N,E,I,A,A,B,-,A,D,0,,,Y,,Y,,C,02,1,0,0,0,0,0,0,0,1,"- ","- ",38.467440000000003,-122.04975,SOLANO,UNINCORPORATED,-122.04946502,38.467416049999997
6578273,2014,2016-05-13,9365,2014-07-22,2155,18941,,2,2,3,4802,0,1,A,,2,030,"RT 113","BINGHAMPTON RD",3.00,E,N,A,-,Y,SOL,4,113,-,-,12.780,H,-,N,Y,2,0,1,2,A,-,08,22107,,F,D,C,A,A,H,-,D,D,0,,,,,Y,,D,22,1,0,0,0,0,0,0,0,0,"- ","- ",38.351500000000001,-121.8231,SOLANO,DIXON,-121.82314083,38.35132136
6598947,2014,2014-08-29,4807,2014-07-11,1645,627,VJOBE,5,5,6,4807,0,0,0,,0,002,"TENNESSEE ST","OAKWOOD AV",10.00,E,N,A,-,N,,,,,,,,,,Y,2,0,1,2,D,-,00,,,N,E,E,A,A,H,-,A,A,0,,,,,Y,,-,"- ",1,0,0,0,0,0,0,0,0,"- ","- ",,,SOLANO,VALLEJO,-122.21761605,38.109644099999997
6605559,2014,2016-05-14,9365,2014-08-17,1833,019058,,7,2,9,4800,0,1,3,,2,121,"RT 12","SPURS TRL",1056.00,W,N,A,-,Y,SOL,4,12,-,-,0.560,H,-,E,Y,2,0,1,1,A,-,08,22107,,N,F,A,A,A,H,-,A,D,0,,,Y,,Y,,C,02,1,0,0,0,0,0,0,0,1,"- ","- ",38.208869999999997,-122.18664,SOLANO,UNINCORPORATED,-122.19312528,38.208691829999999
6606030,2014,2014-08-23,9365,2014-04-05,1920,17559,,6,2,9,4800,0,1,A,,2,030,"PLEASANTS VALLEY RD","CHESTER WY",528.00,S,N,A,-,N,,,,,,,,,,Y,1,2,3,1,A,-,01,23152,A,N,F,I,A,A,H,-,B,D,0,,,,,Y,Y,D,22,3,0,0,0,0,0,0,0,0,"- ","- ",38.399929999999998,-122.04080999999999,SOLANO,UNINCORPORATED,-122.04080483,38.399854599999998
6606140,2014,2015-12-29,4806,2014-05-25,1500,553,305,7,5,5,4806,0,0,0,,0,003,"EAST MONTE VISTA AV","COUNTY AIRPORT RD",712.00,N,N,A,-,N,,,,,,,,,,Y,1,1,1,2,A,-,05,21460,A,N,A,C,A,A,H,-,A,D,0,,,Y,,Y,Y,C,02,0,1,0,0,0,0,0,1,0,"- ","- ",38.374949999999998,-121.95473,SOLANO,VACAVILLE,-121.95482297,38.374816819999999