CASE_ID,ACCIDENT_YEAR,PROC_DATE,JURIS,COLLISION_DATE,COLLISION_TIME,OFFICER_ID,REPORTING_DISTRICT,DAY_OF_WEEK,CHP_SHIFT,POPULATION,CNTY_CITY_LOC,SPECIAL_COND,BEAT_TYPE,CHP_BEAT_TYPE,CITY_DIVISION_LAPD,CHP_BEAT_CLASS,BEAT_NUMBER,PRIMARY_RD,SECONDARY_RD,DISTANCE,DIRECTION,INTERSECTION,WEATHER_1,WEATHER_2,STATE_HWY_IND,CALTRANS_COUNTY,CALTRANS_DISTRICT,STATE_ROUTE,ROUTE_SUFFIX,POSTMILE_PREFIX,POSTMILE,LOCATION_TYPE,RAMP_INTERSECTION,SIDE_OF_HWY,TOW_AWAY,COLLISION_SEVERITY,NUMBER_KILLED,NUMBER_INJURED,PARTY_COUNT,PRIMARY_COLL_FACTOR,PCF_CODE_OF_VIOL,PCF_VIOL_CATEGORY,PCF_VIOLATION,PCF_VIOL_SUBSECTION,HIT_AND_RUN,TYPE_OF_COLLISION,MVIW,PED_ACTION,ROAD_SURFACE,ROAD_COND_1,ROAD_COND_2,LIGHTING,CONTROL_DEVICE,CHP_ROAD_TYPE,PEDESTRIAN_ACCIDENT,BICYCLE_ACCIDENT,MOTORCYCLE_ACCIDENT,TRUCK_ACCIDENT,NOT_PRIVATE_PROPERTY,ALCOHOL_INVOLVED,STWD_VEHTYPE_AT_FAULT,CHP_VEHTYPE_AT_FAULT,COUNT_SEVERE_INJ,COUNT_VISIBLE_INJ,COUNT_COMPLAINT_PAIN,COUNT_PED_KILLED,COUNT_PED_INJURED,COUNT_BICYCLIST_KILLED,COUNT_BICYCLIST_INJURED,COUNT_MC_KILLED,COUNT_MC_INJURED,PRIMARY_RAMP,SECONDARY_RAMP,LATITUDE,LONGITUDE,COUNTY,CITY,POINT_X,POINT_Y
6608569,2014,2014-09-18,4807,2014-08-03,2027,019051,,7,5,6,4807,0,0,0,,0,,"SHERIDAN ST","WINCHESTER ST",210.00,S,N,A,-,N,,,,,,,,,,Y,2,0,1,6,A,-,08,22107,,N,B,E,A,A,H,-,C,D,0,,,,,Y,,A,01,1,0,0,0,0,0,0,0,0,"- ","- ",38.08764,-122.23945999999999,SOLANO,VALLEJO,-122.23926786,38.087449419999999
6627117,2014,2014-09-25,4807,2014-08-15,0139,599,4807,5,5,6,4807,0,0,0,,0,001,"REDWOOD PKWY","FOOTHILL DR",336.00,W,N,A,-,N,,,,,,,,,,Y,2,0,2,1,A,-,03,22350,,N,E,I,A,A,H,-,A,A,0,,,,,Y,Y,-,,2,0,0,0,0,0,0,0,0,"- ","- ",,,SOLANO,VALLEJO,-122.21986324,38.122330009999999
6646051,2014,2016-05-21,9365,2014-09-21,0030,019094,,7,3,6,4807,0,1,1,,2,081,"RT 80","REDWOOD ST",1320.00,W,N,B,-,Y,SOL,4,80,-,-,4.180,H,-,W,Y,2,0,5,2,A,-,07,21658,A,N,B,C,A,A,H,-,C,D,1,,,,,Y,,A,01,1,0,4,0,0,0,0,0,0,"- ","- ",38.119520000000001,-122.23043,SOLANO,VALLEJO,-122.23045977,38.119505359999998
6658663,2014,2014-12-19,9365,2014-10-08,1730,016261,,3,2,5,4803,0,1,1,,2,084,"RT 80","OLIVER RD",0.00,,Y,A,-,Y,,,80,,,,,,,N,2,0,1,2,A,-,03,22350,,N,G,B,D,A,H,-,A,A,0,Y,,,,Y,,A,01,1,0,0,0,1,0,0,0,0,"- ","- ",38.249600000000001,-122.0707,SOLANO,FAIRFIELD,-122.07041565999999,38.249310919999999
6660237,2014,2016-05-24,9365,2014-09-27,1515,017696,,6,2,6,4807,0,1,3,,2,371,"RT 37","BROADWAY ST",1256.00,E,N,A,-,Y,SOL,4,37,-,R,10.110,H,-,E,,2,0,1,2,A,-,08,22107,,N,B,C,A,A,H,-,A,D,1,,,Y,,Y,Y,C,02,1,0,0,0,0,0,0,0,1,"- ","- ",38.141939999999998,-122.25081,SOLANO,VALLEJO,-122.2488862,38.142505559999996
6661399,2014,2014-10-23,4807,2014-08-02,2209,638,,6,5,6,4807,0,0,0,,0,001,"TENNESSEE ST","ADMIRAL CALLAGHAN",42.00,E,N,A,-,N,,,,,,,,,,N,2,0,1,2,A,-,11,21954,A,N,G,B,D,A,H,-,C,A,0,Y,,,,Y,Y,N,60,1,0,0,0,1,0,0,0,0,"- ","- ",,,SOLANO,VALLEJO,-122.228134,38.109648200000002
6661649,2014,2016-04-28,4807,2014-09-26,1948,672,,5,5,6,4807,0,0,0,,0,007,"SONOMA BL","LEWIS BROWN DR",495.00,S,N,B,-,Y,SOL,4,29,-,-,4.640,H,-,N,Y,2,0,1,2,A,-,11,21954,A,N,G,B,E,B,H,-,C,D,0,Y,,,,Y,Y,N,60,1,0,0,0,1,0,0,0,0,"- ","- ",,,SOLANO,VALLEJO,-122.25603934999999,38.138664370000001
6678330,2017,2019-04-05,4807,2017-09-29,1959,628,,5,5,6,4807,0,0,0,,0,,"LEWIS BROWN RD","SONOMA BL",444.00,E,N,A,-,N,,,,,,,,,,N,1,1,0,2,A,-,11,21954,A,N,G,B,D,A,H,-,C,D,0,Y,,,,Y,,N,60,0,0,0,1,0,0,0,0,0,"- ","- ",,,SOLANO,VALLEJO,-122.25501237,38.138610360000001
6678359,2017,2019-04-05,4803,2017-09-29,2109,1524,,5,5,5,4803,0,0,0,,0,EAST,"AIR BASE PKWY","DOVER AV",0.00,,Y,A,-,N,,,,,,,,,,Y,1,1,1,2,A,-,09,21453,C,N,A,C,A,A,H,-,C,A,0,,,Y,,Y,Y,A,01,0,0,1,0,0,0,0,1,0,"- ","- ",38.272860000000001,-122.02491999999999,SOLANO,FAIRFIELD,-122.02491990999999,38.272889929999998
6678509,2014,2015-01-14,4803,2014-10-01,1615,612,"N SOL",3,5,5,4803,0,0,0,,0,,"VANDEN RD","CANON RD",2381.00,N,N,A,-,N,,,,,,,,,,Y,2,0,2,2,A,-,05,21650,,N,A,C,A,A,A,-,A,A,0,,,,,Y,Y,A,01,2,0,0,0,0,0,0,0,0,"- ","- ",,,SOLANO,FAIRFIELD,-121.94575541,38.3079605
6679393,2014,2014-12-19,4803,2014-10-04,1730,790,,6,5,5,4803,0,0,0,,0,,"OHIO ST","JACKSON ST",0.00,,Y,A,-,N,,,,,,,,,,Y,2,0,2,4,A,-,12,22450,,F,D,C,A,A,H,-,A,D,0,,,,,Y,,A,01,1,0,1,0,0,0,0,0,0,"- ","- ",,,SOLANO,FAIRFIELD,-122.04457988,38.244739889999998
6688332,2014,2016-05-17,4807,2014-08-09,1752,606,,6,5,6,4807,0,0,0,,0,004,"MAINE ST","SONOMA BL",0.00,,Y,A,-,Y,SOL,4,29,-,-,2.066,I,5,S,Y,2,0,7,5,B,-,22,,,N,D,C,A,A,H,-,A,A,0,,,,,Y,,J,43,2,4,1,0,0,0,0,0,0,"- ","- ",,,SOLANO,VALLEJO,-122.25502908,38.09922864
6703403,2014,2014-12-04,9365,2014-10-15,0550,13235,,3,3,9,4800,0,2,4,,2,402,"MIDWAY RD","BATAVIA RD",544.00,E,N,B,-,N,,,,,,,,,,Y,2,0,2,1,A,-,08,22107,,N,E,I,A,B,H,-,D,D,0,,,,,Y,,A,07,2,0,0,0,0,0,0,0,0,"- ","- ",38.416699999999999,-121.8579,SOLANO,UNINCORPORATED,-121.85773096,38.416794779999996
6703407,2014,2014-12-04,9365,2014-10-13,2040,15796,,1,2,6,4807,0,1,3,,2,370,"RT 37","RT 80",1000.00,W,N,A,-,Y,,,37,,,,,,,Y,2,0,1,3,A,-,03,22350,,N,G,B,E,A,C,-,D,D,0,Y,,,,Y,,A,01,1,0,0,0,1,0,0,0,0,TO,"- ",38.140909999999998,-122.22288,SOLANO,VALLEJO,-122.22284548,38.141048089999998
6705493,2014,2015-01-08,9365,2014-11-02,1640,019051,,7,2,9,4800,0,1,1,,2,082,"RT 80","HIDDENBROOKE PKWY",2173.00,E,N,A,-,Y,,,80,,,,,,,Y,2,0,1,1,A,-,08,22107,,N,E,I,A,A,H,-,A,D,0,,,,,Y,,A,01,1,0,0,0,0,0,0,0,0,"- ","- ",38.177500000000002,-122.19007000000001,SOLANO,UNINCORPORATED,-122.19019704,38.177630620000002
6709650,2014,2014-11-26,9365,2014-10-26,0630,017799,,7,1,9,4800,0,3,5,,2,040,"PORTER RD","PITT SCHOOL RD",2640.00,E,N,A,-,N,,,,,,,,,,Y,2,0,1,1,A,-,08,22107,,N,E,I,A,A,H,-,D,D,0,,,,,Y,,D,22,1,0,0,0,0,0,0,0,0,"- ","- ",38.088000000000001,-122.2139,SOLANO,UNINCORPORATED,-121.83590187999999,38.433710679999997
6718053,2014,2015-01-22,4803,2014-12-05,1952,846,,5,5,5,4803,0,0,0,,0,00S,"WEST TEXAS ST","1ST ST",206.00,E,N,B,-,N,,,,,,,,,,N,1,1,0,2,A,-,11,21954,A,N,G,B,E,B,-,-,C,D,0,Y,,,,Y,,N,60,0,0,0,1,0,0,0,0,0,"- ","- ",,,SOLANO,FAIRFIELD,-122.05170253999999,38.249252200000001
6718118,2014,2015-12-29,9365,2014-05-17,1900,18954,,6,2,5,4806,0,2,4,,2,302,"GIBSON CANYON RD","SALLY LN",478.00,N,N,A,-,N,,,,,,,,,,Y,1,1,0,2,A,-,01,23152,A,N,E,I,A,A,H,-,A,D,0,,,,,Y,Y,A,01,0,0,0,0,0,0,0,0,0,"- ","- ",38.406869999999998,-122.99515,SOLANO,VACAVILLE,,
6718121,2014,2015-12-29,9365,2014-06-18,1339,16449,,3,1,9,4800,0,1,3,,2,370,"RT 37","WALNUT AV",421.00,W,N,A,-,Y,SOL,4,37,-,R,7.130,H,-,W,Y,1,1,0,1,A,-,01,23152,E,N,E,I,A,A,H,-,A,D,1,,,,,Y,,A,01,0,0,0,0,0,0,0,0,0,"- ","- ",38.117370000000001,-122.29143999999999,SOLANO,UNINCORPORATED,-122.29037255,38.117536710000003
6718135,2014,2015-03-11,9365,2014-08-16,2336,18702,,6,3,9,4800,0,1,3,,2,513,"RT 113","OLD DAVIS RD",755.00,W,N,A,-,Y,SOL,4,80,-,R,43.390,H,-,E,Y,1,1,0,2,A,-,11,21954,A,N,G,B,E,A,H,-,D,A,1,Y,,,,Y,,N,60,0,0,0,1,0,0,0,0,0,TO,"- ",38.527500000000003,-121.75954,SOLANO,UNINCORPORATED,-121.75890192,38.527940440000002
6718163,2014,2016-01-14,9365,2014-10-14,0529,14687,,2,3,6,4807,0,1,1,,2,080,"RT 80","BENICIA RD",7.00,E,N,B,-,Y,SOL,4,80,-,-,2.440,H,-,E,N,1,1,0,2,A,-,11,21954,A,N,G,B,E,A,H,-,D,D,1,Y,,,,Y,,N,60,0,0,0,1,0,0,0,0,0,"- ","- ",38.093769999999999,-122.22986,SOLANO,VALLEJO,-122.22984922000001,38.094426980000001
6718216,2014,2016-01-12,9365,2014-12-31,1513,15549,,3,2,5,4806,0,1,1,,2,087,"RT 80","LEISURE TOWN RD",3360.00,W,N,A,-,Y,,,80,,,,,,,Y,1,1,0,2,A,-,03,22350,,N,C,C,A,A,H,-,A,D,0,,,,,Y,,A,01,0,0,0,0,0,0,0,0,0,"- ","- ",38.382019999999997,-121.94265,SOLANO,VACAVILLE,-121.94259873,38.381949579999997
6718240,2014,2015-03-17,4805,2014-07-22,1653,5L70,4805,2,5,4,4805,0,0,0,,0,003,"RT 12","LAWLER RANCH PKWY",0.00,,Y,A,-,Y,SOL,4,12,-,-,7.474,I,5,E,Y,1,1,1,2,A,-,09,21800,D,N,D,C,A,A,H,-,A,B,0,,,,,Y,,A,01,1,0,0,0,0,0,0,0,0,"- ","- ",,,SOLANO,"SUISUN CITY",-121.98989391000001,38.240136159999999
6718386,2015,2017-04-20,4806,2015-01-31,1955,457,,6,5,5,4806,0,0,0,,0,,"LEISURE TOWN RD","ORANGE DR",315.00,N,N,A,-,N,,,,,,,,,,Y,1,1,0,2,A,-,11,21950,B,N,G,B,D,A,H,-,C,D,0,Y,,,,Y,,N,60,0,0,0,1,0,0,0,0,0,"- ","- ",,,SOLANO,VACAVILLE,-121.93370944,38.385365059999998
6718458,2014,2015-12-31,4803,2014-10-24,0554,504,,5,5,5,4803,0,0,0,,0,00E,"CLAY BANK RD","MEADOWLARK DR",12.00,N,N,A,-,N,,,,,,,,,,N,1,1,0,2,A,-,10,21950,A,N,G,B,D,A,H,-,E,D,0,Y,,,,Y,,D,22,0,0,0,1,0,0,0,0,0,"- ","- ",,,SOLANO,FAIRFIELD,-122.00723954,38.267092959999999
6718743,2017,2019-04-08,4801,2017-05-03,1036,3895,BENIC,3,5,4,4801,0,0,0,,0,004,"LAKE HERMAN RD","RESERVOIR RD",58.00,W,N,A,-,N,,,,,,,,,,Y,1,1,0,1,A,-,08,22107,,N,F,A,A,A,H,-,A,D,0,,,,Y,Y,,F,26,0,0,0,0,0,0,0,0,0,"- ","- ",,,SOLANO,BENICIA,-122.1349621,38.09379457
6722053,2014,2015-01-23,4807,2014-10-28,2052,628,,2,5,6,4807,0,0,0,,0,002,"LINCOLN ROAD EAST","LINCOLN RD 905",96.00,N,N,A,-,N,,,,,,,,,,Y,2,0,1,1,A,-,08,22107,,N,E,I,A,A,H,-,C,D,0,,,,,Y,,-,,1,0,0,0,0,0,0,0,0,"- ","- ",,,SOLANO,VALLEJO,,
6722057,2014,2014-12-31,4807,2014-10-08,1756,564,,3,5,6,4807,0,0,0,,0,007,"REDWOOD ST",SACRAMENTO,1056.00,E,N,A,-,N,,,,,,,,,,N,2,0,1,2,A,-,10,21950,A,F,G,B,C,A,H,-,A,A,0,Y,,,,Y,,A,,1,0,0,0,1,0,0,0,0,"- ","- ",,,SOLANO,VALLEJO,-122.25885336,38.123283960000002
6725523,2014,2015-01-13,4807,2014-11-07,2153,669,VALLE,5,5,6,4807,0,0,0,,0,008,FAIRGROUNDS,"WHITNEY AV",8.00,S,N,A,-,N,,,,,,,,,,Y,2,0,1,2,A,-,"- ",,,N,D,G,A,A,H,-,C,A,0,,Y,,,Y,Y,L,,1,0,0,0,0,0,1,0,0,"- ","- ",,,SOLANO,VALLEJO,-122.23614566000001,38.146698290000003
6725524,2014,2015-01-13,4807,2014-11-06,1934,564,,4,5,6,4807,0,0,0,,0,001,"ADMIRAL CALLAGHAN","TENNESSEE ST",0.00,,Y,A,-,N,,,,,,,,,,Y,2,0,1,2,A,-,12,21453,A,N,D,C,A,A,H,-,C,A,0,,,,,Y,,A,,1,0,0,0,0,0,0,0,0,"- ","- ",,,SOLANO,VALLEJO,-122.22827991,38.109649939999997
6733531,2014,2015-01-16,4803,2014-11-22,1803,1542,4803,6,5,5,4803,0,0,0,,0,SOUTH,"2ND ST","KANSAS ST",24.00,N,N,A,-,N,,,,,,,,,,N,2,0,1,2,A,-,11,21954,A,N,G,B,D,A,H,-,C,D,0,Y,,,,Y,Y,N,60,1,0,0,0,1,0,0,0,0,"- ","- ",,,SOLANO,FAIRFIELD,-122.05572939,38.255818150000003
6738348,2014,2016-06-13,4807,2014-11-05,0607,661,4807,3,5,6,4807,0,0,0,,0,007,"RT 29","YOLANO DR",528.00,N,N,F,-,Y,SOL,4,29,-,-,4.460,H,-,S,N,2,0,1,2,A,-,11,21954,A,N,G,B,D,B,H,-,B,D,0,Y,,,,Y,Y,N,60,1,0,0,0,1,0,0,0,0,"- ","- ",,,SOLANO,VALLEJO,-122.25624627000001,38.13545629
6748349,2014,2015-02-02,4807,2014-12-05,2001,618,,5,5,6,4807,0,0,0,,0,005,"TENNESSEE ST","MARIPOSA ST",0.00,,Y,A,-,N,,,,,,,,,,N,2,0,1,2,A,-,09,21801,A,N,D,G,A,B,H,-,C,A,0,,Y,,,Y,,A,01,1,0,0,0,0,0,1,0,0,"- ","- ",,,SOLANO,VALLEJO,-122.23136993999999,38.109669959999998
6749076,2014,2016-06-18,9365,2014-12-05,2345,018941,,5,3,5,4806,0,1,1,,2,086,"RT 80","DAVIS ST",800.00,W,N,B,-,Y,SOL,4,80,-,R,25.771,R,2,E,Y,2,0,1,1,A,-,03,22350,,N,A,I,A,B,H,-,C,D,1,,,,,Y,Y,A,07,1,0,0,0,0,0,0,0,0,TO,"- ",38.349409999999999,-121.98792,SOLANO,VACAVILLE,-121.98952774999999,38.349202009999999
6750152,2014,2016-07-11,9365,2014-12-05,1715,019301,,5,2,6,4807,0,1,1,,2,080,"RT 80","TENNESSEE ST",850.00,W,N,B,-,Y,SOL,4,80,-,-,3.330,H,-,W,Y,2,0,1,3,A,-,03,22350,,N,C,C,A,A,H,-,C,D,1,,,,,Y,,A,01,1,0,0,0,0,0,0,0,0,"- ","- ",38.107370000000003,-122.22983000000001,SOLANO,VALLEJO,-122.22979866999999,38.107281589999999
6755237,2014,2015-02-06,4807,2014-12-12,2324,630,,5,5,6,4807,0,0,0,,0,002,"GEORGIA ST",DEVONSHIRE,300.00,E,N,B,-,N,,,,,,,,,,N,2,0,1,2,A,-,03,22350,,N,C,E,A,B,H,-,C,D,0,,,,,Y,,A,01,1,0,0,0,0,0,0,0,0,"- ","- ",,,SOLANO,VALLEJO,-122.19233511,38.103652459999999
6759771,2014,2016-02-29,4803,2014-11-10,1559,1216,2140,1,5,5,4803,0,0,0,,0,00C,"AIR BASE PKWY","NORTH TEXAS ST",0.00,,Y,-,-,N,,,,,,,,,,Y,2,0,1,1,A,-,06,21755,,N,-,J,A,A,-,-,A,-,0,,,,,Y,,-,"- ",1,0,0,0,0,0,0,0,0,"- ","- ",38.270499999999998,-121.98849,SOLANO,FAIRFIELD,-122.03422988,38.273059940000003
6767069,2014,2015-02-03,4807,2014-12-16,2354,678,,2,5,6,4807,0,0,0,,0,004,"SONOMA BL","PENNSYLVANIA ST",0.00,,Y,C,-,N,,,,,,,,,,N,2,0,1,2,D,-,00,,,F,G,B,B,B,H,-,C,A,0,Y,,,,Y,Y,-,"- ",1,0,0,0,1,0,0,0,0,"- ","- ",,,SOLANO,VALLEJO,-122.25504992,38.098129980000003
6768188,2014,2015-01-28,4801,2014-11-06,1105,2737,4801,4,5,4,4801,0,0,0,,0,003,"HASTINGS DR","SWEETBRIER LN",100.00,S,N,A,-,N,,,,,,,,,,N,2,0,1,2,A,-,17,22517,,N,A,G,A,A,H,-,A,D,0,,Y,,,Y,,A,01,1,0,0,0,0,0,1,0,0,"- ","- ",,,SOLANO,BENICIA,-122.17108625,38.082768459999997
6774814,2014,2015-02-10,9365,2014-12-27,1800,19051,,6,2,9,4800,0,1,A,,2,030,"WILLOW RD","WALNUT RD",300.00,N,N,A,-,N,,,,,,,,,,Y,2,0,2,1,A,-,08,22107,,N,E,I,A,A,H,-,D,D,0,,,Y,,Y,,C,02,2,0,0,0,0,0,0,0,2,"- ","- ",38.392400000000002,-122.92440000000001,SOLANO,UNINCORPORATED,-121.92475079,38.386513639999997
6775366,2014,2015-05-05,4806,2014-12-23,1550,609,707,2,5,5,4806,0,0,0,,0,007,"CALIFORNIA DR","MARIPOSA AV",0.00,,Y,A,-,N,,,,,,,,,,Y,2,0,2,2,A,-,09,21804,B,N,D,C,A,A,H,-,A,A,0,,,Y,,Y,,A,01,1,0,1,0,0,0,0,0,2,"- ","- ",,,SOLANO,VACAVILLE,-121.98019997999999,38.333299940000003
6788713,2015,2016-10-07,9365,2015-01-28,0651,13433,,3,1,5,4806,0,1,1,,2,086,"RT 80","MASON ST",945.00,E,N,A,-,Y,SOL,4,80,-,R,26.670,H,-,E,Y,2,0,1,3,A,-,03,22350,,F,C,C,A,A,H,-,B,D,1,,,,,Y,,D,22,1,0,0,0,0,0,0,0,0,"- ","- ",38.356940000000002,-121.97538,SOLANO,VACAVILLE,-121.97594551,38.356635220000001
6789921,2014,2015-02-12,4803,2014-12-15,1405,1236,,1,5,5,4803,0,0,0,,0,0CE,"AIR BASE PKWY","HEATH DR",300.00,W,N,B,C,N,,,,,,,,,,Y,2,0,4,2,A,-,03,22350,,N,D,C,A,B,H,-,A,A,0,,,,,Y,,A,07,1,0,3,0,0,0,0,0,0,"- ","- ",,,SOLANO,FAIRFIELD,-122.04381518,38.273021640000003
6795991,2015,2016-10-18,4807,2015-01-07,1802,669,,3,5,6,4807,0,0,0,,0,007,"SONOMA BL","REDWOOD ST",528.00,N,N,A,-,Y,SOL,4,29,-,-,3.810,H,-,S,N,2,0,1,2,A,-,11,21955,,N,G,B,D,A,H,-,C,D,0,Y,,,,Y,,N,,1,0,0,0,1,0,0,0,0,"- ","- ",,,SOLANO,VALLEJO,-122.25552377,38.124604730000001
6797982,2014,2015-02-11,4807,2014-12-25,2118,678,,4,5,6,4807,0,0,0,,0,001,"ASCOT PKY","LOCUST DR",528.00,N,N,A,-,N,,,,,,,,,,Y,2,0,1,1,A,-,01,23152,A,N,D,J,A,A,H,-,C,A,0,,,,,Y,Y,-,,1,0,0,0,0,0,0,0,0,"- ","- ",,,SOLANO,VALLEJO,-122.20193999999999,38.115968789999997
6799108,2015,2016-09-08,9365,2015-01-12,0030,19058,,1,3,5,4803,0,1,1,,2,680,"RT 680","RT 80",132.00,N,N,A,-,Y,SOL,4,680,-,-,12.981,R,2,S,Y,2,0,2,1,A,-,01,23152,A,N,E,J,A,A,H,-,C,D,1,,,,,Y,Y,A,01,1,1,0,0,0,0,0,0,0,TO,"- ",38.21875,-122.13576999999999,SOLANO,FAIRFIELD,-122.13796469,38.214478499999998
6805512,2015,2016-10-19,4807,2015-01-14,0816,599,4807,3,5,6,4807,0,0,0,,0,008,"SONOMA BL","MEADOWS DR",0.00,,Y,B,-,Y,SOL,4,29,-,-,5.370,I,5,N,Y,2,0,2,2,A,-,12,21453,A,N,D,D,A,A,H,-,A,A,0,,,,,Y,,-,,1,0,1,0,0,0,0,0,0,"- ","- ",,,SOLANO,VALLEJO,-122.25468724,38.14801533
6813335,2014,2015-02-20,4803,2014-12-26,2216,1546,,5,5,5,4803,0,0,0,,0,0CO,"VENETIAN DR","ANTIQUITY DR",182.00,S,N,-,-,N,,,,,,,,,,Y,2,0,1,1,A,-,01,23152,A,N,-,-,A,-,-,-,-,-,0,,,Y,,Y,Y,C,03,1,0,0,0,0,0,0,0,1,"- ","- ",,,SOLANO,FAIRFIELD,-122.15383152,38.223811730000001
6836068,2015,2016-10-25,9365,2015-02-20,1300,016919,,5,1,5,4803,0,1,1,,2,083,"RT 80","SUISUN VALLEY RD",3696.00,E,N,A,-,Y,SOL,4,80,-,-,14.190,H,-,E,Y,2,0,2,1,A,-,17,23114,A,N,F,A,A,A,H,-,A,D,1,,,Y,,Y,,C,02,1,1,0,0,0,0,0,0,2,"- ","- ",38.135199999999998,-122.60380000000001,SOLANO,FAIRFIELD,-122.11796595,38.228673630000003
6836072,2015,2015-03-12,9365,2015-02-20,2345,019572,,5,3,9,4800,0,1,A,,2,030,"MIDWAY RD","LEWIS RD",230.00,S,N,B,-,N,,,,,,,,,,Y,2,0,1,1,A,-,01,23152,A,N,F,A,A,A,H,-,D,D,0,,,Y,,Y,Y,C,02,1,0,0,0,0,0,0,0,1,"- ","- ",38.416440000000001,-121.89259,SOLANO,UNINCORPORATED,-121.89390987,38.415831969999999
6854007,2014,2015-03-20,9365,2014-11-05,1500,15441,,3,2,9,4800,0,1,1,,2,089,"RT 80","PEDRICK RD",1477.00,E,N,A,-,Y,SOL,4,80,-,-,40.010,H,-,E,Y,1,1,0,1,A,-,08,22107,,N,E,I,A,A,H,-,A,D,1,,,,,Y,,A,01,0,0,0,0,0,0,0,0,0,"- ","- ",38.491459999999996,-121.80029999999999,SOLANO,UNINCORPORATED,-121.80043904999999,38.491480639999999
6854162,2015,2015-04-15,9365,2015-01-16,1358,16515,,5,1,5,4806,0,1,1,,2,087,"RT 80","RT 505",1010.00,E,N,B,-,Y,SOL,4,80,-,R,28.570,H,-,E,Y,1,1,0,1,A,-,08,22107,,N,E,I,A,A,H,-,A,D,1,,,,,Y,,A,01,0,0,0,0,0,0,0,0,0,"- ","- ",38.374920000000003,-121.95071,SOLANO,VACAVILLE,-121.95042089,38.375299300000002
6854627,2014,2015-12-29,4801,2014-12-12,2347,3685,4801,5,5,4,4801,0,0,0,,0,001,"HASTINGS DR","ROSE DR",0.00,,Y,E,-,N,,,,,,,,,,Y,1,1,0,1,A,-,03,22350,,N,E,J,A,A,H,-,C,D,0,,,,,Y,Y,A,01,0,0,0,0,0,0,0,0,0,"- ","- ",,,SOLANO,BENICIA,-122.16788991999999,38.084709920000002
6857924,2015,2016-10-26,9365,2015-03-17,1730,016261,,2,2,5,4803,0,1,3,,2,122,"RT 12","CHADBOURNE RD",500.00,E,N,A,-,Y,SOL,4,12,-,L,2.340,H,-,E,Y,2,0,1,3,A,-,03,22350,,N,C,C,A,A,H,-,A,A,0,,,,,Y,,A,07,1,0,0,0,0,0,0,0,0,"- ","- ",38.239849999999997,-122.07725000000001,SOLANO,FAIRFIELD,-122.08242778,38.239740179999998
6858843,2015,2016-09-08,9365,2015-03-10,1750,016505,,2,2,5,4803,0,1,1,,2,681,"RT 680","GOLD HILL RD",1320.00,S,N,B,-,Y,SOL,4,680,-,R,9.730,H,-,N,Y,2,0,1,2,A,-,03,22350,,N,C,C,A,A,H,-,A,D,1,,,Y,,Y,,C,02,1,0,0,0,0,0,0,0,1,"- ","- ",38.175420000000003,-122.13015,SOLANO,FAIRFIELD,-122.13158602999999,38.178150070000001
6860885,2015,2016-09-27,4804,2015-02-28,1010,RV99,,6,5,2,4804,0,0,0,,0,001,"RIVER RD","RT 84",0.00,,Y,A,-,Y,SOL,4,84,-,-,0.470,H,-,N,Y,2,0,1,1,A,-,07,21658,A,N,E,I,A,A,H,-,A,D,0,,,,,Y,,-,,1,0,0,0,0,0,0,0,0,"- ","- ",,,SOLANO,"RIO VISTA",-121.68354017999999,38.163096160000002
6873723,2015,2016-09-06,9365,2015-03-22,1505,018799,,7,2,6,4807,0,1,3,,2,370,"RT 37","WALNUT AV",670.00,W,N,A,-,Y,SOL,4,37,-,R,7.080,H,-,W,Y,2,0,1,2,A,-,03,22350,,N,C,C,A,A,H,-,A,D,1,,,,Y,Y,,A,01,1,0,0,0,0,0,0,0,0,"- ","- ",38.117539999999998,-122.2897,SOLANO,VALLEJO,-122.29126103,38.117537929999997
6875654,2015,2016-09-08,9365,2015-03-13,1727,18799,,5,2,4,4801,0,1,1,,2,077,"RT 780","ROSE DR",1710.00,E,N,A,-,Y,SOL,4,780,-,-,4.658,R,1,W,Y,2,0,1,1,A,-,03,22350,,N,F,A,A,A,H,-,A,D,1,,,Y,,Y,,C,02,1,0,0,0,0,0,0,0,1,"- ","- ",38.076970000000003,-122.18962999999999,SOLANO,BENICIA,-122.19003705,38.077235899999998
6881502,2015,2015-04-24,4806,2015-03-19,1729,457,,4,5,5,4806,0,0,0,,0,,"SCOTTSDALE DR","WOODRIDGE DR",0.00,,Y,A,-,N,,,,,,,,,,Y,2,0,2,2,A,-,12,22450,,N,D,C,A,A,H,-,A,A,0,,,Y,,Y,,C,02,1,1,0,0,0,0,0,0,1,"- ","- ",,,SOLANO,VACAVILLE,-121.94941993,38.340479889999997
6885658,2015,2016-11-30,9365,2015-04-06,1900,15441,,1,2,9,4800,0,1,1,,2,089,"RT 80","PEDRICK RD",950.00,W,N,A,-,Y,SOL,4,80,-,-,39.450,H,-,E,Y,2,0,2,3,A,-,07,21658,A,F,F,C,A,A,H,-,A,D,1,,,,,Y,,A,07,1,0,1,0,0,0,0,0,0,"- ","- ",38.482430000000001,-121.81153999999999,SOLANO,UNINCORPORATED,-121.80758046,38.485637949999997
6887787,2015,2017-01-05,9365,2015-04-05,2225,17696,,7,3,6,4807,0,1,1,,2,080,"RT 80","SOLANO/CONTRA COSTA CO LINE",520.00,E,N,A,-,Y,SOL,4,80,-,-,3.660,H,-,E,Y,2,0,6,7,A,-,03,22350,,N,D,C,-,A,H,-,C,D,1,Y,,,,Y,,A,01,1,1,4,0,4,0,0,0,0,"- ","- ",38.059609999999999,-122.22508000000001,SOLANO,VALLEJO,-122.22967192999999,38.112057249999999
6887788,2015,2016-11-07,9365,2015-04-05,1505,17747,,7,2,4,4801,0,1,1,,2,680,"RT 680","BAYSHORE RD",10.00,N,N,B,-,Y,SOL,4,680,-,R,1.000,H,-,N,Y,2,0,3,1,A,-,08,22107,,N,E,I,A,A,H,-,A,D,1,,,,,Y,,A,07,1,1,1,0,0,0,0,0,0,"- ","- ",38.064900000000002,-122.1307,SOLANO,BENICIA,-122.13066082,38.064712059999998