CASE_ID,ACCIDENT_YEAR,PROC_DATE,JURIS,COLLISION_DATE,COLLISION_TIME,OFFICER_ID,REPORTING_DISTRICT,DAY_OF_WEEK,CHP_SHIFT,POPULATION,CNTY_CITY_LOC,SPECIAL_COND,BEAT_TYPE,CHP_BEAT_TYPE,CITY_DIVISION_LAPD,CHP_BEAT_CLASS,BEAT_NUMBER,PRIMARY_RD,SECONDARY_RD,DISTANCE,DIRECTION,INTERSECTION,WEATHER_1,WEATHER_2,STATE_HWY_IND,CALTRANS_COUNTY,CALTRANS_DISTRICT,STATE_ROUTE,ROUTE_SUFFIX,POSTMILE_PREFIX,POSTMILE,LOCATION_TYPE,RAMP_INTERSECTION,SIDE_OF_HWY,TOW_AWAY,COLLISION_SEVERITY,NUMBER_KILLED,NUMBER_INJURED,PARTY_COUNT,PRIMARY_COLL_FACTOR,PCF_CODE_OF_VIOL,PCF_VIOL_CATEGORY,PCF_VIOLATION,PCF_VIOL_SUBSECTION,HIT_AND_RUN,TYPE_OF_COLLISION,MVIW,PED_ACTION,ROAD_SURFACE,ROAD_COND_1,ROAD_COND_2,LIGHTING,CONTROL_DEVICE,CHP_ROAD_TYPE,PEDESTRIAN_ACCIDENT,BICYCLE_ACCIDENT,MOTORCYCLE_ACCIDENT,TRUCK_ACCIDENT,NOT_PRIVATE_PROPERTY,ALCOHOL_INVOLVED,STWD_VEHTYPE_AT_FAULT,CHP_VEHTYPE_AT_FAULT,COUNT_SEVERE_INJ,COUNT_VISIBLE_INJ,COUNT_COMPLAINT_PAIN,COUNT_PED_KILLED,COUNT_PED_INJURED,COUNT_BICYCLIST_KILLED,COUNT_BICYCLIST_INJURED,COUNT_MC_KILLED,COUNT_MC_INJURED,PRIMARY_RAMP,SECONDARY_RAMP,LATITUDE,LONGITUDE,COUNTY,CITY,POINT_X,POINT_Y
6894005,2014,2015-05-12,4807,2014-03-01,2151,18634,,6,5,6,4807,0,0,0,,0,,"GEORGIA ST","GLEASON AV",0.00,,Y,A,-,N,,,,,,,,,,Y,2,0,2,2,A,-,03,22350,,N,D,C,A,A,H,-,C,D,0,,,,,Y,,J,48,1,0,1,0,0,0,0,0,0,"- ","- ",,,SOLANO,VALLEJO,-122.23627994,38.100839890000003
6898939,2015,2015-05-04,4807,2015-03-24,0519,682,SOLAN,2,5,6,4807,0,0,0,,0,006,"WILSON AV","B ST",0.00,,Y,A,-,N,,,,,,,,,,N,2,0,1,2,A,-,11,21950,B,N,G,B,B,A,H,-,D,D,0,Y,,,,Y,,N,,1,0,0,0,1,0,0,0,0,"- ","- ",,,SOLANO,VALLEJO,-122.26787999,38.114289900000003
6907213,2015,2016-11-03,9365,2015-04-15,1830,018303,,3,2,9,4800,0,1,1,,2,083,"RT 80","RT 680",430.00,E,N,A,-,Y,SOL,4,80,-,-,12.960,H,-,W,Y,2,0,1,2,A,-,01,23152,A,N,C,C,A,A,H,-,A,D,1,,,Y,,Y,Y,C,02,1,0,0,0,0,0,0,0,1,TO,"- ",38.220799999999997,-122.13223000000001,SOLANO,UNINCORPORATED,-122.13637142,38.217894459999997
6921636,2015,2015-05-21,4807,2015-04-11,0548,570,VALLE,6,5,6,4807,0,0,0,,0,005,"TENNESSEE ST","NAPA ST",4.00,E,N,A,-,N,,,,,,,,,,N,2,0,1,2,A,-,10,21950,,F,D,B,D,A,H,-,B,A,0,Y,,,,Y,,-,,1,0,0,0,1,0,0,0,0,"- ","- ",,,SOLANO,VALLEJO,-122.25138609,38.109940000000002
6927866,2015,2016-11-30,9365,2015-05-01,1600,18303,,5,2,9,4800,0,1,1,,2,083,"RT 80","SUISUN VALLEY PKWY",1320.00,W,N,A,-,Y,SOL,4,80,-,-,13.240,H,-,E,Y,2,0,2,2,A,-,03,22350,,N,C,C,A,A,H,-,A,D,1,,,,,Y,,A,08,1,0,1,0,0,0,0,0,0,"- ","- ",38.237279999999998,-122.09775,SOLANO,UNINCORPORATED,-122.13223124,38.220455479999998
6992378,2015,2015-09-01,4807,2015-04-28,2155,623,4807,2,5,6,4807,0,0,0,,0,008,"SONOMA BL","MINI DR",0.00,,Y,A,-,N,,,,,,,,,,Y,2,0,1,2,A,-,11,21453,D,N,G,B,C,A,H,-,C,A,0,Y,,,,Y,Y,N,60,1,0,0,0,1,0,0,0,0,"- ","- ",,,SOLANO,VALLEJO,-122.25394989999999,38.15380992
6997203,2015,2015-08-19,4807,2015-01-25,1303,623,4807,7,5,6,4807,0,0,0,,0,005,"GEORGIA ST","RONEY AV",0.00,,Y,A,-,N,,,,,,,,,,Y,2,0,4,2,A,-,09,21802,A,N,D,C,A,A,H,-,A,A,0,,,,,Y,,-,,2,0,2,0,0,0,0,0,0,"- ","- ",,,SOLANO,VALLEJO,-122.23454986,38.100819979999997
7006022,2015,2015-07-23,4803,2015-06-21,1502,1216,,7,5,5,4803,0,0,0,,0,00W,"WATERMAN BL","VISTA DEL RANCHO",337.00,W,N,A,-,N,,,,,,,,,,Y,1,1,1,2,A,-,03,22350,,N,D,C,A,A,H,-,A,D,0,,,,,Y,,A,01,0,0,1,0,0,0,0,0,0,"- ","- ",,,SOLANO,FAIRFIELD,-122.0602171,38.269869530000001
7006043,2014,2015-07-27,4807,2014-11-19,1803,552,,3,5,6,4807,0,0,0,,0,007,"SONOMA BL","LEWIS BROWN RD",0.00,S,N,B,-,Y,,,,,,,,,,Y,1,1,0,2,A,-,11,21955,,N,G,B,D,B,H,-,C,D,0,Y,,,,Y,,N,,0,0,0,1,0,0,0,0,0,"- ","- ",,,SOLANO,VALLEJO,-122.25603991,38.137699900000001
7006211,2015,2015-10-12,4807,2015-07-26,2206,628,4807,7,5,6,4807,0,0,0,,0,001,"REDWOOD PKWY","GLENVIEW CIR",0.00,,Y,A,-,N,,,,,,,,,,Y,1,1,1,4,C,-,18,,,N,C,E,A,A,H,-,C,D,0,,,,,Y,Y,-,"- ",0,0,1,0,0,0,0,0,0,"- ","- ",,,SOLANO,VALLEJO,-122.21736991,38.122679990000002
7006377,2015,2016-01-14,9365,2015-07-24,0142,19749,,5,3,9,4800,0,3,5,,2,020,"MANKAS CORNER RD","ABERNATHY RD",1584.00,W,N,A,-,N,,,,,,,,,,Y,1,1,2,1,A,-,01,23152,A,N,E,I,A,A,H,-,D,D,0,,,,,Y,Y,A,01,0,1,1,0,0,0,0,0,0,"- ","- ",38.276389999999999,-122.08322,SOLANO,UNINCORPORATED,-122.09262,38.27214
7006769,2015,2016-01-25,4804,2015-04-09,1846,RV98,0273,4,5,2,4804,0,0,0,,0,003,"RT 12","CHURCH RD",0.00,,Y,A,-,Y,SOL,4,12,-,-,24.820,I,5,E,Y,1,1,1,2,A,-,03,22350,,N,C,C,A,A,H,-,A,D,0,,,Y,,Y,,A,01,0,0,1,0,0,0,0,1,0,"- ","- ",,,SOLANO,"RIO VISTA",-121.70915515,38.170460030000001
7006792,2015,2016-01-25,9365,2015-07-22,2153,019058,,3,2,6,4807,0,1,3,,2,371,"RT 37","WILSON AV",317.00,W,N,A,-,Y,SOL,4,37,-,R,7.940,H,-,W,Y,1,1,0,2,C,-,18,,,N,H,A,A,A,H,-,D,D,1,,,Y,,Y,,-,"- ",0,0,0,0,0,0,0,1,0,"- ","- ",38.121760000000002,-122.27683,SOLANO,VALLEJO,-122.27718781999999,38.121561470000003
7008419,2015,2015-08-05,9365,2015-07-12,1315,019051,,7,1,9,4800,0,3,5,,2,020,"CORDELIA RD","HALE RANCH RD",528.00,S,N,A,-,N,,,,,,,,,,Y,2,0,1,1,A,-,08,22107,,N,E,I,A,A,H,-,A,D,0,,,,,Y,,A,01,1,0,0,0,0,0,0,0,0,"- ","- ",38.225360000000002,-122.10424,SOLANO,UNINCORPORATED,-122.09681749000001,38.22756356
7008427,2015,2017-01-14,9365,2015-07-19,0130,019644,,7,3,4,4801,0,1,1,,2,077,"RT 780","SOUTHHAMPTON RD",4224.00,W,N,A,-,Y,SOL,4,780,-,-,4.610,H,-,W,Y,2,0,3,3,A,-,01,23152,A,N,C,C,E,A,H,-,D,D,1,Y,,,,Y,Y,A,01,2,0,1,0,1,0,0,0,0,"- ","- ",38.067369999999997,-122.17684,SOLANO,BENICIA,-122.18953381,38.076604459999999
7044755,2015,2015-09-16,4807,2015-07-16,1951,586,,4,5,6,4807,0,0,0,,0,007,"BROADWAY ST","GARIBALDI DR",528.00,N,N,A,-,N,,,,,,,,,,Y,2,0,5,3,A,-,01,23152,,N,A,C,A,A,H,-,A,D,0,,,,,Y,,-,,3,1,1,0,0,0,0,0,0,"- ","- ",,,SOLANO,VALLEJO,-122.25235000000001,38.133580279999997
7047594,2015,2017-01-11,4807,2015-08-21,1606,599,4807,5,5,6,4807,0,0,0,,0,007,"SONOMA BL","LEWIS BROWN RD",132.00,S,N,A,-,Y,SOL,4,29,-,-,4.710,H,-,N,Y,2,0,2,2,A,-,03,22350,,N,C,C,A,A,H,-,A,B,0,,,,,Y,,-,,1,0,1,0,0,0,0,0,0,"- ","- ",,,SOLANO,VALLEJO,-122.25597732,38.13985314
7074997,2015,2015-09-25,4803,2015-09-01,2112,861,,2,5,5,4803,0,0,0,,0,00S,"PENNSYLVANIA AV","EMPIRE ST",26.00,S,N,A,-,N,,,,,,,,,,N,2,0,1,2,A,-,11,21955,,N,G,B,D,A,H,-,C,A,0,Y,,,,Y,Y,N,60,1,0,0,0,1,0,0,0,0,"- ","- ",38.250320000000002,-122.04976000000001,SOLANO,FAIRFIELD,-122.04997,38.250268579999997
7078927,2016,2017-03-16,4807,2016-09-14,1105,500,VALLE,3,5,6,4807,0,0,0,,0,001,"TERRACE BEACH DR","ROCKY SHORE",115.00,N,N,A,-,N,,,,,,,,,,N,2,0,1,2,A,-,21,22106,,N,G,B,F,A,H,-,A,D,0,Y,,,,Y,,-,,1,0,0,0,1,0,0,0,0,"- ","- ",,,SOLANO,VALLEJO,-122.20469051000001,38.126137980000003
7079415,2015,2015-10-27,4806,2015-10-11,1725,677,,7,5,5,4806,0,0,0,,0,,"LEISURE TOWN RD","HAWKINS RD",68.00,S,N,A,-,N,,,,,,,,,,N,2,0,1,1,A,-,08,22107,,N,E,I,A,A,H,-,A,D,0,,,Y,,Y,,C,02,1,0,0,0,0,0,0,0,1,"- ","- ",,,SOLANO,VACAVILLE,-121.93403000000001,38.358393229999997
7079515,2015,2015-10-17,4806,2015-09-30,1251,596,101,3,5,5,4806,0,0,0,,0,001,"EAST MONTE VISTA AV","VINE ST",55.00,,N,B,C,N,,,,,,,,,,Y,2,0,2,2,A,-,03,22350,,N,C,C,A,B,H,-,A,A,0,,,,,Y,,A,01,1,0,1,0,0,0,0,0,0,"- ","- ",,,SOLANO,VACAVILLE,-121.98547997,38.358949930000001
7102649,2015,2015-10-27,4806,2015-09-21,1936,675,,1,5,5,4806,0,0,0,,0,,"CROCKER DR","CROCKER DR 700",0.00,,Y,A,-,N,,,,,,,,,,Y,2,0,2,1,A,-,01,23153,A,N,F,D,A,A,H,-,C,D,0,,,,,Y,Y,A,01,2,0,0,0,0,0,0,0,0,"- ","- ",,,SOLANO,VACAVILLE,-121.94735527,38.408826410000003
7104750,2015,2017-01-14,9365,2015-08-05,1710,16505,,3,2,9,4800,0,1,3,,2,122,"RT 12","LAMBIE RD",2640.00,E,N,A,-,Y,SOL,4,12,-,-,14.060,H,-,E,Y,2,0,4,5,A,-,03,22350,,N,C,C,A,A,H,-,A,D,0,,,,,Y,,D,22,1,3,0,0,0,0,0,0,0,"- ","- ",,,SOLANO,UNINCORPORATED,-121.8837291,38.214681380000002
7105305,2015,2015-10-28,4807,2015-09-17,0842,628,4807,4,5,6,4807,0,0,0,,0,007,"VALLE VISTA AV","WHITCLIFF DR",201.00,E,N,A,-,N,,,,,,,,,,Y,2,0,1,5,C,-,18,,,N,D,E,A,A,H,-,A,D,0,,,,,Y,Y,-,"- ",1,0,0,0,0,0,0,0,0,"- ","- ",,,SOLANO,VALLEJO,-122.23431028,38.128737889999996
7115133,2015,2017-01-14,4803,2015-09-14,0718,1506,,1,5,5,4803,0,0,0,,0,,"LOPES RD","RT 80",49.00,S,N,B,-,Y,SOL,4,80,-,-,12.601,R,4,W,N,2,0,2,2,A,-,08,22101,D,N,D,C,A,A,H,-,A,D,0,,,,,Y,,A,01,1,0,1,0,0,0,0,0,0,"- ",WO,,,SOLANO,FAIRFIELD,-122.1413728,38.214444389999997
7117011,2015,2015-11-20,4803,2015-10-07,0815,1506,,3,5,5,4803,0,0,0,,0,,"WEST TEXAS ST","PENNSYLVANIA AV",0.00,,Y,A,-,N,,,,,,,,,,N,2,0,1,2,A,-,12,22450,,F,G,G,A,A,H,-,A,D,0,,Y,,,Y,,D,22,1,0,0,0,0,0,1,0,0,"- ","- ",38.249250000000004,-122.0498,SOLANO,FAIRFIELD,-122.04996992,38.249239979999999
7117022,2015,2015-11-20,4803,2015-10-05,0930,1506,,1,5,5,4803,0,0,0,,0,,"PENNSYLVANIA AV","OHIO ST",0.00,,Y,A,-,N,,,,,,,,,,Y,2,0,1,1,A,-,03,22350,,N,E,I,A,A,H,-,A,D,0,,,,,Y,,A,01,1,0,0,0,0,0,0,0,0,"- ","- ",38.244819999999997,-122.04984,SOLANO,FAIRFIELD,-122.04984992999999,38.244759979999998
7128978,2015,2015-12-10,4807,2015-10-02,0311,635,VPD,5,5,6,4807,0,0,0,,0,007,"REDWOOD ST","FAIRGROUNDS DR",0.00,,Y,A,-,N,,,,,,,,,,Y,2,0,2,2,D,-,00,,,N,D,C,A,A,H,-,C,A,0,,,,,Y,,-,"- ",1,0,1,0,0,0,0,0,0,"- ","- ",,,SOLANO,VALLEJO,-122.23104985000001,38.122939969999997
7131645,2015,2015-12-16,4803,2015-11-08,1539,476,,7,5,5,4803,0,0,0,,0,0CE,"ATLANTIC AV","NORTH TEXAS ST",0.00,,Y,A,-,N,,,,,,,,,,N,2,0,1,2,A,-,10,21950,A,N,G,B,B,A,H,-,A,A,0,Y,,,,Y,,A,08,1,0,0,0,1,0,0,0,0,"- ","- ",,,SOLANO,FAIRFIELD,-122.03419991,38.276319909999998
7139239,2015,2016-01-07,4807,2015-12-07,1331,607,4807,1,5,6,4807,0,0,0,,0,007,"SONOMA BL","IFLAND WY",100.00,N,N,B,-,N,,,,,,,,,,Y,2,0,2,2,A,-,09,21804,A,N,D,C,A,A,H,-,A,D,0,,,,,Y,,D,,2,0,0,0,0,0,0,0,0,"- ","- ",,,SOLANO,VALLEJO,-122.25625204000001,38.13595462
7141275,2015,2015-12-29,4807,2015-11-14,2144,651,4807,6,5,6,4807,0,0,0,,0,002,"WESTWOOD ST","ROSEWOOD ST",150.00,W,N,A,-,N,,,,,,,,,,N,2,0,1,2,A,-,03,22350,,F,G,B,D,A,H,-,D,D,0,Y,,,,Y,,-,,1,0,0,0,1,0,0,0,0,"- ","- ",,,SOLANO,VALLEJO,-122.21657145,38.10389
7141346,2015,2016-01-06,4807,2015-12-05,2222,659,4807,6,5,6,4807,0,0,0,,0,005,"SOLANO AV","MARIPOSA ST",405.00,E,N,A,-,N,,,,,,,,,,Y,2,0,2,1,A,-,01,23153,A,N,A,I,A,A,H,-,C,D,0,,,,,Y,Y,A,01,1,0,1,0,0,0,0,0,0,"- ","- ",,,SOLANO,VALLEJO,-122.22998964999999,38.10582222
7166012,2016,2016-01-26,4807,2016-01-05,0947,537,VALLE,2,5,6,4807,0,0,0,,0,004,"CURTOLA PKWY","SOLANO AV",0.00,E,N,C,-,N,,,,,,,,,,N,2,0,1,1,A,-,03,22350,,N,D,I,A,B,H,-,A,-,0,,,,,Y,,-,,1,0,0,0,0,0,0,0,0,"- ","- ",,,SOLANO,VALLEJO,-122.24687994,38.096959910000002
7177496,2016,2017-02-11,4807,2016-01-31,0259,687,VALLE,7,5,6,4807,0,0,0,,0,008,"FAIRGROUNDS DR","RT 37",51.00,N,N,A,-,Y,SOL,4,37,-,R,11.093,R,4,W,Y,2,0,3,1,A,-,08,22107,,N,E,I,A,A,H,-,C,A,0,,,,,Y,,-,,1,0,2,0,0,0,0,0,0,"- ",WF,,,SOLANO,VALLEJO,-122.23023351000001,38.141471209999999
7177497,2016,2016-02-24,4807,2016-01-30,2030,602,VALLE,6,5,6,4807,0,0,0,,0,006,SONOMA,GEORGIA,0.00,,Y,A,-,N,,,,,,,,,,N,2,0,1,2,A,-,10,21950,A,F,G,B,B,A,H,-,C,A,0,Y,,,,Y,,-,,1,0,0,0,1,0,0,0,0,"- ","- ",,,SOLANO,VALLEJO,-122.25494994,38.101079910000003
7181843,2016,2016-02-18,4803,2016-01-30,2217,1567,,6,5,5,4803,0,0,0,,0,0CO,"VINTAGE VALLEY DR","PALLADIO WY",0.00,,Y,A,-,N,,,,,,,,,,Y,2,0,1,2,A,-,01,23152,A,N,D,C,A,A,H,-,D,D,0,,,Y,,Y,Y,C,02,1,0,0,0,0,0,0,0,1,"- ","- ",38.219639999999998,-122.15028,SOLANO,FAIRFIELD,-122.15031992999999,38.219649949999997
7185856,2016,2016-02-24,4803,2016-02-04,2346,1577,,4,5,5,4803,0,0,0,,0,0CO,"LOPES RD","GOLD HILL RD N",97.00,N,N,A,-,N,,,,,,,,,,Y,2,0,1,1,A,-,01,23152,B,N,E,J,A,A,H,-,C,A,0,,,,,Y,Y,A,01,1,0,0,0,0,0,0,0,0,"- ","- ",38.182630000000003,-122.13806,SOLANO,FAIRFIELD,-122.13812992,38.181765919999997
7190145,2016,2016-05-03,4807,2016-02-01,1858,600,4807,1,5,6,4807,0,0,0,,0,008,"SONOMA BL","MEADOWS DR",857.00,N,N,B,-,Y,SOL,4,29,-,-,5.530,H,-,S,Y,1,1,0,2,A,-,11,21954,A,N,G,B,E,A,H,-,C,D,0,Y,,,,Y,Y,N,60,0,0,0,1,0,0,0,0,0,"- ","- ",,,SOLANO,VALLEJO,-122.25457285,38.149897920000001
7190194,2016,2016-06-09,4801,2016-03-25,1354,3915,P62,5,5,4,4801,0,0,0,,0,003,"DEMPSEY DR","ROSE DR",103.00,N,N,A,-,N,,,,,,,,,,N,1,1,0,1,A,-,03,22350,,N,E,I,A,A,H,-,A,A,0,,Y,,,Y,,L,04,0,0,0,0,0,1,0,0,0,"- ","- ",,,SOLANO,BENICIA,-122.15958863,38.084344729999998
7190479,2016,2018-09-27,4803,2016-09-20,1833,504,,2,5,5,4803,0,0,0,,0,00S,"RT 12","BECK AV",0.00,,Y,A,-,Y,SOL,4,12,-,R,3.206,I,5,E,Y,1,1,0,2,A,-,12,21453,A,N,D,G,A,A,H,-,A,A,0,,Y,,,Y,,L,04,0,0,0,0,0,1,0,0,0,"- ","- ",38.240479999999998,-122.06632,SOLANO,FAIRFIELD,-122.06636673,38.24024893
7193306,2016,2016-03-11,4803,2016-02-13,2056,1524,,6,5,5,4803,0,0,0,,0,0CE,"EAST TABOR AV","DOVER AV",355.00,W,N,A,-,N,,,,,,,,,,Y,2,0,1,2,A,-,00,23153,E,N,A,G,A,A,H,-,C,A,0,,Y,,,Y,,D,72,1,0,0,0,0,0,1,0,0,"- ","- ",38.265410000000003,-122.02473999999999,SOLANO,FAIRFIELD,-122.0261962,38.265450139999999
7199529,2016,2018-09-26,4807,2016-01-18,0301,586,VALLE,1,5,6,4807,0,0,0,,0,002,"LAUREL ST","BENICIA RD",173.00,S,N,C,-,N,,,,,,,,,,Y,1,1,0,1,A,-,01,23152,B,N,E,I,A,B,H,-,C,D,0,,,,,Y,Y,A,01,0,0,0,0,0,0,0,0,0,"- ","- ",,,SOLANO,VALLEJO,-122.22798518,38.09384884
7199833,2016,2018-09-27,4807,2016-08-11,2307,628,4807,4,5,6,4807,0,0,0,,0,004,"SONOMA BL","CHERRY ST",183.00,S,N,A,-,Y,SOL,4,29,-,-,0.750,H,-,S,Y,1,1,0,2,A,-,10,21954,B,F,G,B,D,A,H,-,C,D,0,Y,,,,Y,Y,-,,0,0,0,1,0,0,0,0,0,"- ","- ",,,SOLANO,VALLEJO,-122.2408386,38.08492889
8008437,2016,2016-05-26,4803,2016-05-03,0703,504,,2,5,5,4803,0,0,0,,0,0CE,"AIR BASE PKWY","NORTH TEXAS ST",837.00,E,N,B,-,N,,,,,,,,,,N,2,0,1,2,A,-,09,21803,A,N,C,G,A,A,H,-,A,A,0,,Y,,,Y,,D,22,1,0,0,0,0,0,1,0,0,"- ","- ",38.272930000000002,-122.03417,SOLANO,FAIRFIELD,-122.03404999999999,38.273069999999997
8021485,2016,2016-05-03,4803,2016-03-23,1429,476,,3,5,5,4803,0,0,0,,0,00E,"GULF DR","LARGO CT",0.00,,Y,A,-,N,,,,,,,,,,Y,2,0,1,2,A,-,09,21800,B,N,D,C,A,A,H,-,A,D,0,,,Y,,Y,,D,22,1,0,0,0,0,0,0,0,1,"- ","- ",38.277749999999997,-122.02095,SOLANO,FAIRFIELD,-122.02068,38.277749970000002
8026482,2016,2016-04-29,4803,2016-03-08,2004,1276,4803,2,5,5,4803,0,0,0,,0,0CE,"PENNSYLVANIA AV","GATEWAY BL",0.00,,Y,A,-,N,,,,,,,,,,Y,2,0,1,2,A,-,01,23152,A,N,B,C,A,A,D,-,C,D,0,,,Y,Y,Y,Y,C,02,1,0,0,0,0,0,0,0,1,"- ","- ",38.262410000000003,-122.04980999999999,SOLANO,FAIRFIELD,-122.05004986,38.262540000000001
8026502,2016,2016-10-11,4807,2016-03-11,1433,628,4807,5,5,6,4807,0,0,0,,0,004,"SHERIDAN ST","CHERRY ST",0.00,,Y,B,C,N,,,,,,,,,,Y,2,0,1,2,A,-,09,21802,A,N,D,C,A,B,H,-,-,A,0,,,,,Y,,-,,1,0,0,0,0,0,0,0,0,"- ","- ",,,SOLANO,VALLEJO,-122.23846992999999,38.086559889999997
8027592,2016,2016-04-26,4807,2016-04-01,1218,599,4807,5,5,6,4807,0,0,0,,0,002,"GEORGIA ST","MAPLE AV",0.00,W,N,A,-,N,,,,,,,,,,N,2,0,1,3,A,-,03,22350,,M,C,C,A,A,H,-,A,A,0,,,,,Y,,-,,1,0,0,0,0,0,0,0,0,"- ","- ",,,SOLANO,VALLEJO,-122.2207399,38.099819930000002
8030507,2016,2016-05-03,4807,2016-04-17,1500,655,VALLE,7,5,6,4807,0,0,0,,0,004,"9TH ST","GORDON ST",0.00,,Y,A,-,N,,,,,,,,,,N,2,0,1,1,A,-,03,22350,,N,H,J,A,A,H,-,A,A,0,,,,,Y,,A,01,1,0,0,0,0,0,0,0,0,"- ","- ",,,SOLANO,VALLEJO,-122.24039986,38.098589910000001
8036750,2016,2016-05-11,4806,2016-04-16,1843,672,,6,5,5,4806,0,0,0,,0,,"MARNA DR","MARNA DR 131",0.00,,Y,A,-,N,,,,,,,,,,N,2,0,1,2,A,-,08,22107,,F,B,C,A,A,H,-,A,D,0,,,,,Y,,A,01,1,0,0,0,0,0,0,0,0,"- ","- ",,,SOLANO,VACAVILLE,-121.96294069,38.334224050000003
8037829,2016,2016-05-11,4806,2016-04-04,1114,603,,1,5,5,4806,0,0,0,,0,,"ULATIS DR","ARCADIA DR",0.00,,Y,A,-,N,,,,,,,,,,Y,2,0,1,2,A,-,09,21801,A,N,D,C,A,A,H,-,A,A,0,,,Y,,Y,,A,01,1,0,0,0,0,0,0,0,1,"- ","- ",,,SOLANO,VACAVILLE,-121.95513998,38.357399899999997
8038952,2016,2016-05-13,4807,2016-03-18,2003,651,VALLE,5,5,6,4807,0,0,0,,0,007,"BROADWAY ST","TUOLUMNE ST",195.00,N,N,A,-,N,,,,,,,,,,Y,2,0,4,3,A,-,09,21804,,N,D,C,A,A,H,-,C,D,0,,,,,Y,,-,,1,0,3,0,0,0,0,0,0,"- ","- ",,,SOLANO,VALLEJO,-122.25234159999999,38.136845600000001
8042715,2016,2016-05-18,4807,2016-04-23,1958,693,VPD,6,5,6,4807,0,0,0,,0,001,"SPRINGS RD","SHERMAN ST",67.00,W,N,A,-,N,,,,,,,,,,Y,2,0,2,2,A,-,05,21460,A,N,D,C,A,A,H,-,A,A,0,,,,,Y,,A,01,1,1,0,0,0,0,0,0,0,"- ","- ",,,SOLANO,VALLEJO,-122.21923292,38.106020000000001
8045501,2016,2016-05-23,4801,2016-01-16,1330,3834,4801,6,5,4,4801,0,0,0,,0,002,"RIVERHILL DR","BAYVIEW CIR",0.00,,Y,B,C,N,,,,,,,,,,N,2,0,1,1,A,-,03,22350,,N,F,A,A,B,H,-,A,D,0,,Y,,,Y,,L,04,1,0,0,0,0,0,1,0,0,"- ","- ",,,SOLANO,BENICIA,-122.15236998,38.057529889999998
8053148,2016,2016-06-13,4807,2016-05-10,1812,690,VALLE,2,5,6,4807,0,0,0,,0,007,"REDWOOD PKWY","CAMINO ALTO",25.00,E,N,A,-,N,,,,,,,,,,Y,2,0,1,2,A,-,08,22103,,N,D,C,A,A,H,-,A,A,0,,,,,Y,,-,,1,0,0,0,0,0,0,0,0,"- ","- ",,,SOLANO,VALLEJO,-122.24529471,38.12314327
8053279,2016,2017-02-18,4807,2016-04-06,1253,537,VALLE,3,5,6,4807,0,0,0,,0,004,"RT 29","CHESTNUT ST",9.00,N,N,A,-,Y,SOL,4,29,-,-,1.240,H,-,N,N,2,0,2,3,A,-,08,22107,,N,A,G,A,A,H,-,A,D,0,,Y,,,Y,,A,,2,0,0,0,0,0,2,0,0,"- ","- ",,,SOLANO,VALLEJO,-122.24618503000001,38.090750079999999
8054428,2016,2016-06-15,4807,2016-05-08,2042,693,VPD,7,5,6,4807,0,0,0,,0,005,"ALAMEDA ST","CAPITOL ST",28.00,S,N,A,-,N,,,,,,,,,,N,2,0,1,2,A,-,10,21950,A,N,G,B,B,A,H,-,C,D,0,Y,,,,Y,,A,01,1,0,0,0,1,0,0,0,0,"- ","- ",38.101999999999997,-122.248,SOLANO,VALLEJO,-122.24822150999999,38.102903089999998
8056141,2016,2016-06-17,4807,2016-05-18,1422,693,VPD,3,5,6,4807,0,0,0,,0,001,"HIDDENBROOKE PKWY","BENNINGTON DR",500.00,W,N,A,-,N,,,,,,,,,,N,2,0,1,1,A,-,03,22350,,N,E,I,A,A,H,-,A,D,0,,,,,Y,,A,01,1,0,0,0,0,0,0,0,0,"- ","- ",,,SOLANO,VALLEJO,-122.18614741,38.159315800000002
8056185,2016,2016-06-09,4803,2016-05-19,2153,504,,4,5,5,4803,0,0,0,,0,SOUTH,"WEBSTER ST","ILLINOIS ST",0.00,,Y,B,-,N,,,,,,,,,,Y,2,0,1,2,A,-,03,22350,,N,G,B,E,A,H,-,C,D,0,Y,,,,Y,,A,01,1,0,0,0,1,0,0,0,0,"- ","- ",38.243690000000001,-122.04327000000001,SOLANO,FAIRFIELD,-122.04324991999999,38.243669959999998
8059881,2016,2016-06-16,4807,2016-03-07,0330,687,VALLE,1,5,6,4807,0,0,0,,0,008,"MEADOWS DR","MOKELUMNE DR",174.00,W,N,A,-,N,,,,,,,,,,Y,2,0,1,1,A,-,08,22107,,N,E,J,A,B,H,-,C,D,0,,,,,Y,,-,,1,0,0,0,0,0,0,0,0,"- ","- ",,,SOLANO,VALLEJO,-122.26975392999999,38.148427689999998
8075152,2016,2017-04-11,4805,2016-07-09,0456,5L72,4805,6,5,4,4805,0,0,0,,0,002,"SUNSET AV","RAILROAD AV S",56.00,S,N,A,-,N,,,,,,,,,,Y,1,1,0,2,A,-,01,23152,A,F,G,G,A,A,H,-,C,A,0,,Y,,,Y,Y,A,01,0,0,0,0,0,1,0,0,0,"- ","- ",38.253880000000002,-122.01985000000001,SOLANO,"SUISUN CITY",-122.01995225,38.253736230000001
8076501,2016,2016-07-11,4803,2016-06-19,1438,1215,,7,5,5,4803,0,0,0,,0,0CO,"LOPES RD","SILVER CREEK RD",450.00,N,N,A,-,N,,,,,,,,,,Y,2,0,2,2,A,-,01,23152,F,N,A,C,A,A,H,-,A,D,0,,,,,Y,,A,01,1,1,0,0,0,0,0,0,0,"- ","- ",38.19021,-122.1383,SOLANO,FAIRFIELD,-122.1383,38.191433289999999
8077892,2016,2016-07-12,4806,2016-06-15,1456,596,418,3,5,5,4806,0,0,0,,0,,"NUT TREE RD","ELMIRA RD",350.00,N,N,A,-,N,,,,,,,,,,N,2,0,1,2,A,-,10,21950,A,N,G,B,C,A,H,-,A,A,0,Y,,,,Y,,A,01,1,0,0,0,1,0,0,0,0,"- ","- ",,,SOLANO,VACAVILLE,-121.95322963,38.35278134