CASE_ID,ACCIDENT_YEAR,PROC_DATE,JURIS,COLLISION_DATE,COLLISION_TIME,OFFICER_ID,REPORTING_DISTRICT,DAY_OF_WEEK,CHP_SHIFT,POPULATION,CNTY_CITY_LOC,SPECIAL_COND,BEAT_TYPE,CHP_BEAT_TYPE,CITY_DIVISION_LAPD,CHP_BEAT_CLASS,BEAT_NUMBER,PRIMARY_RD,SECONDARY_RD,DISTANCE,DIRECTION,INTERSECTION,WEATHER_1,WEATHER_2,STATE_HWY_IND,CALTRANS_COUNTY,CALTRANS_DISTRICT,STATE_ROUTE,ROUTE_SUFFIX,POSTMILE_PREFIX,POSTMILE,LOCATION_TYPE,RAMP_INTERSECTION,SIDE_OF_HWY,TOW_AWAY,COLLISION_SEVERITY,NUMBER_KILLED,NUMBER_INJURED,PARTY_COUNT,PRIMARY_COLL_FACTOR,PCF_CODE_OF_VIOL,PCF_VIOL_CATEGORY,PCF_VIOLATION,PCF_VIOL_SUBSECTION,HIT_AND_RUN,TYPE_OF_COLLISION,MVIW,PED_ACTION,ROAD_SURFACE,ROAD_COND_1,ROAD_COND_2,LIGHTING,CONTROL_DEVICE,CHP_ROAD_TYPE,PEDESTRIAN_ACCIDENT,BICYCLE_ACCIDENT,MOTORCYCLE_ACCIDENT,TRUCK_ACCIDENT,NOT_PRIVATE_PROPERTY,ALCOHOL_INVOLVED,STWD_VEHTYPE_AT_FAULT,CHP_VEHTYPE_AT_FAULT,COUNT_SEVERE_INJ,COUNT_VISIBLE_INJ,COUNT_COMPLAINT_PAIN,COUNT_PED_KILLED,COUNT_PED_INJURED,COUNT_BICYCLIST_KILLED,COUNT_BICYCLIST_INJURED,COUNT_MC_KILLED,COUNT_MC_INJURED,PRIMARY_RAMP,SECONDARY_RAMP,LATITUDE,LONGITUDE,COUNTY,CITY,POINT_X,POINT_Y
8085793,2016,2016-07-26,4806,2016-07-13,2021,593,205,3,5,5,4806,0,0,0,,0,002,"ALLISON DR","BROWNS VALLEY PKWY",0.00,,Y,A,-,N,,,,,,,,,,Y,2,0,1,1,A,-,03,22350,,N,E,I,A,A,H,-,B,A,0,,,,,Y,,A,01,1,0,0,0,0,0,0,0,0,"- ","- ",,,SOLANO,VACAVILLE,-121.97089994,38.369459910000003
8105884,2016,2016-08-31,4803,2016-08-13,1857,1506,,6,5,5,4803,0,0,0,,0,00S,"RT 12","PENNSYLVANIA AV",2498.00,E,N,A,-,N,,,12,,,,,,,Y,2,0,1,2,A,-,03,22350,,N,C,C,A,A,H,-,A,A,0,,,,,Y,,D,22,1,0,0,0,0,0,0,0,0,"- ","- ",38.241399999999999,-122.0504,SOLANO,FAIRFIELD,-122.05039077000001,38.241327210000001
8106283,2016,2016-08-29,4803,2016-07-15,1835,1506,,5,5,5,4803,0,0,0,,0,00E,"CEMENT HILL RD","PEPPERTREE DR",0.00,,Y,A,-,N,,,,,,,,,,N,2,0,1,2,A,-,12,22450,A,N,D,C,A,A,H,-,A,A,0,,,,,Y,,A,01,1,0,0,0,0,0,0,0,0,"- ","- ",,,SOLANO,FAIRFIELD,-122.01598991,38.279809960000001
8106307,2016,2016-08-29,4807,2016-07-01,1936,651,VALLE,5,5,6,4807,0,0,0,,0,005,"BROADWAY ST","NEBRASKA ST",200.00,S,N,A,-,N,,,,,,,,,,N,2,0,1,2,A,-,03,22350,,F,C,C,A,A,H,-,B,D,0,,,,,Y,Y,-,,1,0,0,0,0,0,0,0,0,"- ","- ",,,SOLANO,VALLEJO,-122.24853356,38.113110720000002
8126402,2016,2016-09-23,4807,2016-08-30,1630,600,4807,2,5,6,4807,0,0,0,,0,002,"SPRINGS RD","HEARTWOOD AV",50.00,W,N,A,-,N,,,,,,,,,,Y,2,0,2,3,A,-,08,22107,,N,A,C,A,A,H,-,A,D,0,,,Y,,Y,,D,22,1,0,1,0,0,0,0,0,1,"- ","- ",,,SOLANO,VALLEJO,-122.21157382,38.105980000000002
81367054,2020,2020-12-15,4803,2020-11-24,1530,1729,,2,5,5,4803,0,0,0,,0,,"NORTH TEXAS STREET","ACACIA STREET",0.00,E,Y,A,-,Y,,,,,,,,,,Y,2,0,1,2,A,-,10,21950,A,N,G,B,B,A,H,-,A,A,0,Y,,,,Y,,A,01,1,0,0,0,1,0,0,0,0,"- ","- ",38.264228820800781,-122.03408050537109,SOLANO,FAIRFIELD,-122.03420257568359,38.264240264892578
81367080,2020,2020-12-15,4803,2020-12-04,0953,1691,,5,5,5,4803,0,0,0,,0,0CE,"NORTH TEXAS STREET","PACIFIC AVENUE",318.00,S,N,A,-,N,,,,,,,,,,N,2,0,1,2,A,-,09,21804,A,N,D,G,A,A,H,-,A,D,0,,Y,,,Y,,A,01,1,0,0,0,0,0,1,0,0,"- ","- ",38.268928527832031,-122.03414916992188,SOLANO,FAIRFIELD,-122.0341796875,38.267974853515625
81367098,2020,2020-12-15,4803,2020-12-11,2116,1594,,5,5,5,4803,0,0,0,,0,00E,"QUAIL DRIVE","FREMONT COURT",57.00,E,N,C,-,N,,,,,,,,,,Y,2,0,1,2,A,-,03,22350,,F,G,B,D,B,H,-,C,D,0,Y,,,,Y,,A,01,1,0,0,0,1,0,0,0,0,"- ","- ",38.271900177001953,-122.00070190429688,SOLANO,FAIRFIELD,-122.00043487548828,38.271945953369141
8136993,2016,2016-10-10,4803,2016-09-19,0751,1524,,1,5,5,4803,0,0,0,,0,SOUTH,"TEXAS ST","GREAT JONES ST",0.00,,Y,A,-,N,,,,,,,,,,N,2,0,1,2,A,-,11,21950,B,N,G,B,B,A,H,-,A,A,0,Y,,,,Y,,N,60,1,0,0,0,1,0,0,0,0,"- ","- ",38.24926,-122.04839,SOLANO,FAIRFIELD,-122.04853998,38.249249919999997
81377485,2020,2020-12-30,4803,2020-12-18,1757,1729,,5,5,5,4803,0,0,0,,0,,"FERMI DRIVE","LOPES ROAD",771.00,W,N,A,-,N,,,,,,,,,,N,2,0,1,2,A,-,11,21954,A,N,G,B,D,A,H,-,C,D,0,Y,,,Y,Y,,N,60,1,0,0,0,1,0,0,0,0,"- ","- ",38.203739166259766,-122.13852691650391,SOLANO,FAIRFIELD,-122.14081573486328,38.202976226806641
81417429,2021,2021-03-01,4803,2021-02-22,2320,1725,,1,5,5,4803,0,0,0,,0,0CE,"NORTH TEXAS STREET","HAWTHORN DRIVE",600.00,S,N,A,-,N,,,,,,,,,,Y,2,0,1,2,A,-,11,21954,A,N,G,B,D,A,H,-,C,D,0,Y,,,,Y,,N,60,1,0,0,0,1,0,0,0,0,"- ","- ",38.280029296875,-122.03414916992188,SOLANO,FAIRFIELD,-122.03418731689453,38.278331756591797
81420271,2021,2021-03-04,4803,2021-03-02,2135,1638,,2,5,5,4803,0,0,0,,0,00E,"GRANDE CIRCLE","EAST TABOR AVENUE (E)",1056.00,S,N,A,-,N,,,,,,,,,,N,2,0,1,3,A,-,01,23152,A,N,C,E,A,A,H,-,C,D,0,,,Y,,Y,Y,C,03,1,0,0,0,0,0,0,0,1,"- ","- ",38.265178680419922,-122.00906372070312,SOLANO,FAIRFIELD,-122.01163482666016,38.262504577636719
81464765,2021,2021-05-04,4803,2021-04-30,1742,976,,5,5,5,4803,0,0,0,,0,00E,"VANDEN ROAD","LAKE TRAIL",500.00,N,N,A,-,N,,,,,,,,,,Y,2,0,1,1,A,-,03,22350,,N,E,I,A,A,H,-,A,D,0,,,,,Y,,A,01,1,0,0,0,0,0,0,0,0,"- ","- ",38.300838470458984,-121.95211029052734,SOLANO,FAIRFIELD,-121.95113600000001,38.298959000000004
8146990,2016,2016-10-14,4807,2016-08-17,2105,558,VALLE,3,5,6,4807,0,0,0,,0,001,"TURNER PKWY","ADMIRAL CALLAGHAN",6.00,E,N,A,-,N,,,,,,,,,,N,2,0,1,2,D,-,00,,,N,-,B,-,A,H,-,C,A,0,Y,,,,Y,,-,"- ",1,0,0,0,1,0,0,0,0,"- ","- ",,,SOLANO,VALLEJO,-122.22502707,38.130717070000003
81482523,2021,2021-05-27,4803,2021-05-21,1945,976,,5,5,5,4803,0,0,0,,0,0CE,"SANTA BARBARA WAY","SANTA BARBARA COURT",57.00,E,N,A,-,N,,,,,,,,,,N,2,0,1,3,A,-,11,21954,A,F,G,B,D,A,H,-,B,D,0,Y,,,,Y,,N,60,1,0,0,0,1,0,0,0,0,"- ","- ",38.267829895019531,-122.03074645996094,SOLANO,FAIRFIELD,-122.03050231933594,38.267803192138672
8148912,2016,2016-10-20,4803,2016-10-10,1012,476,,1,5,5,4803,0,0,0,,0,00E,"HORIZON DR","CLAY BANK RD",1105.00,W,N,A,-,N,,,,,,,,,,Y,2,0,1,2,A,-,03,22350,,N,C,E,A,A,H,-,A,D,0,,,Y,,Y,,C,02,1,0,0,0,0,0,0,0,1,"- ","- ",38.276060000000001,-122.00784,SOLANO,FAIRFIELD,-122.01036697000001,38.275998010000002
81497908,2021,2021-06-16,4803,2021-06-02,1423,1584,SOLAN,3,5,5,4803,0,0,0,,0,00S,"TRAVIS BOULEVARD","SECOND STREET",657.00,W,N,A,-,N,,,,,,,,,,Y,2,0,1,2,A,-,08,22100,5,N,D,C,A,A,H,-,A,A,0,,,,,Y,,A,01,1,0,0,0,0,0,0,0,0,"- ","- ",38.258148193359375,-122.05677795410156,SOLANO,FAIRFIELD,-122.05906677246094,38.257976531982422
81505281,2021,2021-06-24,4807,2021-01-01,1435,#705,VALLE,5,5,6,4807,0,0,0,,0,001,"REDWOOD PKWY","FOOTHILL DR",472.00,W,N,A,-,N,,,,,,,,,,Y,1,1,0,1,A,-,03,22350,,N,E,I,A,A,H,-,A,D,0,,,Y,,Y,,C,02,0,0,0,0,0,0,0,1,0,"- ","- ",38.122398376464844,-122.21871185302734,SOLANO,VALLEJO,-122.22032928466797,38.122264862060547
81505298,2021,2021-06-24,4807,2021-01-05,1710,#662,VALLE,2,5,6,4807,0,0,0,,0,005,"TENNESSEE ST","VENTURA ST",0.00,,Y,A,-,N,,,,,,,,,,Y,2,0,1,2,A,-,09,21801,A,N,D,C,A,A,H,-,A,D,0,,,Y,,Y,,D,22,1,0,0,0,0,0,0,0,1,"- ","- ",38.109771728515625,-122.23931121826172,SOLANO,VALLEJO,-122.23924255371094,38.109771728515625
81505304,2021,2021-06-24,4807,2021-02-12,0130,#735,VALLE,5,5,6,4807,0,0,0,,0,006,"VALLE VISTA AV","SACRAMENTO ST",514.00,E,N,A,-,N,,,,,,,,,,Y,2,0,2,2,A,-,09,21801,A,F,D,C,A,B,H,-,C,D,0,,,,,Y,,A,01,1,1,0,0,0,0,0,0,0,"- ","- ",38.119461059570312,-122.25997924804688,SOLANO,VALLEJO,-122.25835418701172,38.119873046875
81505397,2021,2021-06-24,4807,2021-03-12,2155,#742,VALLE,5,5,6,4807,0,0,0,,0,007,"SONOMA BL","LEWIS BROWN DR",543.00,N,N,A,-,Y,,,29,,,,,,,N,2,0,1,2,A,-,11,21954,A,N,G,B,D,A,H,-,C,D,0,Y,,,,Y,Y,N,60,1,0,0,0,1,0,0,0,0,"- ","- ",38.137428283691406,-122.25627136230469,SOLANO,VALLEJO,-122.25621032714844,38.137428283691406
81505416,2021,2021-06-24,4807,2021-01-10,0521,#721,VALLE,7,5,6,4807,0,0,0,,0,008,"MEADOWS DR","EBBETTS PASS RD",0.00,,Y,A,-,N,,,,,,,,,,N,2,0,1,2,A,-,10,21950,A,F,G,B,D,A,H,-,C,D,0,Y,,,,Y,,A,01,1,0,0,0,1,0,0,0,0,"- ","- ",38.147048950195312,-122.25624084472656,SOLANO,VALLEJO,-122.25623321533203,38.146976470947266
81505443,2021,2021-06-24,4807,2021-04-02,0609,#731,VALLE,5,5,6,4807,0,0,0,,0,007,"TUOLUMNE ST","PHOENIX CIR",75.00,E,N,A,-,N,,,,,,,,,,Y,2,0,1,1,A,-,08,22107,,N,E,I,A,A,H,-,B,D,0,,,,,Y,,A,07,1,0,0,0,0,0,0,0,0,"- ","- ",38.136451721191406,-122.24472808837891,SOLANO,VALLEJO,-122.24444580078125,38.136344909667969
81505445,2021,2021-06-24,4807,2021-04-03,1524,#736,VALLE,6,5,6,4807,0,0,0,,0,005,"GEORGIA ST","AMADOR ST (N)",0.00,,Y,A,-,N,,,,,,,,,,N,2,0,1,2,A,-,12,21453,A,N,H,G,A,A,H,-,A,A,0,,Y,,,Y,,L,04,1,0,0,0,0,0,1,0,0,"- ","- ",38.100929260253906,-122.24342346191406,SOLANO,VALLEJO,-122.24337005615234,38.100933074951172
81505446,2021,2021-06-24,4807,2021-04-02,1954,#676,VALLE,5,5,6,4807,0,0,0,,0,004,"CURTOLA PKWY","LEMON ST",0.00,,Y,-,-,N,,,,,,,,,,N,2,0,2,2,A,-,12,21453,A,N,A,C,A,A,H,-,C,A,0,,,,,Y,,A,01,1,0,1,0,0,0,0,0,0,"- ","- ",38.092689514160156,-122.23490142822266,SOLANO,VALLEJO,-122.23487091064453,38.092708587646484
81505481,2021,2021-06-24,4807,2021-04-15,1016,#678,VALLE,4,5,6,4807,0,0,0,,0,008,"MINI DR","STANFORD DR",0.00,,Y,A,-,N,,,,,,,,,,Y,2,0,3,3,A,-,04,21703,,N,C,C,A,A,H,-,A,A,0,,,,,Y,,A,07,1,1,1,0,0,0,0,0,0,"- ","- ",38.1456298828125,-122.24697113037109,SOLANO,VALLEJO,-122.24692535400391,38.145618438720703
81505520,2021,2021-06-24,4807,2021-04-29,2040,#599,VALLE,4,5,6,4807,0,0,0,,0,007,"BROADWAY ST","SERENO DR",735.00,N,N,A,-,N,,,,,,,,,,Y,2,0,1,2,A,-,11,21950,B,N,G,B,D,A,H,-,C,D,0,Y,,,,Y,,N,60,1,0,0,0,1,0,0,0,0,"- ","- ",38.127761840820312,-122.25157928466797,SOLANO,VALLEJO,-122.25204467773438,38.129749298095703
81508377,2021,2021-06-29,4803,2021-06-25,0529,1207,,5,5,5,4803,0,0,0,,0,00S,"CHADBOURNE ROAD","CORDELIA ROAD",108.00,N,N,A,-,N,,,,,,,,,,Y,2,0,1,1,A,-,08,22107,,N,E,I,A,A,H,-,D,D,0,,,,,Y,,A,01,1,0,0,0,0,0,0,0,0,"- ","- ",38.228408813476562,-122.08379364013672,SOLANO,FAIRFIELD,-122.08373260498047,38.228679656982422
81511582,2021,2021-07-02,4803,2021-06-29,1510,1215,,2,5,5,4803,0,0,0,,0,00E,"CEMENT HILL ROAD","DOVER AVENUE",250.00,E,N,A,-,N,,,,,,,,,,N,2,0,1,2,A,-,06,21755,A,F,G,B,E,A,E,-,A,D,0,Y,,,,Y,Y,A,01,1,0,0,0,1,0,0,0,0,"- ","- ",38.279930114746094,-122.02506256103516,SOLANO,FAIRFIELD,-122.02403259277344,38.279861450195312
81511683,2021,2021-07-02,4807,2021-04-23,2330,#705,VALLE,5,5,6,4807,0,0,0,,0,007,"BROADWAY ST","IFLAND WY",87.00,S,N,A,-,N,,,,,,,,,,N,1,1,0,2,A,-,11,21956,,N,G,B,D,A,H,-,C,D,0,Y,,,,Y,Y,N,60,0,0,0,1,0,0,0,0,0,"- ","- ",38.135608673095703,-122.25222015380859,SOLANO,VALLEJO,-122.25234985351562,38.135421752929688
81522555,2021,2021-07-19,4803,2021-07-06,1501,1215,,2,5,5,4803,0,0,0,,0,0CE,"KIDDER AVENUE","SAN JOSE STREET",86.00,N,N,A,-,N,,,,,,,,,,Y,1,1,1,4,A,-,06,21751,,N,B,C,A,A,H,-,A,D,0,,,,,Y,,A,01,0,0,1,0,0,0,0,0,0,"- ","- ",38.261100769042969,-122.03005981445312,SOLANO,FAIRFIELD,-122.03014373779297,38.261356353759766
81531315,2021,2021-07-29,4807,2021-06-19,0118,#714,VALLE,6,5,6,4807,0,0,0,,0,006,"TENNESSEE ST","SONOMA BL",0.00,,Y,A,-,Y,,,,,,,,,,Y,2,0,2,2,A,-,01,23152,A,N,D,C,A,A,H,-,C,A,0,,,,,Y,Y,A,01,2,0,0,0,0,0,0,0,0,"- ","- ",38.109939575195312,-122.25473785400391,SOLANO,VALLEJO,-122.25473022460938,38.1099853515625
81536303,2021,2021-08-04,4807,2021-03-24,1404,#678,VALLE,3,5,6,4807,0,0,0,,0,008,"DONNER PASS RD","BIDWELL WY",0.00,,Y,A,-,N,,,,,,,,,,N,2,0,1,2,A,-,05,21650,1,F,D,G,A,A,H,-,A,D,0,,Y,,,Y,Y,L,04,1,0,0,0,0,0,1,0,0,"- ","- ",38.144508361816406,-122.25798034667969,SOLANO,VALLEJO,-122.25807189941406,38.144527435302734
81539607,2021,2021-08-09,4807,2021-03-04,2246,#635,VALLE,4,5,6,4807,0,0,0,,0,002,"BENICIA RD","CEDAR ST",4.00,W,N,A,-,N,,,,,,,,,,Y,1,1,1,2,A,-,11,21956,,N,G,B,E,A,H,-,C,D,0,Y,,,,Y,,N,60,0,0,1,1,0,0,0,0,0,"- ","- ",38.093738555908203,-122.2252197265625,SOLANO,VALLEJO,-122.22523498535156,38.093704223632812
81540890,2021,2021-08-10,4803,2021-08-07,2143,1739,,6,5,5,4803,0,0,0,,0,00S,"BECK AVENUE","WEST TEXAS STREET",265.00,S,N,A,-,N,,,,,,,,,,N,2,0,1,2,A,-,11,21955,,N,G,B,D,A,H,-,C,D,0,Y,,,,Y,,N,60,1,0,0,0,1,0,0,0,0,"- ","- ",38.249320983886719,-122.06620788574219,SOLANO,FAIRFIELD,-122.06623840332031,38.248550415039062
81544117,2021,2021-08-13,4807,2021-06-24,2120,#646,VALLE,4,5,6,4807,0,0,0,,0,002,"MILLER AV","FLORIDA ST",0.00,,Y,A,-,Y,,,,,,,,,,N,2,0,1,2,A,-,12,22450,A,F,D,C,A,A,H,-,C,A,0,,,,,Y,Y,-,99,1,0,0,0,0,0,0,0,0,"- ","- ",38.104690551757812,-122.22825622558594,SOLANO,VALLEJO,-122.22824859619141,38.104831695556641
81550825,2021,2021-08-23,4807,2021-03-10,2320,#705,VALLE,3,5,6,4807,0,0,0,,0,006,"MARE ISLAND WY","MAINE ST",673.00,S,N,B,C,N,,,,,,,,,,Y,1,1,5,3,A,-,01,23152,A,N,A,C,A,B,H,-,C,D,0,,,,,Y,Y,A,07,0,3,2,0,0,0,0,0,0,"- ","- ",38.098678588867188,-122.26143646240234,SOLANO,VALLEJO,-122.25968933105469,38.097465515136719
81571503,2021,2021-09-16,4803,2021-09-06,0554,1753,,1,5,5,4803,0,0,0,,0,,"AIR BASE PARKWAY WB ONRAMP","DOVER AVENUE",400.00,W,N,A,-,Y,,,,,,,,,,N,2,0,1,2,C,-,18,,,N,G,B,E,A,H,-,B,D,0,Y,,,,Y,,-,"- ",1,0,0,0,1,0,0,0,0,"- ","- ",38.274131774902344,-122.02484130859375,SOLANO,FAIRFIELD,-122.02631378173828,38.272735595703125
81577289,2021,2021-09-23,4803,2021-09-06,0555,1501,,1,5,5,4803,0,0,0,,0,0CE,"AIR BASE PARKWAY","DOVER AVENUE",700.00,W,N,A,-,Y,,,,,,,,,,N,2,0,1,2,C,-,18,,,N,G,B,E,A,H,-,B,D,0,Y,,,,Y,,-,"- ",1,0,0,0,1,0,0,0,0,"- ","- ",38.272830963134766,-122.02507781982422,SOLANO,FAIRFIELD,-122.02735900878906,38.272747039794922
81597087,2021,2021-10-15,4803,2021-10-13,1423,476,,3,5,5,4803,0,0,0,,0,0CE,"NORTH TEXAS STREET","EAST TRAVIS BOULEVARD",495.00,N,N,B,-,N,,,,,,,,,,N,2,0,1,2,A,-,10,21954,B,F,G,B,D,A,H,-,A,D,0,Y,,,,Y,,D,23,1,0,0,0,1,0,0,0,0,"- ","- ",38.25823974609375,-122.03411865234375,SOLANO,FAIRFIELD,-122.03419494628906,38.259609222412109
81615390,2021,2021-11-04,4803,2021-10-19,1855,1663,,2,5,5,4803,0,0,0,,0,0CE,"NORTH TEXAS STREET","WISCONSIN STREET",66.00,N,N,A,-,N,,,,,,,,,,Y,1,1,1,2,A,-,01,23152,A,F,H,G,A,A,H,-,C,D,0,,Y,,,Y,Y,A,07,0,1,0,0,0,1,0,0,0,"- ","- ",38.260021209716797,-122.03411102294922,SOLANO,FAIRFIELD,-122.03422546386719,38.260219573974609
81637634,2021,2021-11-30,4803,2021-11-26,1918,1725,,5,5,5,4803,0,0,0,,0,00E,"AIR BASE PARKWAY","DOVER AVENUE",0.00,,Y,A,-,N,,,,,,,,,,Y,2,0,1,2,A,-,12,21453,A,F,D,C,A,A,H,-,C,A,0,,,,,Y,,A,07,1,0,0,0,0,0,0,0,0,"- ","- ",38.272830963134766,-122.02507781982422,SOLANO,FAIRFIELD,-122.02491760253906,38.272716522216797
81649472,2021,2021-12-13,4807,2021-10-31,0432,#713,VALLE,7,5,6,4807,0,0,0,,0,008,"MINI DR","CORCORAN AV",450.00,S,N,C,-,N,,,,,,,,,,Y,2,0,1,1,A,-,08,22107,,N,E,I,A,B,H,-,C,D,0,,,,Y,Y,,F,26,1,0,0,0,0,0,0,0,0,"- ","- ",38.150398254394531,-122.24594116210938,SOLANO,VALLEJO,-122.24565887451172,38.149284362792969
8165049,2016,2016-11-14,4807,2016-10-14,2140,672,VALLE,5,5,6,4807,0,0,0,,0,005,"SONOMA BL","NEBRASKA ST",90.00,S,N,B,-,N,,,,,,,,,,N,2,0,1,3,A,-,11,21954,A,N,G,B,D,B,H,-,C,D,0,Y,,,,Y,,N,60,1,0,0,0,1,0,0,0,0,"- ","- ",,,SOLANO,VALLEJO,-122.25464466,38.113652799999997
81652322,2021,2021-12-15,4803,2021-11-16,1456,476,,2,5,5,4803,0,0,0,,0,00S,"RT 12","PENNSYLVANIA AVENUE",0.00,,Y,A,-,Y,,,12,,,,,,,Y,1,1,0,2,A,-,03,22350,,N,C,C,A,A,H,-,A,A,0,,,,,Y,,D,22,0,0,0,0,0,0,0,0,0,"- ","- ",38.241401672363281,-122.05039978027344,SOLANO,FAIRFIELD,-122.05039215087891,38.241325378417969
81659701,2021,2021-12-23,4807,2021-10-26,1310,#751,VALLE,2,5,6,4807,0,0,0,,0,002,"BENICIA RD","HOME ACRES AV",800.00,E,N,A,-,N,,,,,,,,,,Y,2,0,2,3,A,-,03,22350,,N,H,E,A,A,H,-,A,D,0,,,,,Y,,A,01,2,0,0,0,0,0,0,0,0,"- ","- ",38.092090606689453,-122.21897888183594,SOLANO,VALLEJO,-122.21626281738281,38.091617584228516
81661703,2021,2021-12-27,4807,2021-11-18,1851,#751,VALLE,4,5,6,4807,0,0,0,,0,006,"WILSON AV","LIGHTHOUSE DR",453.00,S,N,A,-,N,,,,,,,,,,Y,2,0,1,3,A,-,06,21750,,N,B,C,A,A,H,-,C,A,0,,,,,Y,Y,A,01,1,0,0,0,0,0,0,0,0,"- ","- ",38.119899749755859,-122.27510070800781,SOLANO,VALLEJO,-122.27406311035156,38.11895751953125
8166609,2016,2018-09-26,4806,2016-09-28,0731,609,207,3,5,5,4806,0,0,0,,0,002,"WOODCREST DR","ALPINE ST",89.00,E,N,A,-,N,,,,,,,,,,Y,1,1,0,2,A,-,11,21954,A,N,G,B,D,A,H,-,A,D,0,Y,,,,Y,,N,60,0,0,0,1,0,0,0,0,0,"- ","- ",,,SOLANO,VACAVILLE,-121.97880094,38.372296650000003
8167050,2018,2020-05-26,4803,2018-01-14,1654,476,,7,5,5,4803,0,0,0,,0,00S,"RT 12","PENNSYLVANIA AV",29.00,W,N,B,-,Y,SOL,4,12,-,R,4.060,H,-,E,Y,1,1,2,3,A,-,01,23152,B,N,B,C,A,A,H,-,C,A,0,,,Y,,Y,Y,C,02,0,1,1,0,0,0,0,1,1,"- ","- ",38.241401672363281,-122.05039978027344,SOLANO,FAIRFIELD,-122.05079650878906,38.241153717041016
8167079,2018,2018-03-08,4807,2018-01-29,0639,628,4807,1,5,6,4807,0,0,0,,0,002,"SPRINGS RD","OAKWOOD AV",231.00,E,N,A,-,N,,,,,,,,,,Y,1,1,0,2,A,-,11,21954,A,N,G,B,D,A,H,-,C,D,0,Y,,,,Y,Y,N,60,0,0,0,1,0,0,0,0,0,"- ","- ",,,SOLANO,VALLEJO,-122.21693420410156,38.106010437011719
8167136,2017,2019-04-08,4806,2017-12-05,1122,603,,2,5,5,4806,0,0,0,,0,,"ALAMO DR","MARSHALL RD",0.00,,Y,A,-,N,,,,,,,,,,Y,1,1,1,2,A,-,09,21453,C,N,D,C,A,A,H,-,A,A,0,,,,,Y,,A,01,0,0,1,0,0,0,0,0,0,"- ","- ",38.342300000000002,-121.9941,SOLANO,VACAVILLE,-121.99406990999999,38.342299949999997
81671931,2021,2022-01-06,4807,2021-11-19,1014,#730,VALLE,5,5,6,4807,0,0,0,,0,006,"150 FRISBIE ST","SANTA CLARA ST",8.00,E,N,B,-,N,,,,,,,,,,Y,2,0,3,2,A,-,03,22350,,N,E,I,A,A,H,-,A,A,0,,,,Y,Y,Y,F,26,1,1,1,0,0,0,0,0,0,"- ","- ",,,SOLANO,VALLEJO,-122.259521484375,38.117191314697266
81682400,2021,2022-01-21,4807,2021-12-17,1345,#740,VALLE,5,5,6,4807,0,0,0,,0,006,"1260 RAILROAD AVENUE","NIMITZ AVENUE",404.00,E,N,A,-,N,,,,,,,,,,N,2,0,1,1,C,-,18,,,N,E,I,A,A,H,-,A,D,0,,,,,Y,,-,"- ",1,0,0,0,0,0,0,0,0,"- ","- ",38.091350555419922,-122.2645263671875,SOLANO,VALLEJO,,
8168782,2016,2016-11-29,4801,2016-10-01,1604,3948,4801,6,5,4,4801,0,0,0,,0,004,"GOODYEAR RD","LAKE HERMAN RD",200.00,E,N,A,-,N,,,,,,,,,,N,2,0,1,1,A,-,21,22106,,N,E,I,A,A,H,-,A,D,0,,,Y,,Y,,C,02,1,0,0,0,0,0,0,0,1,"- ","- ",,,SOLANO,BENICIA,-122.11034372,38.08569009
81688131,2021,2022-01-28,4807,2021-11-20,0856,#740,VALLE,6,5,6,4807,0,0,0,,0,007,"SONOMA BL","YOLANO DR",288.00,S,N,E,-,N,,,29,,,,,,,Y,2,0,1,2,A,-,03,22350,,N,C,E,A,A,H,-,A,D,0,,,,,Y,,A,07,1,0,0,0,0,0,0,0,0,"- ","- ",38.132419586181641,-122.25614929199219,SOLANO,VALLEJO,-122.25612640380859,38.132419586181641
81698347,2022,2022-02-11,4803,2022-02-02,1740,1563,,3,5,5,4803,0,0,0,,0,0CO,"PITTMAN ROAD","NEITZEL ROAD",187.00,N,N,A,-,N,,,,,,,,,,Y,2,0,1,1,A,-,03,22350,,N,E,I,A,A,H,-,B,D,0,,,Y,,Y,Y,C,02,1,0,0,0,0,0,0,0,1,"- ","- ",38.226371765136719,-122.12970733642578,SOLANO,FAIRFIELD,,
81707319,2022,2022-02-24,4803,2022-02-22,1819,1563,,2,5,5,4803,0,0,0,,0,0CE,"SANTA CRUZ DRIVE","SANTA ANA DRIVE",361.00,W,N,A,-,N,,,,,,,,,,N,2,0,1,2,A,-,03,22350,,F,G,B,E,A,H,-,B,D,0,Y,,,,Y,,A,01,1,0,0,0,1,0,0,0,0,"- ","- ",38.270240783691406,-122.03225708007812,SOLANO,FAIRFIELD,-122.03221893310547,38.270130157470703
81719222,2021,2022-03-10,4803,2021-09-08,0056,1747,FAIRF,3,5,5,4803,0,0,0,,0,00S,"RT 12","PENNSYLVANIA AVE",0.00,,Y,A,-,Y,,,,,,,,,,Y,2,0,2,1,A,-,01,23152,A,N,E,I,A,A,H,-,C,A,0,,,,,Y,Y,D,22,1,0,1,0,0,0,0,0,0,"- ","- ",,,SOLANO,FAIRFIELD,-122.05046081542969,38.241340637207031