CASE_ID,ACCIDENT_YEAR,PROC_DATE,JURIS,COLLISION_DATE,COLLISION_TIME,OFFICER_ID,REPORTING_DISTRICT,DAY_OF_WEEK,CHP_SHIFT,POPULATION,CNTY_CITY_LOC,SPECIAL_COND,BEAT_TYPE,CHP_BEAT_TYPE,CITY_DIVISION_LAPD,CHP_BEAT_CLASS,BEAT_NUMBER,PRIMARY_RD,SECONDARY_RD,DISTANCE,DIRECTION,INTERSECTION,WEATHER_1,WEATHER_2,STATE_HWY_IND,CALTRANS_COUNTY,CALTRANS_DISTRICT,STATE_ROUTE,ROUTE_SUFFIX,POSTMILE_PREFIX,POSTMILE,LOCATION_TYPE,RAMP_INTERSECTION,SIDE_OF_HWY,TOW_AWAY,COLLISION_SEVERITY,NUMBER_KILLED,NUMBER_INJURED,PARTY_COUNT,PRIMARY_COLL_FACTOR,PCF_CODE_OF_VIOL,PCF_VIOL_CATEGORY,PCF_VIOLATION,PCF_VIOL_SUBSECTION,HIT_AND_RUN,TYPE_OF_COLLISION,MVIW,PED_ACTION,ROAD_SURFACE,ROAD_COND_1,ROAD_COND_2,LIGHTING,CONTROL_DEVICE,CHP_ROAD_TYPE,PEDESTRIAN_ACCIDENT,BICYCLE_ACCIDENT,MOTORCYCLE_ACCIDENT,TRUCK_ACCIDENT,NOT_PRIVATE_PROPERTY,ALCOHOL_INVOLVED,STWD_VEHTYPE_AT_FAULT,CHP_VEHTYPE_AT_FAULT,COUNT_SEVERE_INJ,COUNT_VISIBLE_INJ,COUNT_COMPLAINT_PAIN,COUNT_PED_KILLED,COUNT_PED_INJURED,COUNT_BICYCLIST_KILLED,COUNT_BICYCLIST_INJURED,COUNT_MC_KILLED,COUNT_MC_INJURED,PRIMARY_RAMP,SECONDARY_RAMP,LATITUDE,LONGITUDE,COUNTY,CITY,POINT_X,POINT_Y
81723628,2022,2022-03-16,4803,2022-02-20,2256,1728,,7,5,5,4803,0,0,0,,0,,"MARIGOLD DRIVE","NORTH TEXAS STREET",0.00,,Y,A,-,N,,,,,,,,,,N,2,0,1,2,A,-,12,21453,A,N,D,C,A,A,H,-,C,A,0,,,,,Y,,A,01,1,0,0,0,0,0,0,0,0,"- ","- ",38.284191131591797,-122.03427886962891,SOLANO,FAIRFIELD,-122.03414916992188,38.284263610839844
8172609,2016,2016-11-29,4801,2016-09-09,1821,3903,4801,5,5,4,4801,0,0,0,,0,001,"W J ST","W 6TH ST",352.00,W,N,A,-,N,,,,,,,,,,N,2,0,1,1,A,-,03,22350,,N,H,A,A,A,H,-,A,D,0,,,Y,,Y,,C,02,1,0,0,0,0,0,0,0,1,"- ","- ",,,SOLANO,BENICIA,-122.16813251000001,38.057352309999999
81737855,2021,2022-03-31,4807,2021-12-26,1914,#705,VALLE,7,5,6,4807,0,0,0,,0,006,"SONOMA BL","ARKANSAS ST",10.00,S,N,C,-,Y,,,29,,,,,,,Y,1,1,0,2,A,-,10,21950,A,F,G,B,B,B,H,-,C,D,0,Y,,,,Y,,A,01,0,0,0,1,0,0,0,0,0,"- ","- ",38.112911224365234,-122.25467681884766,SOLANO,VALLEJO,-122.25467681884766,38.112911224365234
81743775,2022,2022-04-08,4803,2022-04-01,0800,1764,,5,5,5,4803,0,0,0,,0,00E,"VANDEN ROAD","CANON ROAD",0.00,E,Y,A,-,N,,,,,,,,,,Y,2,0,1,2,A,-,09,21801,A,N,B,C,A,A,H,-,A,D,0,,,Y,,Y,,A,01,1,0,0,0,0,0,0,0,1,"- ","- ",38.3018798828125,-121.94914245605469,SOLANO,FAIRFIELD,-121.94924926757812,38.302028656005859
81747743,2022,2022-04-14,4807,2022-03-11,1043,#752,VALLE,5,5,6,4807,0,0,0,,0,005,"BROADWAY ST","TEXAS ST",50.00,N,N,A,-,N,,,,,,,,,,N,2,0,1,2,A,-,13,22515,A,N,C,E,A,A,H,-,A,A,0,,,,,Y,Y,A,01,1,0,0,0,0,0,0,0,0,"- ","- ",38.1143798828125,-122.24852752685547,SOLANO,VALLEJO,-122.24850463867188,38.114547729492188
81760736,2022,2022-04-29,4807,2022-03-24,2039,#710,VALLE,4,5,6,4807,0,0,0,,0,004,"MAGAZINE ST","SHERIDAN ST",75.00,E,N,A,-,N,,,,,,,,,,N,2,0,1,1,A,-,03,22350,,N,F,A,A,A,H,-,C,D,0,,,Y,,Y,,C,02,1,0,0,0,0,0,0,0,1,"- ","- ",38.08380126953125,-122.23618316650391,SOLANO,VALLEJO,-122.23582458496094,38.084014892578125
81775615,2022,2022-05-19,4807,2022-04-16,2057,#739,VALLE,6,5,6,4807,0,0,0,,0,006,"SONOMA BL","REDWOOD ST",347.00,S,N,A,-,N,,,,,,,,,,N,2,0,1,2,A,-,11,21954,A,N,G,B,E,A,H,-,E,D,0,Y,,,,Y,,N,60,1,0,0,0,1,0,0,0,0,"- ","- ",38.123008728027344,-122.25537109375,SOLANO,VALLEJO,-122.25538635253906,38.123008728027344
81778549,2022,2022-05-24,4803,2022-04-09,1630,1690,,6,5,5,4803,0,0,0,,0,00W,"TICONDEROGA DRIVE","NIAGARA WAY",0.00,,Y,A,-,Y,,,,,,,,,,N,2,0,1,1,A,-,08,22107,,N,H,A,A,A,H,-,A,A,0,,,Y,,Y,,C,02,1,0,0,0,0,0,0,0,1,"- ","- ",38.260398864746094,-122.07248687744141,SOLANO,FAIRFIELD,-122.07252502441406,38.260494232177734
81779611,2022,2022-05-25,4803,2022-05-20,2123,1762,SOLAN,5,5,5,4803,0,0,0,,0,00W,"BECK AVENUE","BOYNTON AVENUE",75.00,N,N,A,-,N,,,,,,,,,,N,2,0,1,2,A,-,11,21954,A,N,G,B,E,A,H,-,D,D,0,Y,,,,Y,,N,60,1,0,0,0,1,0,0,0,0,"- ","- ",38.249900817871094,-122.06616973876953,SOLANO,FAIRFIELD,-122.06620025634766,38.250045776367188
81800633,2022,2022-06-22,4807,2022-04-09,1820,#752,VALLE,6,5,6,4807,0,0,0,,0,005,"REDWOOD ST","TUOLUMNE ST",0.00,,Y,A,-,N,,,,,,,,,,Y,2,0,2,2,A,-,12,21453,A,N,D,C,A,A,H,-,A,A,0,,,,,Y,,A,07,1,0,1,0,0,0,0,0,0,"- ","- ",38.122268676757812,-122.23774719238281,SOLANO,VALLEJO,-122.23777008056641,38.122318267822266
81811835,2022,2022-07-07,4807,2022-06-03,1620,#672,VALLE,5,5,6,4807,0,0,0,,0,001,"COLUMBUS PKWY","LAKE HERMAN RD",880.00,N,N,B,-,N,,,,,,,,,,Y,2,0,2,1,A,-,03,22350,,N,E,I,A,A,H,-,A,D,0,,,,,Y,Y,A,01,1,1,0,0,0,0,0,0,0,"- ","- ",38.115970611572266,-122.19406127929688,SOLANO,VALLEJO,-122.19392395019531,38.11822509765625
81828538,2022,2022-07-29,4803,2022-07-09,2300,1655,,6,5,5,4803,0,0,0,,0,001,"CORDELIA ROAD","O'REHR ROAD",0.00,,Y,A,-,N,,,,,,,,,,N,2,0,2,1,A,-,03,22350,,N,F,A,A,A,H,-,C,D,0,,,,,Y,,A,01,1,0,1,0,0,0,0,0,0,"- ","- ",38.230640411376953,-122.06559753417969,SOLANO,FAIRFIELD,-122.06493377685547,38.230731964111328
81828539,2022,2022-07-29,4803,2022-07-22,1813,1594,,5,5,5,4803,0,0,0,,0,008,"PEABODY ROAD","WATER WORKS LANE",1220.00,S,N,A,-,N,,,,,,,,,,Y,2,0,3,3,C,-,18,,,N,C,C,A,A,H,-,A,D,0,,,,,Y,,-,"- ",2,1,0,0,0,0,0,0,0,"- ","- ",38.299110412597656,-121.96946716308594,SOLANO,FAIRFIELD,-121.96946716308594,38.292758941650391
81844800,2022,2022-08-22,4807,2022-01-07,0406,#654,VALLE,5,5,6,4807,0,0,0,,0,006,"SONOMA BL","SERENO DR",415.00,S,N,C,-,Y,SOL,,29,,,4.032,H,,R,Y,1,1,0,1,C,-,18,,,N,E,I,A,B,H,-,C,D,0,,,,Y,Y,,-,"- ",0,0,0,0,0,0,0,0,0,"- ","- ",38.127590179443359,-122.25570678710938,SOLANO,VALLEJO,-122.2554931640625,38.127601623535156
81847322,2022,2022-08-24,4807,2022-04-24,2248,#635,VALLE,7,5,6,4807,0,0,0,,0,007,"SONOMA BL","YOLANO DR",15.00,N,N,A,-,Y,SOL,,29,,,4.365,H,,R,Y,1,1,0,2,A,-,11,21456,B,N,G,B,D,A,H,-,C,A,0,Y,,,,Y,,N,60,0,0,0,1,0,0,0,0,0,"- ","- ",38.132419586181641,-122.25614929199219,SOLANO,VALLEJO,-122.25591278076172,38.132434844970703
81872800,2022,2022-09-26,4807,2022-05-24,2309,#635,VALLE,2,5,6,4807,0,0,0,,0,005,"FLORIDA ST","ALAMEDA ST",6.00,E,N,A,-,N,,,,,,,,,,Y,1,1,0,2,A,-,10,21950,A,N,G,B,B,A,H,-,C,A,0,Y,,,,Y,,D,22,0,0,0,1,0,0,0,0,0,"- ","- ",38.104961395263672,-122.24822998046875,SOLANO,VALLEJO,-122.24814605712891,38.104938507080078
81873912,2022,2022-09-27,4803,2022-09-16,2048,1739,,5,5,5,4803,0,0,0,,0,005,"NORTH TEXAS STREET","AIR BASE PARKWAY EB ONRAMP",0.00,,Y,A,-,N,,,,,,,,,,Y,2,0,1,1,A,-,08,22107,,N,E,I,A,A,H,-,C,D,0,,,,,Y,,A,01,1,0,0,0,0,0,0,0,0,"- ","- ",38.272480010986328,-122.03417205810547,SOLANO,FAIRFIELD,-122.03423309326172,38.273059844970703
81875051,2022,2022-09-28,4803,2022-09-19,1124,1638,,1,5,5,4803,0,0,0,,0,008,"PEABODY ROAD","CEMENT HILL ROAD",184.00,N,N,A,-,N,,,,,,,,,,Y,2,0,2,2,A,-,03,22350,,N,C,C,A,A,H,-,A,D,0,,,,Y,Y,,F,26,1,0,1,0,0,0,0,0,0,"- ","- ",38.289741516113281,-121.96965789794922,SOLANO,FAIRFIELD,-121.96957397460938,38.287364959716797
81894899,2022,2022-10-20,4807,2022-05-11,2313,#730,VALLE,3,5,6,4807,0,0,0,,0,004,"SONOMA BL","CHESTNUT ST",179.00,N,N,A,-,Y,SOL,,29,,,1.231,H,,R,Y,1,1,2,3,A,-,01,23152,A,N,A,C,A,A,H,-,C,D,0,,,,,Y,Y,A,01,0,0,2,0,0,0,0,0,0,"- ","- ",38.090511322021484,-122.24594116210938,SOLANO,VALLEJO,-122.24595642089844,38.090499877929688
8189504,2016,2017-01-12,4805,2016-10-25,1420,5L68,4806,2,5,4,4805,0,0,0,,0,002,"CANVASBACK DR","CANVASBACK DR 323",0.00,,Y,A,-,N,,,,,,,,,,Y,2,0,2,2,A,-,08,22107,,N,D,C,A,B,H,-,A,D,0,,,,,Y,,A,01,1,0,1,0,0,0,0,0,0,"- ","- ",,,SOLANO,"SUISUN CITY",-122.01738238,38.252792309999997
8190366,2016,2016-12-20,4803,2016-11-23,1917,1506,,3,5,5,4803,0,0,0,,0,,"NORTH TEXAS ST","EMPIRE PL",70.00,S,N,A,-,N,,,,,,,,,,Y,2,0,2,2,A,-,08,22107,,N,A,C,A,A,H,-,C,D,0,,,,,Y,,A,01,1,0,1,0,0,0,0,0,0,"- ","- ",38.25159,-122.03428,SOLANO,FAIRFIELD,-122.03422999999999,38.251317729999997
81908037,2022,2022-11-03,4803,2022-10-29,1304,1786,,6,5,5,4803,0,0,0,,0,001,"LOPES ROAD","EB GREEN VALLEY ROAD OFF RAMP",0.00,,Y,A,-,N,,,,,,,,,,N,2,0,1,1,A,-,08,22107,,N,E,I,A,A,H,-,A,A,0,,,Y,,Y,,C,02,1,0,0,0,0,0,0,0,1,"- ","- ",38.215641021728516,-122.13938140869141,SOLANO,FAIRFIELD,-122.13831329345703,38.214000701904297
8190805,2016,2017-03-03,4807,2016-11-19,0053,600,4807,6,5,6,4807,0,0,0,,0,005,"SONOMA BL","CAPITOL ST",123.00,S,N,B,-,Y,SOL,4,29,-,-,2.310,H,-,S,Y,2,0,2,1,A,-,08,22107,,N,A,I,A,A,H,-,C,D,0,,,,,Y,,A,01,1,1,0,0,0,0,0,0,0,"- ","- ",,,SOLANO,VALLEJO,-122.25491638,38.102712529999998
81910959,2022,2022-11-07,4807,2022-09-16,2056,#747,VALLE,5,5,6,4807,0,0,0,,0,006,"SONOMA BL","FLORIDA ST",0.00,,Y,A,-,Y,SOL,,29,,,2.476,H,,R,N,2,0,1,2,A,-,17,21208,A,N,D,G,A,A,H,-,C,A,0,,Y,,,Y,,L,04,1,0,0,0,0,0,1,0,0,"- ","- ",38.104999542236328,-122.25489044189453,SOLANO,VALLEJO,-122.25485992431641,38.104999542236328
81921293,2022,2023-08-28,4805,2022-09-28,1508,SWO01,1,3,5,4,4805,0,0,0,,0,001,"WHISPERING BAY LN","ALMOND ST",95.10,S,-,A,-,N,,,,,,,,,,N,2,0,1,2,A,-,03,22350,,F,G,B,C,A,H,-,A,D,0,Y,,,,Y,,A,01,1,0,0,0,1,0,0,0,0,"- ","- ",38.240169525146484,-122.03228759765625,SOLANO,"SUISUN CITY",-122.03427886962891,38.240303039550781
81923204,2022,2022-11-21,4805,2022-10-18,0741,KHA01,3,2,5,4,4805,0,0,0,,0,003,"HUMPHREY DR","RAILROAD AVE",0.00,,Y,A,-,N,,,,,,,,,,N,2,0,1,2,A,-,00,20001,A,F,H,C,A,A,H,-,A,D,0,,,,,Y,,A,01,1,0,0,0,0,0,0,0,0,"- ","- ",38.258758544921875,-122.00749206542969,SOLANO,"SUISUN CITY",-122.00715637207031,38.263660430908203
81924816,2022,2022-11-23,4803,2022-11-15,0950,1785,,2,5,5,4803,0,0,0,,0,002,"BECK AVENUE","RT 12",47.00,N,N,A,-,Y,SOL,,12,,R,3.208,H,,L,Y,2,0,1,2,A,-,09,21453,C,N,D,C,A,A,H,-,A,A,0,,,,,Y,,A,01,1,0,0,0,0,0,0,0,0,"- ","- ",38.240478515625,-122.06632232666016,SOLANO,FAIRFIELD,-122.06632232666016,38.24041748046875
81924987,2022,2022-11-23,4807,2022-10-01,2004,#747,VALLE,6,5,6,4807,0,0,0,,0,005,"NEBRASKA ST","SHASTA ST",0.00,,Y,A,-,N,,,,,,,,,,N,2,0,1,2,A,-,10,21950,A,N,G,B,B,A,H,-,C,D,0,Y,,,,Y,,A,01,1,0,0,0,1,0,0,0,0,"- ","- ",38.113208770751953,-122.23464965820312,SOLANO,VALLEJO,-122.23464202880859,38.11328125
8193312,2016,2017-01-12,4801,2016-09-19,1359,3896,,1,5,4,4801,0,0,0,,0,001,"DROLETTE WY","MILITARY WEST",454.00,N,N,A,-,N,,,,,,,,,,Y,2,0,1,4,A,-,03,22350,,N,G,B,-,A,H,-,A,D,0,Y,,,,Y,,A,01,1,0,0,0,1,0,0,0,0,"- ","- ",,,SOLANO,BENICIA,-122.16952834999999,38.062064049999996
81934998,2022,2022-12-06,4805,2022-05-30,1812,EDW01,7,1,5,4,4805,0,0,0,,0,002,"PINTAIL DR","BERING WAY",166.00,E,-,A,-,N,,,,,,,,,,N,2,0,1,2,A,-,03,22350,,N,C,C,A,A,H,-,A,D,0,,,Y,,Y,,C,02,1,0,0,0,0,0,0,0,1,"- ","- ",38.247119903564453,-122.00225067138672,SOLANO,"SUISUN CITY",-122.00247192382812,38.247322082519531
81935068,2022,2022-12-06,4805,2022-06-27,1453,PAR01,9,1,5,4,4805,0,0,0,,0,003,"STATE HWY 12","WALTERS RD.",167.80,W,-,A,-,Y,SOL,,12,,,7.479,H,,R,N,2,0,1,1,A,-,03,22350,,N,F,A,A,A,H,-,A,A,0,,,Y,,Y,,C,02,1,0,0,0,0,0,0,0,1,"- ","- ",38.240268707275391,-121.98964691162109,SOLANO,"SUISUN CITY",-121.98986053466797,38.240108489990234
81935073,2022,2022-12-06,4805,2022-06-18,2230,ABD01,1,6,5,4,4805,0,0,0,,0,001,"HWY 12","CIVIC CENTER BVD",225.00,W,-,A,-,Y,,,,,,,,,,N,2,0,1,4,A,-,08,22107,,N,C,C,A,A,H,-,B,D,0,,,Y,,Y,Y,A,01,1,0,0,0,0,0,0,0,1,"- ","- ",38.238330841064453,-122.03717803955078,SOLANO,"SUISUN CITY",,
81956895,2022,2023-01-02,4803,2022-12-24,1627,1788,SOLAN,6,5,5,4803,0,0,0,,0,003,"BARBOUR DRIVE","HOLIDAY LANE",88.00,E,N,A,-,N,,,,,,,,,,Y,2,0,1,2,A,-,03,22350,,N,B,E,A,A,H,-,A,D,0,,,Y,,Y,,C,02,1,0,0,0,0,0,0,0,1,"- ","- ",38.264270782470703,-122.05866241455078,SOLANO,FAIRFIELD,-122.05831909179688,38.264369964599609
8195900,2016,2017-01-04,4806,2016-10-18,1333,609,101,2,5,5,4806,0,0,0,,0,001,"EAST MONTE VISTA AV","MARKHAM AV",357.00,W,N,A,-,N,,,,,,,,,,Y,2,0,1,2,A,-,09,21801,A,N,D,C,A,A,H,-,A,A,0,,,Y,Y,Y,,F,26,1,0,0,0,0,0,0,0,1,"- ","- ",,,SOLANO,VACAVILLE,-121.98301492,38.358939999999997
81972391,2022,2023-01-20,4803,2022-12-28,1722,1660,,3,5,5,4803,0,0,0,,0,001,"CORDELIA ROAD","O'REHR ROAD",627.00,E,N,A,-,N,,,,,,,,,,Y,1,1,0,2,A,-,01,23152,A,F,C,G,A,A,H,-,B,D,0,,Y,,,Y,Y,D,22,0,0,0,0,0,1,0,0,0,"- ","- ",38.230640411376953,-122.06559753417969,SOLANO,FAIRFIELD,-122.06294250488281,38.231426239013672
81973570,2022,2023-01-23,4807,2022-12-07,0634,#752,VALLE,3,5,6,4807,0,0,0,,0,007,"BROADWAY ST","SERENO DR",40.00,E,N,A,-,N,,,,,,,,,,N,2,0,1,2,A,-,11,21456,A,F,G,B,B,A,H,-,A,A,0,Y,,,,Y,,N,60,1,0,0,0,1,0,0,0,0,"- ","- ",38.127689361572266,-122.25151824951172,SOLANO,VALLEJO,-122.25144958496094,38.127696990966797
81992507,2023,2023-02-13,4807,2023-01-11,"22  ",#653,VALLE,3,5,6,4807,0,0,0,,0,004,"CURTOLA PKWY","LEMON ST",178.00,W,N,C,-,N,,,,,,,,,,Y,2,0,1,1,A,-,08,22107,,N,E,I,A,B,H,-,C,D,0,,,,,Y,,A,01,1,0,0,0,0,0,0,0,0,"- ","- ",38.092689514160156,-122.23490142822266,SOLANO,VALLEJO,-122.23544311523438,38.092887878417969
82001813,2023,2023-02-24,4803,2023-02-22,1825,1751,,3,5,5,4803,0,0,0,,0,005,"MEADOWLARK DRIVE","STARLING WAY",0.00,,Y,A,-,N,,,,,,,,,,N,2,0,1,2,A,-,11,21954,A,N,G,B,D,A,H,-,C,A,0,Y,,,,Y,,N,60,1,0,0,0,1,0,0,0,0,"- ","- ",38.267890930175781,-122.0186767578125,SOLANO,FAIRFIELD,-122.01866149902344,38.2679443359375
82007390,2023,2023-03-02,4803,2023-02-28,1755,1746,,2,5,5,4803,0,0,0,,0,005,"DOVER AVENUE","EAST TABOR AVENUE",1075.00,N,N,A,-,N,,,,,,,,,,N,2,0,1,2,A,-,03,22350,,F,C,G,A,B,H,-,A,D,0,,Y,Y,,Y,Y,C,06,1,0,0,0,0,0,1,0,0,"- ","- ",38.265289306640625,-122.02487945556641,SOLANO,FAIRFIELD,-122.02493286132812,38.26837158203125
82011008,2023,2023-03-07,4803,2023-02-07,2138,1584,SOLAN,2,5,5,4803,0,0,0,,0,004,"SECOND STREET","KANSAS STREET",178.00,S,N,A,-,N,,,,,,,,,,Y,2,0,1,2,A,-,01,23152,A,N,E,I,A,A,H,-,A,D,0,,,,,Y,Y,A,01,1,0,0,0,0,0,0,0,0,"- ","- ",38.255760192871094,-122.05545043945312,SOLANO,FAIRFIELD,-122.05539703369141,38.255329132080078
82020201,2023,2023-03-17,4803,2023-03-08,1824,1730,4803,3,5,5,4803,0,0,0,,0,006,"EAST TABOR AVENUE","DOVER AVENUE",425.00,W,N,A,-,N,,,,,,,,,,N,2,0,2,2,A,-,01,23152,A,F,A,C,A,A,H,-,C,D,0,,,,,Y,Y,A,01,1,0,1,0,0,0,0,0,0,"- ","- ",38.265289306640625,-122.02487945556641,SOLANO,FAIRFIELD,-122.02644348144531,38.265457153320312
82021477,2023,2023-03-20,4803,2023-03-08,1825,1730,4803,3,5,5,4803,0,0,0,,0,008,"EAST TABOR AVENUE","CARDINAL WAY",0.00,,Y,A,-,N,,,,,,,,,,Y,2,0,2,2,A,-,01,23152,A,N,C,C,A,A,H,-,C,D,0,,,,,Y,Y,A,01,1,0,1,0,0,0,0,0,0,"- ","- ",38.265338897705078,-122.02140045166016,SOLANO,FAIRFIELD,-122.02146148681641,38.265388488769531
82042198,2022,2023-04-11,4805,2022-04-26,0345,ARM01,5,2,5,4,4805,0,0,0,,0,002,"HWY 12","EMPEROR DR",100.00,W,-,A,-,Y,SOL,,12,,,7.479,H,,R,N,2,0,2,2,A,-,01,23152,F,N,C,C,A,A,H,-,C,D,0,,,,,Y,,D,23,1,1,0,0,0,0,0,0,0,"- ","- ",38.240268707275391,-121.98964691162109,SOLANO,"SUISUN CITY",-121.98986053466797,38.240108489990234
8205190,2016,2017-03-06,4804,2016-12-09,1951,RV108,273,5,5,2,4804,0,0,0,,0,003,"RT 12","SUMMERSET DR",953.00,E,N,A,-,Y,SOL,4,12,-,-,23.890,H,-,W,Y,2,0,1,4,A,-,03,22350,,N,C,C,A,A,H,-,D,D,0,,,,,Y,,A,01,1,0,0,0,0,0,0,0,0,"- ","- ",,,SOLANO,"RIO VISTA",-121.72163598,38.180394309999997
8205477,2016,2017-01-12,4807,2016-11-23,0628,586,VALLE,3,5,6,4807,0,0,0,,0,006,"MARE ISLAND PKWY","KENTUCKY ST",65.00,N,N,B,-,N,,,,,,,,,,Y,2,0,3,2,A,-,08,22107,,N,F,C,A,B,H,-,B,D,0,,,,,Y,,A,01,3,0,0,0,0,0,0,0,0,"- ","- ",,,SOLANO,VALLEJO,-122.2662,38.106378550000002
82076988,2022,2023-06-05,4807,2022-10-28,1927,#747,VALLE,5,5,6,4807,0,0,0,,0,005,"BROADWAY ST","VALLE VISTA AV",27.00,S,N,A,-,N,,,,,,,,,,Y,1,1,3,3,A,-,09,21800,D,N,B,C,A,A,H,-,E,B,0,,,,,Y,,A,01,0,1,2,0,0,0,0,0,0,"- ","- ",38.119781494140625,-122.24883270263672,SOLANO,VALLEJO,-122.24869537353516,38.119697570800781
82076995,2022,2023-05-25,4807,2022-08-19,0001,#635,VALLE,5,5,6,4807,0,0,0,,0,005,"BROADWAY ST","VALLE VISTA AV",39.00,N,N,A,-,N,,,,,,,,,,Y,1,1,0,2,A,-,11,21956,,N,G,B,E,A,H,-,C,A,0,Y,,,,Y,,N,60,0,0,0,1,0,0,0,0,0,"- ","- ",38.119781494140625,-122.24883270263672,SOLANO,VALLEJO,-122.24873352050781,38.119876861572266
82079827,2023,2023-05-29,4807,2023-04-06,"855 ",#752,VALLE,4,5,6,4807,0,0,0,,0,005,"TUOLUMNE ST","FLORIDA ST",0.00,,Y,A,-,N,,,,,,,,,,N,2,0,1,2,A,-,12,21453,A,N,D,C,A,A,H,-,A,A,0,,,,,Y,,A,01,1,0,0,0,0,0,0,0,0,"- ","- ",38.104728698730469,-122.23829650878906,SOLANO,VALLEJO,-122.23821258544922,38.104812622070312
82079890,2022,2023-05-29,4805,2022-03-24,1551,ZAR01,7,4,5,4,4805,0,0,0,,0,002,"HARLEQUIN WAY","EMPEROR DR",4.00,W,-,A,-,N,,,,,,,,,,Y,2,0,6,2,A,-,09,21801,A,N,A,C,A,A,H,-,A,A,0,,,,,Y,,A,01,2,0,4,0,0,0,0,0,0,"- ","- ",38.243938446044922,-122.00537872314453,SOLANO,"SUISUN CITY",-122.00537109375,38.243919372558594
82080712,2023,2023-05-30,4803,2023-05-24,2126,1769,,3,5,5,4803,0,0,0,,0,004,"WEST TEXAS STREET","FIRST STREET",328.00,W,N,A,-,N,,,,,,,,,,Y,2,0,3,2,A,-,09,21801,A,N,D,C,A,A,H,-,C,D,0,,,,,Y,,A,01,1,2,0,0,0,0,0,0,0,"- ","- ",38.249290466308594,-122.05230712890625,SOLANO,FAIRFIELD,-122.05356597900391,38.249259948730469
82106671,2023,2023-06-30,4803,2023-06-14,2304,1703,4803,3,5,5,4803,0,0,0,,0,008,"AIR BASE PARKWAY","WALTERS ROAD",0.00,,Y,A,-,N,,,,,,,,,,Y,2,0,5,2,A,-,01,23152,A,N,D,C,A,A,H,-,C,A,0,,,,,Y,Y,A,01,4,1,0,0,0,0,0,0,0,"- ","- ",38.271568298339844,-121.98795318603516,SOLANO,FAIRFIELD,-121.98796081542969,38.271511077880859
82107882,2023,2023-07-03,4807,2023-04-29,2109,#739,VALLE,6,5,6,4807,0,0,0,,0,008,"TOBIN DR","KIT CARSON WY",330.00,N,N,A,-,N,,,,,,,,,,N,2,0,1,2,A,-,03,22350,,F,G,B,E,A,H,-,C,D,0,Y,,,,Y,,A,01,1,0,0,0,1,0,0,0,0,"- ","- ",38.141971588134766,-122.26078033447266,SOLANO,VALLEJO,-122.26071929931641,38.142868041992188
82115654,2022,2023-07-18,4807,2022-07-26,2240,#733,VALLE,2,5,6,4807,0,0,0,,0,007,"SONOMA BL","LEWIS BROWN DR",224.00,S,N,A,-,N,,,,,,,,,,N,1,1,0,2,A,-,11,21955,,F,G,B,D,A,H,-,C,D,0,Y,,,,Y,,N,60,0,0,0,1,0,0,0,0,0,"- ","- ",38.137428283691406,-122.25627136230469,SOLANO,VALLEJO,-122.25621032714844,38.137428283691406
82125864,2023,2023-07-26,4803,2023-07-01,1851,1594,,6,5,5,4803,0,0,0,,0,008,"NOONAN LANE","CEMENT HILL ROAD",955.00,N,N,A,-,N,,,,,,,,,,Y,2,0,1,2,A,-,08,22107,,N,B,C,A,A,E,-,A,D,0,,,,,Y,,A,01,1,0,0,0,0,0,0,0,0,"- ","- ",38.290019989013672,-121.97422790527344,SOLANO,FAIRFIELD,-121.97407531738281,38.289653778076172
82139383,2023,2023-08-09,4807,2023-05-09,1601,#757,VALLE,2,5,6,4807,0,0,0,,0,005,"ALAMEDA ST","SPRINGS RD",16.00,E,N,A,-,N,,,,,,,,,,N,2,0,2,3,A,-,08,22107,,N,A,C,A,A,H,-,A,D,0,,,,,Y,,A,01,1,0,1,0,0,0,0,0,0,"- ","- ",38.106239318847656,-122.24825286865234,SOLANO,VALLEJO,-122.24817657470703,38.106246948242188
82140220,2023,2023-08-10,4803,2023-07-28,"534 ",504,,5,5,5,4803,0,0,0,,0,008,"AIR BASE PARKWAY","CLAY BANK ROAD",0.00,,Y,A,-,N,,,,,,,,,,Y,2,0,1,2,A,-,09,21453,C,N,A,C,A,A,H,-,C,A,0,,,,,Y,,A,01,1,0,0,0,0,0,0,0,0,"- ","- ",38.272579193115234,-122.00639343261719,SOLANO,FAIRFIELD,-122.006591796875,38.271816253662109
82147163,2023,2023-08-21,4807,2023-06-08,2042,#765,VALLE,4,5,6,4807,0,0,0,,0,006,"MARE ISLAND WY","GEORGIA ST",50.00,S,N,A,-,N,,,,,,,,,,Y,2,0,2,2,A,-,00,23104,B,N,G,B,D,A,H,-,C,A,0,Y,,Y,,Y,,C,02,2,0,0,0,1,0,0,0,1,"- ","- ",38.10089111328125,-122.26286315917969,SOLANO,VALLEJO,-122.26272583007812,38.100715637207031