CASE_ID,ACCIDENT_YEAR,PROC_DATE,JURIS,COLLISION_DATE,COLLISION_TIME,OFFICER_ID,REPORTING_DISTRICT,DAY_OF_WEEK,CHP_SHIFT,POPULATION,CNTY_CITY_LOC,SPECIAL_COND,BEAT_TYPE,CHP_BEAT_TYPE,CITY_DIVISION_LAPD,CHP_BEAT_CLASS,BEAT_NUMBER,PRIMARY_RD,SECONDARY_RD,DISTANCE,DIRECTION,INTERSECTION,WEATHER_1,WEATHER_2,STATE_HWY_IND,CALTRANS_COUNTY,CALTRANS_DISTRICT,STATE_ROUTE,ROUTE_SUFFIX,POSTMILE_PREFIX,POSTMILE,LOCATION_TYPE,RAMP_INTERSECTION,SIDE_OF_HWY,TOW_AWAY,COLLISION_SEVERITY,NUMBER_KILLED,NUMBER_INJURED,PARTY_COUNT,PRIMARY_COLL_FACTOR,PCF_CODE_OF_VIOL,PCF_VIOL_CATEGORY,PCF_VIOLATION,PCF_VIOL_SUBSECTION,HIT_AND_RUN,TYPE_OF_COLLISION,MVIW,PED_ACTION,ROAD_SURFACE,ROAD_COND_1,ROAD_COND_2,LIGHTING,CONTROL_DEVICE,CHP_ROAD_TYPE,PEDESTRIAN_ACCIDENT,BICYCLE_ACCIDENT,MOTORCYCLE_ACCIDENT,TRUCK_ACCIDENT,NOT_PRIVATE_PROPERTY,ALCOHOL_INVOLVED,STWD_VEHTYPE_AT_FAULT,CHP_VEHTYPE_AT_FAULT,COUNT_SEVERE_INJ,COUNT_VISIBLE_INJ,COUNT_COMPLAINT_PAIN,COUNT_PED_KILLED,COUNT_PED_INJURED,COUNT_BICYCLIST_KILLED,COUNT_BICYCLIST_INJURED,COUNT_MC_KILLED,COUNT_MC_INJURED,PRIMARY_RAMP,SECONDARY_RAMP,LATITUDE,LONGITUDE,COUNTY,CITY,POINT_X,POINT_Y
82147164,2023,2023-08-18,4807,2023-06-28,2055,#765,VALLE,3,5,6,4807,0,0,0,,0,007,"SONOMA BL","SERENO DR",0.00,,Y,A,-,Y,SOL,,29," "," ",4.032,H,,R,Y,2,0,4,2,A,-,12,21453,A,N,D,C,A,A,H,-,B,A,0,,,,,Y,,A,01,1,0,3,0,0,0,0,0,0,"- ","- ",38.127590179443359,-122.25570678710938,SOLANO,VALLEJO,-122.2554931640625,38.127601623535156
82147873,2023,2023-08-21,4803,2023-08-09,1037,1663,,3,5,5,4803,0,0,0,,0,008,"VANDEN ROAD","CANON ROAD",4105.00,N,N,A,-,N,,,,,,,,,,Y,2,0,2,2,A,-,05,21460,A,N,A,C,A,A,H,-,A,D,0,,,,,Y,,A,01,2,0,0,0,0,0,0,0,0,"- ","- ",38.305011749267578,-121.94930267333984,SOLANO,FAIRFIELD,-121.94324493408203,38.312259674072266
82164023,2023,2023-09-13,4803,2023-08-30,2243,1584,SOLAN,3,5,5,4803,0,0,0,,0,006,"TRAVIS BOULEVARD","CLAY STREET",0.00,,Y,A,-,N,,,,,,,,,,Y,1,1,0,2,A,-,01,23152,F,N,G,B,B,A,H,-,C,A,0,Y,,,,Y,,A,01,0,0,0,0,0,0,0,0,0,"- ","- ",38.258228302001953,-122.03795623779297,SOLANO,FAIRFIELD,-122.03797912597656,38.258262634277344
82192851,2023,2023-10-06,4807,2023-08-10,1530,#752,VALLE,4,5,6,4807,0,0,0,,0,002,"ROLLINGWOOD DR","GEORGIA ST",80.00,N,N,A,-,N,,,,,,,,,,Y,2,0,1,2,A,-,03,22350,,N,D,C,A,A,H,-,A,D,0,,,Y,,Y,,C,02,1,0,0,0,0,0,0,0,1,"- ","- ",38.100170135498047,-122.20934295654297,SOLANO,VALLEJO,-122.20931243896484,38.100368499755859
82192856,2023,2023-10-06,4807,2023-08-13,1529,#708,VALLE,7,5,6,4807,0,0,0,,0,001,"ADMIRAL CALLAGHAN LN","PLAZA DR",0.00,,Y,A,-,N,,,,,,,,,,N,2,0,1,2,A,-,12,21453,A,N,D,G,A,A,H,-,A,A,0,,Y,,,Y,,L,04,1,0,0,0,0,0,1,0,0,"- ","- ",38.135509490966797,-122.21785736083984,SOLANO,VALLEJO,-122.21775054931641,38.135395050048828
82193688,2023,2023-10-09,4807,2023-08-24,1748,#653,VALLE,4,5,6,4807,0,0,0,,0,005,"COUCH ST","VALLE VISTA AV",15.00,S,N,A,-,N,,,,,,,,,,N,2,0,1,2,A,-,10,21950,A,F,G,B,B,A,H,-,A,A,0,Y,,,,Y,,A,01,1,0,0,0,1,0,0,0,0,"- ","- ",38.119819641113281,-122.25183868408203,SOLANO,VALLEJO,-122.25180053710938,38.1197509765625
82199624,2023,2023-10-19,4807,2023-08-31,2227,#755,VALLE,4,5,6,4807,0,0,0,,0,002,"GEORGIA ST","STEFFAN ST",0.00,,Y,A,-,N,,,,,,,,,,Y,2,0,1,2,A,-,11,21954,A,N,G,B,D,A,H,-,C,A,0,Y,,,,Y,Y,N,60,1,0,0,0,1,0,0,0,0,"- ","- ",38.100681304931641,-122.22853851318359,SOLANO,VALLEJO,-122.22849273681641,38.100772857666016
82201657,2023,2023-10-18,4803,2023-10-14,1236,504,,6,5,5,4803,0,0,0,,0,008,"SUNSET AVENUE","DANIEL STREET",0.00,,Y,A,-,N,,,,,,,,,,N,2,0,1,2,A,-,12,22450,A,N,D,G,A,A,H,-,A,A,0,,Y,,,Y,,L,04,1,0,0,0,0,0,1,0,0,"- ","- ",38.260009765625,-122.01978302001953,SOLANO,FAIRFIELD,-122.0198974609375,38.259963989257812
82203205,2023,2023-10-19,4807,2023-06-26,2027,#635,VALLE,1,5,6,4807,0,0,0,,0,003,"ALHAMBRA AV","CABRILLO DR (E)",223.00,W,N,A,-,N,,,,,,,,,,Y,1,2,0,2,C,-,18,,,N,A,E,A,A,H,-,B,D,0,,,,,Y,,-,"- ",0,0,0,0,0,0,0,0,0,"- ","- ",38.087718963623047,-122.22283172607422,SOLANO,VALLEJO,-122.22388458251953,38.088027954101562
82207790,2023,2023-10-25,4803,2023-10-20,1921,1531,,5,5,5,4803,0,0,0,,0,008,"EAST TABOR AVENUE","SOLANO AVENUE",0.00,,Y,A,-,N,,,,,,,,,,N,2,0,1,2,A,-,10,21950,A,F,G,B,D,A,H,-,D,D,0,Y,,,,Y,Y,A,01,1,0,0,0,1,0,0,0,0,"- ","- ",38.264778137207031,-121.99299621582031,SOLANO,FAIRFIELD,-121.99307250976562,38.264949798583984
82220962,2023,2023-10-27,4803,2023-10-13,"833 ",1703,,5,5,5,4803,0,0,0,,0,008,"VANDEN ROAD","PEABODY ROAD",0.00,,Y,A,-,N,,,,,,,,,,Y,1,1,0,2,C,-,18,,,N,B,C,A,A,H,-,B,A,0,,,,Y,Y,,-,"- ",0,0,0,0,0,0,0,0,0,"- ","- ",38.289741516113281,-121.96965789794922,SOLANO,FAIRFIELD,-121.96958923339844,38.286865234375
82222451,2023,2023-11-01,4807,2023-06-04,1740,#635,VALLE,7,5,6,4807,0,0,0,,0,005,"NEBRASKA ST","SHASTA ST",120.00,E,N,A,-,N,,,,,,,,,,Y,1,1,0,2,A,-,05,21460,C,N,D,C,A,A,H,-,A,D,0,,,Y,,Y,,C,02,0,0,0,0,0,0,0,1,0,"- ","- ",38.113208770751953,-122.23464965820312,SOLANO,VALLEJO,-122.23422241210938,38.113273620605469
82226927,2023,2023-11-03,4805,2023-10-17,1728,CON01,5,2,5,4,4805,0,0,0,,0,002,"HWY 12","LAWLER RANCH PARKWAY",55.00,E,Y,A,-,Y,SOL,,12," "," ",6.574,H,,R,Y,2,0,5,2,A,-,03,22350,,N,D,C,A,A,H,-,A,A,0,,,,,Y,,A,01,1,2,2,0,0,0,0,0,0,"- ","- ",38.243381500244141,-122.00534820556641,SOLANO,"SUISUN CITY",-122.00534820556641,38.243156433105469
82228212,2023,2023-11-06,4805,2023-10-26,"710 ",EVA01,2,4,5,4,4805,0,0,0,,0,001,"110 RAILROAD AV","N CURBLINE OF 110 RAILROAD",22.00,N,-,A,-,N,,,,,,,,,,Y,2,0,1,3,A,-,06,21750,,N,A,C,A,A,H,-,A,A,0,,,,,Y,,-,35,1,0,0,0,0,0,0,0,0,"- ","- ",38.250320434570312,-122.03082275390625,SOLANO,"SUISUN CITY",-121.97077941894531,38.525066375732422
82244367,2023,2023-11-27,4803,2023-11-11,1310,1655,,6,5,5,4803,0,0,0,,0,003,"ROCKVILLE ROAD","OLIVER ROAD",250.00,W,N,A,-,N,,,,,,,,,,Y,2,0,1,2,A,-,08,22107,,N,D,C,A,A,H,-,A,D,0,,,,,Y,,A,01,1,0,0,0,0,0,0,0,0,"- ","- ",38.249839782714844,-122.07042694091797,SOLANO,FAIRFIELD,-122.07136535644531,38.249885559082031
82250800,2023,2023-12-04,4803,2023-10-07,1810,1728,,6,5,5,4803,0,0,0,,0,,"EAST TABOR AVENUE","MANOR PLACE",50.00,E,N,A,-,N,,,,,,,,,,N,2,0,1,2,A,-,03,22350,,F,H,C,A,A,H,-,A,D,0,,,Y,,Y,Y,-,99,1,0,0,0,0,0,0,0,1,"- ","- ",38.265239715576172,-122.01290893554688,SOLANO,FAIRFIELD,-122.01294708251953,38.265228271484375
82264017,2023,2023-12-18,4803,2023-12-07,1700,1655,,4,5,5,4803,0,0,0,,0,001,"SUISUN PARKWAY","BUSINESS CENTER DRIVE",0.00,,Y,B,-,N,,,,,,,,,,Y,2,0,2,2,A,-,03,22350,,N,D,D,A,B,H,-,D,D,0,,,,,Y,,A,01,1,0,1,0,0,0,0,0,0,"- ","- ",38.231891632080078,-122.11312866210938,SOLANO,FAIRFIELD,-122.11215209960938,38.232433319091797
82264022,2023,2023-12-18,4803,2023-12-11,1526,1761,FAIRF,1,5,5,4803,0,0,0,,0,006,"EAST TABOR AVENUE","NORTH TEXAS STREET",356.00,E,N,A,-,N,,,,,,,,,,Y,2,0,1,2,A,-,08,22107,,F,A,C,A,A,H,-,A,A,0,,,,,Y,,A,01,1,0,0,0,0,0,0,0,0,"- ","- ",38.265388488769531,-122.03411865234375,SOLANO,FAIRFIELD,-122.03295135498047,38.265548706054688
82289960,2023,2024-01-18,4807,2023-11-21,1545,#752,,2,5,6,4807,0,0,0,,0,005,"BROADWAY ST","VALLE VISTA AV",0.00,,Y,A,-,N,,,,,,,,,,N,2,0,1,2,A,-,11,21456,A,N,G,B,B,A,H,-,A,A,0,Y,,,,Y,,N,60,1,0,0,0,1,0,0,0,0,"- ","- ",38.119781494140625,-122.24883270263672,SOLANO,VALLEJO,-122.24871063232422,38.119770050048828
82291318,2023,2024-01-19,4807,2023-11-30,1856,#762,,4,5,6,4807,0,0,0,,0,006,"GEORGIA ST","MARIN ST",5.00,W,N,A,-,N,,,,,,,,,,N,2,0,1,2,A,-,11,21954,A,F,G,B,D,A,H,-,C,A,0,Y,,,,Y,Y,A,01,1,0,0,0,1,0,0,0,0,"- ","- ",38.101070404052734,-122.25666046142578,SOLANO,VALLEJO,-122.25660705566406,38.101108551025391
82291319,2023,2024-01-19,4807,2023-12-01,1932,#744,,5,5,6,4807,0,0,0,,0,007,"TUOLUMNE ST","B W WILLIAMS DR",210.00,E,N,A,-,N,,,,,,,,,,N,2,0,1,1,A,-,08,22107,,N,E,I,A,A,H,-,C,D,0,,,,,Y,,A,01,1,0,0,0,0,0,0,0,0,"- ","- ",38.136459350585938,-122.24932098388672,SOLANO,VALLEJO,-122.24851989746094,38.136474609375
82307922,2023,2024-02-07,4805,2023-12-19,"56  ",CAM03,,2,5,4,4805,0,0,0,,0,001,"RAILROAD AV","BIRCHWOOD CT",144.00,E,-,C,-,N,,,,,,,,,,Y,1,1,0,1,A,-,03,22350,,N,E,I,A,B,H,-,C,D,0,,,,,Y,,A,01,0,0,0,0,0,0,0,0,0,"- ","- ",38.250820159912109,-122.02995300292969,SOLANO,"SUISUN CITY",-122.02951049804688,38.251075744628906
82320994,2024,2024-02-23,4803,2024-01-27,2306,1632,,6,5,5,4803,0,0,0,,0,002,"BECK AVENUE","I 80 EB ONRAMP",315.00,S,N,A,-,N,,,,,,,,,,Y,2,0,1,1,A,-,08,22107,,N,F,A,A,A,H,-,C,D,0,,,Y,,Y,,C,02,1,0,0,0,0,0,0,0,1,"- ","- ",38.251678466796875,-122.06619262695312,SOLANO,FAIRFIELD,-122.06683349609375,38.252700805664062
82333845,2023,2024-03-11,4805,2023-12-19,"30  ",CAM03,,2,5,4,4805,0,0,0,,0,001,"RAILROAD AV","BIRCHWOOD CT",144.00,E,-,C,-,N,,,,,,,,,,Y,1,1,0,1,A,-,03,22350,,N,E,I,A,B,H,-,C,D,0,,,,,Y,,A,01,0,0,0,0,0,0,0,0,0,"- ","- ",38.250820159912109,-122.02995300292969,SOLANO,"SUISUN CITY",-122.02951049804688,38.251075744628906
82338852,2024,2024-03-15,4803,2024-02-25,1840,1765,,7,5,5,4803,0,0,0,,0,005,"NORTH TEXAS STREET","PACIFIC AVENUE",50.00,N,N,A,-,N,,,,,,,,,,N,2,0,1,2,A,-,00,21760,B,F,H,G,A,A,H,-,B,D,0,,Y,,,Y,,-,99,1,0,0,0,0,0,1,0,0,"- ","- ",38.268928527832031,-122.03414916992188,SOLANO,FAIRFIELD,-122.03417205810547,38.268985748291016
82350927,2024,2024-04-01,4803,2024-03-21,"538 ",1780,,4,5,5,4803,0,0,0,,0,005,"DOVER AVENUE","EAST PACIFIC AVENUE",51.00,S,N,A,-,N,,,,,,,,,,N,2,0,1,2,A,-,11,21954,A,N,G,B,D,A,H,-,C,A,0,Y,,,,Y,,N,60,1,0,0,0,1,0,0,0,0,"- ","- ",38.270359039306641,-122.02477264404297,SOLANO,FAIRFIELD,-122.02490997314453,38.270248413085938
82350929,2024,2024-04-01,4803,2024-03-26,1034,1697,,2,5,5,4803,0,0,0,,0,005,"AIR BASE PARKWAY","DOVER AVENUE",823.00,W,N,A,-,N,,,,,,,,,,N,2,0,1,1,A,-,08,22107,,N,E,I,A,A,H,-,A,D,0,,,,,Y,,A,01,1,0,0,0,0,0,0,0,0,"- ","- ",38.272830963134766,-122.02507781982422,SOLANO,FAIRFIELD,-122.02778625488281,38.272754669189453
82362632,2024,2024-04-12,4803,2024-04-08,"927 ",1697,,1,5,5,4803,0,0,0,,0,008,"EAST TABOR AVENUE","WALTERS ROAD",0.00,,Y,A,-,N,,,,,,,,,,N,2,0,2,2,A,-,03,22350,,N,C,C,A,A,H,-,A,A,0,,,,,Y,,A,01,1,0,1,0,0,0,0,0,0,"- ","- ",38.264759063720703,-121.98806762695312,SOLANO,FAIRFIELD,-121.98814392089844,38.264884948730469
82367370,2024,2024-04-18,4807,2024-01-14,"15  ",#760,VALLE,7,5,6,4807,0,0,0,,0,004,"LEMON ST","CURTOLA PKWY",0.00,,Y,A,-,N,,,,,,,,,,N,2,0,1,2,A,-,12,21453,A,N,D,C,A,A,H,-,C,A,0,,,,,Y,,A,01,1,0,0,0,0,0,0,0,0,"- ","- ",38.092689514160156,-122.23490142822266,SOLANO,VALLEJO,-122.23487091064453,38.092708587646484
82369199,2024,2024-04-22,4803,2024-04-13,"145 ",1803,,6,5,5,4803,0,0,0,,0,005,"DOVER AVENUE","SAN LORENZO STREET",14.00,S,N,A,-,N,,,,,,,,,,N,2,0,1,2,A,-,03,22350,,F,G,B,B,A,H,-,C,D,0,Y,,,,Y,Y,-,99,1,0,0,0,1,0,0,0,0,"- ","- ",38.266410827636719,-122.02472686767578,SOLANO,FAIRFIELD,-122.02496337890625,38.266403198242188
82373746,2022,2024-04-25,4807,2022-07-25,2343,#705,,1,5,6,4807,0,0,0,,0,007,"SONOMA BL","LEWIS BROWN DR",224.00,S,N,A,-,N,,,,,,,,,,N,1,1,0,2,A,-,11,21955,,F,G,B,D,A,H,-,C,D,0,Y,,,,Y,,N,60,0,0,0,1,0,0,0,0,0,"- ","- ",38.137428283691406,-122.25627136230469,SOLANO,VALLEJO,-122.25621032714844,38.137428283691406
82385562,2024,2024-05-09,4807,2024-03-24,1855,#760,,7,5,6,4807,0,0,0,,0,002,"BENICIA RD","MAPLE AV",0.00,,Y,A,-,N,,,,,,,,,,Y,2,0,1,1,A,-,08,22107,,N,E,I,A,A,H,-,A,A,0,,,Y,,Y,,C,02,1,0,0,0,0,0,0,0,1,"- ","- ",38.093070983886719,-122.22238922119141,SOLANO,VALLEJO,-122.22235107421875,38.093040466308594
82391014,2024,2024-05-16,4805,2024-05-14,"41  ",ABD01,,2,5,4,4805,0,0,0,,0,001,"HWY 12","MARINA CENTER",0.00,,Y,A,-,Y,SOL,,12," ",R,5.149,H,,R,N,2,0,1,2,A,-,11,21954,A,F,G,B,D,A,H,-,C,D,0,Y,,,,Y,Y,N,60,1,0,0,0,1,0,0,0,0,"- ","- ",38.244480133056641,-122.03156280517578,SOLANO,"SUISUN CITY",-122.03156280517578,38.244476318359375
82392173,2024,2024-05-17,4803,2024-05-12,1921,1822,,7,5,5,4803,0,0,0,,0,005,"AIR BASE PARKWAY","HEATH DRIVE",0.00,,Y,A,-,N,,,,,,,,,,Y,2,0,3,3,A,-,09,21453,C,N,D,C,A,A,H,-,A,A,0,,,,,Y,Y,A,01,1,1,1,0,0,0,0,0,0,"- ","- ",38.273128509521484,-122.04283905029297,SOLANO,FAIRFIELD,-122.04277801513672,38.272571563720703
82398691,2024,2024-05-27,4807,2024-02-02,1111,#672,,5,5,6,4807,0,0,0,,0,004,"CURTOLA PKWY","SOLANO AV",1000.00,E,N,B,-,N,,,,,,,,,,Y,2,0,1,2,A,-,05,21651,A,F,A,C,A,B,H,-,A,D,0,,,,,Y,,A,01,1,0,0,0,0,0,0,0,0,"- ","- ",38.096969604492188,-122.24687957763672,SOLANO,VALLEJO,-122.24421691894531,38.095409393310547
82415483,2024,2024-06-24,4805,2024-05-30,1535,OLS01,,4,5,4,4805,0,0,0,,0,002,"STATE ROUTE 12","SUNSET AVE.",126.00,W,-,A,-,Y,SOL,,12," "," ",5.759,H,,R,Y,2,0,2,5,A,-,01,23152,F,N,C,C,A,A,H,-,A,A,0,,,,,Y,,A,01,1,1,0,0,0,0,0,0,0,"- ","- ",38.2435302734375,-122.02037048339844,SOLANO,"SUISUN CITY",-122.02037048339844,38.243515014648438
82423459,2024,2024-06-26,4803,2024-06-09,1041,1771,,7,5,5,4803,0,0,0,,0,007,"DRIVEWAY OF 916 HICKORY AVE","HICKORY AVENUE",440.00,W,N,A,-,N,,,,,,,,,,N,2,0,1,1,C,-,18,,,N,H,A,A,A,H,-,A,D,0,,,,,Y,,-,"- ",1,0,0,0,0,0,0,0,0,"- ","- ",38.284111022949219,-122.01692962646484,SOLANO,FAIRFIELD,,
82430740,2024,2024-07-04,4807,2024-04-13,1601,#731,,6,5,6,4807,0,0,0,,0,008,"136 CORTLAND CIR","FALCON DRIVE",293.00,E,N,A,-,N,,,,,,,,,,Y,2,0,1,1,A,-,03,22350,,N,E,I,A,B,H,-,A,D,0,,,Y,,Y,,C,02,1,0,0,0,0,0,0,0,1,"- ","- ",,,SOLANO,VALLEJO,-122.25042724609375,38.147418975830078
82430742,2024,2024-07-04,4807,2024-04-13,2240,#730,,6,5,6,4807,0,0,0,,0,006,"MARE ISLAND CSWY","MARE ISLAND WY",497.00,W,N,A,-,N,,,,,,,,,,Y,2,0,1,1,A,-,08,22107,,N,E,I,A,A,H,-,C,D,0,,,,,Y,,A,01,1,0,0,0,0,0,0,0,0,"- ","- ",38.110271453857422,-122.26473999023438,SOLANO,VALLEJO,-122.26628112792969,38.110679626464844
82799978,2024,2024-07-29,4803,2024-07-24,"527 ",1818,,3,5,5,4803,0,0,0,,0,00S,"WEBSTER STREET","OHIO STREET",177.00,S,N,A,-,N,,,,,,,,,,N,2,0,2,3,A,-,11,21954,A,N,G,B,E,A,H,-,C,D,0,Y,,,,Y,,N,60,1,1,0,0,2,0,0,0,0,"- ","- ",38.244609832763672,-122.043212890625,SOLANO,FAIRFIELD,-122.04323577880859,38.244255065917969
8289964,2016,2017-02-01,4801,2016-12-16,1430,4016,VBSC,5,5,4,4801,0,0,0,,0,001,"MILITARY EAST","1ST ST",0.00,,Y,A,-,N,,,,,,,,,,N,2,0,1,2,A,-,10,21950,A,N,G,B,B,A,H,-,A,A,0,Y,,,,Y,,A,01,1,0,0,0,1,0,0,0,0,"- ","- ",,,SOLANO,BENICIA,-122.15554998,38.053929969999999
8302861,2016,2017-02-06,4805,2016-12-02,1615,5L82,4805,5,5,4,4805,0,0,0,,0,003,"PINTAIL DR","SEAGULL DR",34.00,W,N,A,-,N,,,,,,,,,,Y,2,0,2,3,A,-,00,23153,E,N,G,B,D,A,H,-,A,A,0,Y,,,,Y,,D,22,2,0,0,0,2,0,0,0,0,"- ","- ",38.248260000000002,-121.99553,SOLANO,"SUISUN CITY",-121.99560289,38.248221780000002
8318243,2017,2017-03-14,4807,2017-01-29,0145,586,VALLE,7,5,6,4807,0,0,0,,0,004,"CURTOLA PKWY","LEMON ST",0.00,,Y,A,-,N,,,,,,,,,,Y,2,0,4,2,A,-,01,23152,A,N,D,C,A,A,H,-,C,A,0,,,,,Y,Y,A,01,2,1,1,0,0,0,0,0,0,"- ","- ",,,SOLANO,VALLEJO,-122.23486998,38.092709890000002
8321370,2017,2017-03-15,4803,2017-01-27,1831,1625,,5,5,5,4803,0,0,0,,0,,"NORTH TEXAS ST","OAK ST",0.00,,Y,A,-,N,,,,,,,,,,N,2,0,1,2,A,-,09,21804,A,N,H,G,A,A,H,-,C,A,0,,Y,,,Y,,L,04,1,0,0,0,0,0,1,0,0,"- ","- ",38.261920000000003,-122.03412,SOLANO,FAIRFIELD,-122.03422997,38.26195998
8322720,2016,2017-05-22,4807,2016-09-12,1523,586,VALLE,1,5,6,4807,0,0,0,,0,006,"SONOMA BL","GEORGIA ST",0.00,,Y,A,-,Y,SOL,4,29,-,-,2.200,I,5,S,N,2,0,1,2,A,-,11,21453,D,N,G,B,D,A,H,-,A,A,0,Y,,,,Y,,N,60,1,0,0,0,1,0,0,0,0,"- ","- ",,,SOLANO,VALLEJO,-122.25495438999999,38.101139910000001
8331662,2017,2017-04-11,4803,2017-02-24,2114,1625,,5,5,5,4803,0,0,0,,0,0CE,"PENNSYLVANIA AV","CANTERBURY DR",0.00,,Y,A,-,N,,,,,,,,,,N,2,0,1,2,A,-,03,22350,,F,G,B,D,A,H,-,C,D,0,Y,,,,Y,,-,,1,0,0,0,1,0,0,0,0,"- ","- ",38.266559999999998,-122.04983,SOLANO,FAIRFIELD,-122.0499399,38.266629960000003
8342297,2017,2017-06-21,4807,2017-03-12,0800,694,VALLE,7,5,6,4807,0,0,0,,0,006,"WALNUT AV","Q ST",640.00,N,N,A,-,Y,SOL,4,37,-,R,7.352,R,4,W,Y,2,0,2,2,A,-,05,21460,A,N,A,C,A,A,H,-,A,A,0,,,,,Y,,A,01,1,0,1,0,0,0,0,0,0,"- ","- ",,,SOLANO,VALLEJO,-122.28660203,38.118132670000001
8342990,2017,2017-04-13,4801,2017-02-28,1435,3895,BENIC,2,5,4,4801,0,0,0,,0,003,"ROSE DR","MORNING GLORY DR",0.00,,Y,A,-,N,,,,,,,,,,Y,2,0,1,1,A,-,08,22107,,N,E,I,A,A,H,-,A,D,0,,,,,Y,,A,01,1,0,0,0,0,0,0,0,0,"- ","- ",,,SOLANO,BENICIA,-122.1621,38.084409999999998
8348983,2017,2017-06-20,4806,2017-03-31,1552,596,701,5,5,5,4806,0,0,0,,0,,"DAVIS ST","HUME WY",0.00,,Y,A,-,N,,,,,,,,,,Y,2,0,3,2,A,-,09,21453,C,N,D,D,A,A,H,-,A,A,0,,,,,Y,,A,01,1,1,1,0,0,0,0,0,0,"- ","- ",,,SOLANO,VACAVILLE,-121.98545989,38.350189960000002
8366472,2017,2017-06-17,4803,2017-04-27,1920,1638,,4,5,5,4803,0,0,0,,0,00S,"TRAVIS BL","2ND ST",0.00,,Y,A,-,N,,,,,,,,,,Y,2,0,2,2,A,-,01,23152,A,F,D,C,A,A,H,-,A,A,0,,,,,Y,Y,A,01,1,1,0,0,0,0,0,0,0,"- ","- ",38.258150000000001,-122.05678,SOLANO,FAIRFIELD,-122.05677999,38.257929959999998
8370904,2017,2018-04-13,4807,2017-04-14,2032,699,VALLE,5,5,6,4807,0,0,0,,0,004,"SONOMA BL","YORK ST",17.00,N,N,B,-,Y,SOL,4,29,-,-,2.130,I,5,S,N,2,0,1,2,A,-,12,21453,A,F,G,B,B,A,H,-,C,A,0,Y,,,,Y,,A,01,1,0,0,0,1,0,0,0,0,"- ","- ",,,SOLANO,VALLEJO,-122.25500072,38.100142239999997
8380785,2017,2017-06-06,4806,2017-05-21,1744,609,212,7,5,5,4806,0,0,0,,0,002,"VACA VALLEY PKWY","CRYSTAL SPRINGS DR",0.00,,Y,A,-,N,,,,,,,,,,N,2,0,1,2,A,-,12,22450,,F,D,G,A,A,H,-,A,A,0,,Y,,,Y,,A,01,1,0,0,0,0,0,1,0,0,"- ","- ",,,SOLANO,VACAVILLE,-121.96819997999999,38.394909980000001
8404802,2018,2018-06-20,4807,2018-03-07,1543,600,1807,3,5,6,4807,0,0,0,,0,001,"VERVAIS AV","FLEMING AV E",75.00,S,N,B,-,N,,,,,,,,,,Y,1,1,1,2,A,-,16,24002,A,F,G,B,F,A,H,-,A,D,0,Y,,,,Y,,A,07,0,1,0,1,0,0,0,0,0,"- ","- ",,,SOLANO,VALLEJO,-122.22369384765625,38.114856719970703
8408916,2017,2017-08-10,4803,2017-07-26,2329,1584,SOLAN,3,5,5,4803,0,0,0,,0,00E,"AIR BASE PKWY","CLAY BANK RD",687.00,E,N,A,-,N,,,,,,,,,,Y,2,0,4,2,A,-,01,23152,A,N,A,C,A,A,H,-,C,D,0,,,,,Y,Y,A,01,1,2,1,0,0,0,0,0,0,"- ","- ",38.272579999999998,-122.00639,SOLANO,FAIRFIELD,-122.00418642,38.272585360000001
8424724,2017,2017-08-16,4807,2017-08-05,1942,693,VPD,6,5,6,4807,0,0,0,,0,007,"PEPPER DR","ANTIOCH DR",286.00,E,N,A,-,N,,,,,,,,,,N,2,0,2,2,A,-,01,23152,B,N,C,E,A,A,H,-,A,D,0,,,Y,,Y,Y,C,02,1,1,0,0,0,0,0,0,2,"- ","- ",,,SOLANO,VALLEJO,-122.24364414,38.140343450000003
8428247,2017,2017-08-22,4802,2017-05-25,0031,1248,4802,4,5,3,4802,0,0,0,,0,,"N LINCOLN ST","LITTLE LN",23.00,W,N,A,-,N,,,,,,,,,,Y,2,0,3,3,A,-,01,23153,A,N,D,E,A,A,H,-,C,D,0,,,,,Y,Y,A,01,1,1,1,0,0,0,0,0,0,"- ","- ",,,SOLANO,DIXON,-121.83309681999999,38.464825329999996
8431091,2017,2017-08-17,4803,2017-07-28,2309,1573,SOLAN,5,5,5,4803,0,0,0,,0,00E,"EAST ATLANTIC AV","DOVER AV",0.00,,Y,A,-,N,,,,,,,,,,N,2,0,1,2,A,-,11,21954,A,N,G,B,-,A,H,-,A,A,0,Y,,,,Y,,N,60,1,0,0,0,1,0,0,0,0,"- ","- ",37.276229999999998,-122.02504,SOLANO,FAIRFIELD,-122.02490998,38.276239910000001
8436210,2017,2017-09-15,4807,2017-08-17,2034,700,VALLE,4,5,6,4807,0,0,0,,0,004,"LEMON ST","5TH ST",0.00,,Y,A,-,N,,,,,,,,,,Y,2,0,2,2,A,-,09,21802,A,N,D,C,A,A,H,-,C,A,0,,,Y,,Y,,A,,1,0,1,0,0,0,0,0,1,"- ","- ",,,SOLANO,VALLEJO,-122.24174997,38.088769929999998