CASE_ID,ACCIDENT_YEAR,PROC_DATE,JURIS,COLLISION_DATE,COLLISION_TIME,OFFICER_ID,REPORTING_DISTRICT,DAY_OF_WEEK,CHP_SHIFT,POPULATION,CNTY_CITY_LOC,SPECIAL_COND,BEAT_TYPE,CHP_BEAT_TYPE,CITY_DIVISION_LAPD,CHP_BEAT_CLASS,BEAT_NUMBER,PRIMARY_RD,SECONDARY_RD,DISTANCE,DIRECTION,INTERSECTION,WEATHER_1,WEATHER_2,STATE_HWY_IND,CALTRANS_COUNTY,CALTRANS_DISTRICT,STATE_ROUTE,ROUTE_SUFFIX,POSTMILE_PREFIX,POSTMILE,LOCATION_TYPE,RAMP_INTERSECTION,SIDE_OF_HWY,TOW_AWAY,COLLISION_SEVERITY,NUMBER_KILLED,NUMBER_INJURED,PARTY_COUNT,PRIMARY_COLL_FACTOR,PCF_CODE_OF_VIOL,PCF_VIOL_CATEGORY,PCF_VIOLATION,PCF_VIOL_SUBSECTION,HIT_AND_RUN,TYPE_OF_COLLISION,MVIW,PED_ACTION,ROAD_SURFACE,ROAD_COND_1,ROAD_COND_2,LIGHTING,CONTROL_DEVICE,CHP_ROAD_TYPE,PEDESTRIAN_ACCIDENT,BICYCLE_ACCIDENT,MOTORCYCLE_ACCIDENT,TRUCK_ACCIDENT,NOT_PRIVATE_PROPERTY,ALCOHOL_INVOLVED,STWD_VEHTYPE_AT_FAULT,CHP_VEHTYPE_AT_FAULT,COUNT_SEVERE_INJ,COUNT_VISIBLE_INJ,COUNT_COMPLAINT_PAIN,COUNT_PED_KILLED,COUNT_PED_INJURED,COUNT_BICYCLIST_KILLED,COUNT_BICYCLIST_INJURED,COUNT_MC_KILLED,COUNT_MC_INJURED,PRIMARY_RAMP,SECONDARY_RAMP,LATITUDE,LONGITUDE,COUNTY,CITY,POINT_X,POINT_Y
84380339,2024,2024-09-04,4803,2024-08-25,1842,1772,,7,5,5,4803,0,0,0,,0,00C,"NORTH TEXAS STREET","WISCONSIN STREET",56.00,S,N,A,-,N,,,,,,,,,,N,2,0,1,1,A,-,01,23152,A,N,E,I,A,A,H,-,A,D,0,,,Y,,Y,Y,C,03,1,0,0,0,0,0,0,0,1,"- ","- ",38.260021209716797,-122.03411102294922,SOLANO,FAIRFIELD,-122.03420257568359,38.2598876953125
84385383,2024,2024-09-09,4807,2024-05-28,2201,#781,,2,5,6,4807,0,0,0,,0,006,"SONOMA BL","CAROLINA ST",28.00,S,N,A,-,N,,,,,,,,,,N,2,0,1,2,A,-,11,21950,B,N,G,B,D,A,H,-,C,A,0,Y,,,,Y,,N,60,1,0,0,0,1,0,0,0,0,"- ","- ",38.104019165039062,-122.25489807128906,SOLANO,VALLEJO,-122.2548828125,38.103961944580078
84387661,2024,2024-09-10,4807,2024-05-18,1504,#762,,6,5,6,4807,0,0,0,,0,006,"ARKANSAS ST","SONOMA BL",82.00,E,N,-,-,N,,,,,,,,,,N,2,0,1,4,A,-,08,22107,,F,C,E,A,A,H,-,A,D,0,,,,,Y,Y,A,01,1,0,0,0,0,0,0,0,0,"- ","- ",38.112911224365234,-122.25467681884766,SOLANO,VALLEJO,-122.25437164306641,38.112918853759766
84387670,2024,2024-09-10,4807,2024-07-08,2258,#717,,1,5,6,4807,0,0,0,,0,005,"ALABAMA ST","BROADWAY ST",13.00,E,N,B,-,N,,,,,,,,,,Y,1,1,0,1,A,-,03,22350,,N,E,I,A,A,H,-,C,D,0,,,,,Y,,A,07,0,0,0,0,0,0,0,0,0,"- ","- ",38.108898162841797,-122.24864959716797,SOLANO,VALLEJO,-122.24856567382812,38.108898162841797
84394022,2024,2024-09-16,4803,2024-09-05,1553,1764,,4,5,5,4803,0,0,0,,0,00E,"PEABODY ROAD","VANDEN ROAD",1970.00,N,N,A,-,N,,,,,,,,,,Y,2,0,1,2,A,-,06,21755,A,N,B,C,A,A,H,-,A,D,0,,,Y,,Y,,C,02,1,0,0,0,0,0,0,0,1,"- ","- ",38.289741516113281,-121.96965789794922,SOLANO,FAIRFIELD,-121.969482421875,38.292270660400391
84415793,2024,2024-10-02,4807,2024-08-25,"30  ",#672,,7,5,6,4807,0,0,0,,0,004,"MARITIME ACADEMY DR","SONOMA BL",0.00,,Y,A,-,N,,,,,,,,,,N,2,0,1,2,A,-,10,21950,C,F,G,B,E,A,H,-,C,D,0,Y,,,,Y,,-,99,1,0,0,0,1,0,0,0,0,"- ","- ",38.077461242675781,-122.23388671875,SOLANO,VALLEJO,-122.23381042480469,38.077434539794922
84417351,2024,2024-10-03,4807,2024-08-04,"39  ",#719,,7,5,6,4807,0,0,0,,0,005,"SONOMA BL","TENNESSEE ST",0.00,,Y,A,-,N,,,,,,,,,,N,2,0,1,2,A,-,08,22107,,F,G,B,E,A,H,-,C,A,0,Y,,,,Y,,D,22,1,0,0,0,1,0,0,0,0,"- ","- ",38.109981536865234,-122.25476837158203,SOLANO,VALLEJO,-122.25473022460938,38.1099853515625
84417816,2024,2024-10-03,4805,2024-09-25,1935,GAL02,,3,5,4,4805,0,0,0,,0,001,"STATE ROUTE 12","GRIZZLY ISLAND RD",69.00,E,-,A,-,Y,SOL,,12," "," ",5.759,H,,R,N,2,0,1,2,A,-,00,38300,,N,G,G,A,A,H,-,C,A,0,,Y,,,Y,,L,04,1,0,0,0,0,0,1,0,0,"- ","- ",38.2435302734375,-122.02037048339844,SOLANO,"SUISUN CITY",-122.02037048339844,38.243515014648438
84425548,2024,2024-10-10,4803,2024-10-05,2151,1803,,6,5,5,4803,0,0,0,,0,00W,"MANKAS CORNER ROAD","RANCHO SOLANO PARKWAY",0.00,,Y,A,-,N,,,,,,,,,,Y,2,0,2,2,A,-,01,23153,A,N,D,C,A,A,H,-,C,A,0,,,,,Y,Y,A,01,2,0,0,0,0,0,0,0,0,"- ","- ",38.269981384277344,-122.07984924316406,SOLANO,FAIRFIELD,-122.08003234863281,38.269924163818359
84432416,2024,2024-10-16,4803,2024-09-29,"229 ",1765,,7,5,5,4803,0,0,0,,0,00C,"AIR BASE PARKWAY","HEATH DRIVE",0.00,,Y,A,-,N,,,,,,,,,,Y,2,0,3,2,A,-,03,22350,,N,C,C,A,A,H,-,C,A,0,,,,,Y,,A,01,1,0,2,0,0,0,0,0,0,"- ","- ",38.273128509521484,-122.04283905029297,SOLANO,FAIRFIELD,-122.04277801513672,38.272571563720703
84434191,2024,2024-10-17,4807,2024-07-19,1718,#703,,5,5,6,4807,0,0,0,,0,005,"SOLANO AV","SHASTA ST",0.00,,Y,A,-,N,,,,,,,,,,Y,1,1,0,2,A,-,03,22350,,N,D,C,A,A,H,-,A,A,0,,,,,Y,,A,01,0,0,0,0,0,0,0,0,0,"- ","- ",38.10369873046875,-122.23487854003906,SOLANO,VALLEJO,-122.23485565185547,38.103786468505859
84437226,2024,2024-10-21,4803,2024-10-02,2259,1638,,3,5,5,4803,0,0,0,,0,00C,"EAST TRAVIS BOULEVARD","KIDDER AVENUE",0.00,,Y,A,-,N,,,,,,,,,,N,1,1,0,2,A,-,00,23153,F,N,G,B,B,A,H,-,C,D,0,Y,,,,Y,,D,22,0,0,0,1,0,0,0,0,0,"- ","- ",38.258098602294922,-122.03014373779297,SOLANO,FAIRFIELD,-122.03018951416016,38.258216857910156
84437436,2024,2024-10-21,4807,2024-08-26,2059,#757,,1,5,6,4807,0,0,0,,0,005,"SOLANO AV","MAYO AV",2.00,W,N,A,-,N,,,,,,,,,,N,2,0,1,2,A,-,11,21954,A,F,G,B,E,A,H,-,C,D,0,Y,,,,Y,,N,60,1,0,0,0,1,0,0,0,0,"- ","- ",38.10369873046875,-122.23487854003906,SOLANO,VALLEJO,-122.23486328125,38.103786468505859
84439916,2024,2025-08-04,4805,2024-10-13,1933,KHA01,,7,5,4,4805,0,0,0,,0,003,"RAILROAD AVE","HUMPHREY DRIVE",446.00,E,-,A,-,N,,,,,,,,,,N,2,0,2,3,A,-,03,22350,,F,G,B,A,A,H,-,D,D,0,,,,,Y,,A,01,1,1,0,0,0,0,0,0,0,"- ","- ",38.264080047607422,-122.0059814453125,SOLANO,"SUISUN CITY",-122.00590515136719,38.264381408691406
8444385,2017,2017-09-13,4807,2017-06-23,1544,600,4807,5,5,6,4807,0,0,0,,0,006,"SANTA CLARA ST","LOUISIANA ST",0.00,,Y,A,-,N,,,,,,,,,,Y,2,0,2,2,A,-,12,22450,A,N,D,D,A,A,H,-,A,A,0,,,Y,,Y,,C,02,1,0,1,0,0,0,0,0,1,"- ","- ",,,SOLANO,VALLEJO,-122.25976992,38.108069929999999
84446198,2024,2024-10-28,4803,2024-10-09,1900,1818,,3,5,5,4803,0,0,0,,0,00C,"NORTH TEXAS STREET","PACIFIC AVENUE",20.00,W,N,A,B,N,,,,,,,,,,N,2,0,1,2,-,-,"- ",,,F,C,G,A,A,H,-,B,A,0,,Y,,,Y,,-,"- ",1,0,0,0,0,0,1,0,0,"- ","- ",38.268928527832031,-122.03414916992188,SOLANO,FAIRFIELD,-122.03417205810547,38.268848419189453
84467279,2024,2024-11-13,4807,2024-10-09,"804 ",#671,,3,5,6,4807,0,0,0,,0,004,"LINCOLN RD W","MAGAZINE ST",15.00,S,N,A,-,N,,,,,,,,,,N,2,0,1,2,A,-,11,21954,A,N,G,B,D,A,H,-,A,A,0,Y,,,,Y,,N,60,1,0,0,0,1,0,0,0,0,"- ","- ",38.084770202636719,-122.23464202880859,SOLANO,VALLEJO,-122.23324584960938,38.085304260253906
84487786,2024,2024-12-04,4807,2024-03-01,2056,#635,,5,5,6,4807,0,0,0,,0,005,"SONOMA BL","VALLE VISTA AV",0.00,,Y,C,-,Y,SOL,,29," "," ",3.496,H,,R,N,1,1,0,2,A,-,11,21954,A,F,G,B,D,B,H,-,C,A,0,Y,,,,Y,,N,60,0,0,0,1,0,0,0,0,0,"- ","- ",38.119789123535156,-122.25507354736328,SOLANO,VALLEJO,-122.25484466552734,38.119800567626953
84492684,2024,2024-12-30,4805,2024-11-26,1146,CON01,,2,5,4,4805,0,0,0,,0,001,"HWY 12","MARINA BLVD",111.00,W,-,A,-,Y,SOL,,12," ",R,5.149,H,,R,Y,2,0,5,4,A,-,00,23103,A,N,C,C,A,A,H,-,A,A,0,,,,,Y,,A,01,2,1,2,0,0,0,0,0,0,"- ","- ",38.244480133056641,-122.03156280517578,SOLANO,"SUISUN CITY",-122.03156280517578,38.244476318359375
84501199,2024,2025-01-31,4807,2024-09-07,1153,#703,,6,5,6,4807,0,0,0,,0,005,"FLORIDA ST","ALAMEDA ST",0.00,,Y,A,-,N,,,,,,,,,,Y,2,0,1,2,A,-,10,21950,A,N,G,B,B,A,H,-,A,A,0,Y,,,,Y,,A,01,1,0,0,0,1,0,0,0,0,"- ","- ",38.104961395263672,-122.24822998046875,SOLANO,VALLEJO,-122.2481689453125,38.104938507080078
84518954,2024,2024-12-30,4803,2024-12-18,"805 ",1697,,3,5,5,4803,0,0,0,,0,00C,"NORTH TEXAS STREET","BELL AVENUE",0.00,,Y,B,-,N,,,,,,,,,,N,2,0,1,2,A,-,10,21950,A,N,G,B,B,A,H,-,A,A,0,Y,,,,Y,,A,01,1,0,0,0,1,0,0,0,0,"- ","- ",38.254951477050781,-122.03426361083984,SOLANO,FAIRFIELD,-122.03423309326172,38.254924774169922
84530873,2025,2025-01-15,4803,2025-01-05,"20  ",1594,,7,5,5,4803,0,0,0,,0,00S,"LOPES ROAD","SILVER CREEK ROAD",851.00,N,N,A,-,N,,,,,,,,,,Y,1,1,1,2,A,-,01,23152,A,N,A,C,A,A,H,-,C,D,0,,,,,Y,Y,A,01,0,0,1,0,0,0,0,0,0,"- ","- ",38.190208435058594,-122.13829803466797,SOLANO,FAIRFIELD,-122.1383056640625,38.192535400390625
84542840,2025,2025-02-05,4805,2025-01-16,1618,FLO02,,4,5,4,4805,0,0,0,,0,002,"SUNSET AVE","THE SOUTH PROLONGATION CURB LINE OF MERGANSER DR",16.00,S,-,A,-,N,,,,,,,,,,N,2,0,1,2,A,-,09,21801,A,N,G,B,B,A,H,-,A,A,0,Y,,,,Y,,-,31,1,0,0,0,1,0,0,0,0,"- ","- ",38.246620178222656,-122.02047729492188,SOLANO,"SUISUN CITY",,
84548159,2025,2025-01-24,4803,2025-01-22,"248 ",1759,,3,5,5,4803,0,0,0,,0,00C,"AIR BASE PARKWAY","DOVER AVENUE",0.00,,Y,A,-,N,,,,,,,,,,Y,2,0,1,2,A,-,12,21453,A,F,D,C,A,A,H,-,C,A,0,,,,,Y,,A,01,1,0,0,0,0,0,0,0,0,"- ","- ",38.272830963134766,-122.02507781982422,SOLANO,FAIRFIELD,-122.02491760253906,38.272716522216797
8455339,2017,2018-05-04,4803,2017-09-02,1231,1581,4803,6,5,5,4803,0,0,0,,0,0CE,"NORTH TEXAS ST","AIR BASE PKWY",87.00,N,N,A,-,N,,,,,,,,,,Y,2,0,2,2,A,-,00,23104,A,F,C,C,A,A,H,-,A,D,0,,,,,Y,,A,01,1,1,0,0,0,0,0,0,0,"- ","- ",38.272930000000002,-122.03417,SOLANO,FAIRFIELD,-122.03422,38.273179999999996
84566227,2025,2025-02-05,4805,2025-01-28,"906 ",EVA01,,2,5,4,4805,0,0,0,,0,002,"HWY 12","EMPEROR DR.",0.00,,Y,A,-,Y,SOL,,12," "," ",6.574,H,,R,Y,2,0,2,2,A,-,12,21453,A,N,D,C,A,A,H,-,A,A,0,,,,,Y,,A,01,1,1,0,0,0,0,0,0,0,"- ","- ",38.243381500244141,-122.00536346435547,SOLANO,"SUISUN CITY",-122.00536346435547,38.243156433105469
84571190,2025,2025-03-18,4805,2025-01-17,2213,FIE01,,5,5,4,4805,0,0,0,,0,003,"RAILROAD AV","BLOSSOM AVE",996.00,E,-,A,-,N,,,,,,,,,,N,2,0,1,2,A,-,11,21954,A,F,G,B,E,A,H,-,C,D,0,Y,,,,Y,Y,N,60,1,0,0,0,1,0,0,0,0,"- ","- ",38.262260437011719,-122.00981903076172,SOLANO,"SUISUN CITY",-122.01470947265625,38.259799957275391
84583234,2025,2025-02-19,4803,2025-02-05,2004,1728,,3,5,5,4803,0,0,0,,0,00S,"WEST TEXAS STREET","FIRST STREET",102.00,W,N,A,-,N,,,,,,,,,,Y,1,1,0,2,A,-,09,21801,A,N,A,C,A,A,H,-,A,D,0,,,Y,,Y,,A,01,0,0,0,0,0,0,0,1,0,"- ","- ",38.249298095703125,-122.05287933349609,SOLANO,FAIRFIELD,-122.05277252197266,38.249259948730469
84588824,2024,2025-02-26,4807,2024-12-30,1518,#785,,1,5,6,4807,0,0,0,,0,005,"TENNESSEE ST","CALAVERAS ST",0.00,,Y,A,-,N,,,,,,,,,,Y,2,0,2,2,A,-,12,22450,A,N,D,C,A,A,H,-,A,D,0,,,,,Y,,A,01,1,0,1,0,0,0,0,0,0,"- ","- ",38.109649658203125,-122.23641204833984,SOLANO,VALLEJO,-122.23638153076172,38.109745025634766
84600557,2025,2025-07-07,4805,2025-01-16,1619,FLO02,,4,5,4,4805,0,0,0,,0,002,"SUNSET AVE","THE SOUTH PROLONGATION CURB LINE OF MERGANSER DR",16.00,S,-,A,-,N,,,,,,,,,,N,2,0,1,2,A,-,09,21801,A,N,G,B,B,A,H,-,A,A,0,Y,,,,Y,,-,31,1,0,0,0,1,0,0,0,0,"- ","- ",38.246620178222656,-122.02047729492188,SOLANO,"SUISUN CITY",,
84641241,2025,2025-04-08,4803,2025-03-02,"839 ",1830,,7,5,5,4803,0,0,0,,0,,"EAST TRAVIS BOULEVARD","PHOENIX DRIVE",301.00,E,N,B,-,N,,,,,,,,,,N,2,0,1,2,A,-,10,21954,B,N,G,B,D,A,H,-,A,D,0,Y,,,,Y,,A,01,1,0,0,0,1,0,0,0,0,"- ","- ",38.258220672607422,-122.02313995361328,SOLANO,FAIRFIELD,-122.02191925048828,38.258152008056641
84647607,2024,2025-04-14,4807,2024-10-13,"22  ",#739,,7,5,6,4807,0,0,0,,0,008,"STANFORD DR","HASTINGS AV",38.00,S,N,B,-,N,,,,,,,,,,Y,1,1,0,1,A,-,08,22107,,N,E,I,A,A,H,-,C,D,0,,,,,Y,,A,01,0,0,0,0,0,0,0,0,0,"- ","- ",38.146560668945312,-122.248046875,SOLANO,VALLEJO,-122.24808502197266,38.146537780761719
84647614,2025,2025-08-25,4807,2025-01-25,2022,#703,,6,5,6,4807,0,0,0,,0,004,"SONOMA BL","LEMON ST",45.00,N,N,B,-,Y,SOL,,29," "," ",1.011,H,,R,Y,1,1,1,2,A,-,11,21954,A,N,G,B,D,B,H,-,C,A,0,Y,,,,Y,,N,60,0,1,0,1,0,0,0,0,0,"- ","- ",38.087810516357422,-122.2435302734375,SOLANO,VALLEJO,-122.24351501464844,38.087818145751953
8465575,2018,2019-02-04,4806,2018-01-19,0345,410,204,5,5,5,4806,0,0,0,,0,002,"MARKHAM AV","ROCKY HILL RD",70.00,S,N,A,-,N,,,,,,,,,,Y,1,1,1,4,A,-,01,23152,B,N,C,E,A,A,H,-,C,D,0,,,,,Y,Y,-,,1,0,0,0,0,0,0,0,0,"- ","- ",38.362678527832031,-121.98088073730469,SOLANO,VACAVILLE,-121.98078155517578,38.362445831298828
84655771,2025,2025-04-21,4805,2025-03-17,"540 ",CAN01,,1,5,4,4805,0,0,0,,0,003,"RAILROAD AVE","HUMPHREY DR",225.00,E,-,A,-,N,,,,,,,,,,N,2,0,1,2,A,-,03,22350,,N,H,G,A,A,H,-,C,D,0,,Y,,,Y,,A,01,1,0,0,0,0,0,1,0,0,"- ","- ",38.263698577880859,-122.00720977783203,SOLANO,"SUISUN CITY",-122.00652313232422,38.264022827148438
8465578,2018,2019-02-05,4802,2018-09-29,2217,1264,,6,5,3,4802,0,0,0,,0,,"HARVARD DR","COLLEGE WY",0.00,,Y,A,-,N,,,,,,,,,,N,1,1,1,2,A,-,01,23152,B,F,E,I,A,A,H,-,C,A,0,,,Y,,Y,Y,C,02,1,0,0,0,0,0,0,1,1,"- ","- ",,,SOLANO,DIXON,-121.81945037841797,38.435520172119141
8465603,2018,2019-02-08,4806,2018-10-30,1935,603,,2,5,5,4806,0,0,0,,0,,"MONTE VISTA AV","SCOGGINS CT",315.00,E,N,A,-,N,,,,,,,,,,Y,1,1,0,2,A,-,08,22107,,F,B,C,A,A,H,-,C,A,0,,,Y,,Y,,A,07,0,0,0,0,0,0,0,1,0,"- ","- ",38.358989715576172,-121.98001861572266,SOLANO,VACAVILLE,-121.97898864746094,38.359310150146484
8465626,2018,2019-02-15,4805,2018-10-28,1140,5L94,4805,7,5,4,4805,0,0,0,,0,002,"SUNSET AV","PINTAIL DR",188.00,N,N,A,-,N,,,,,,,,,,Y,1,1,0,2,A,-,11,21955,,N,G,B,D,A,H,-,A,A,0,Y,,,,Y,,N,60,0,0,0,1,0,0,0,0,0,"- ","- ",,,SOLANO,"SUISUN CITY",-122.02053070068359,38.249835968017578
8465814,2019,2019-05-29,4806,2019-01-13,1905,564,608,7,5,5,4806,0,0,0,,0,006,"ALAMO DR","TULARE DR",300.00,W,N,A,-,N,,,,,,,,,,Y,1,2,0,1,A,-,03,22350,,N,E,I,A,A,H,-,C,D,0,,,,,Y,,A,01,0,0,0,0,0,0,0,0,0,"- ","- ",38.335338592529297,-121.965087890625,SOLANO,VACAVILLE,-121.96619415283203,38.33538818359375
84671169,2025,2025-05-01,4807,2025-03-16,"115 ",#635,,7,5,6,4807,0,0,0,,0,006,"FLAGSHIP DR","7TH STREET",295.00,N,N,A,-,N,,,,,,,,,,Y,1,2,0,1,A,-,01,23152,A,N,E,I,A,A,H,-,C,D,0,,,,,Y,Y,A,01,0,0,0,0,0,0,0,0,0,"- ","- ",,,SOLANO,VALLEJO,-122.27664947509766,38.097537994384766
84671179,2025,2025-05-01,4807,2025-03-25,1554,#671,,2,5,6,4807,0,0,0,,0,005,"SONOMA BL","ILLINOIS ST",110.00,S,N,A,-,Y,SOL,,29," "," ",2.949,H,,R,N,2,0,2,4,A,-,05,21460,A,N,A,C,A,A,H,-,A,D,0,,,,,Y,,A,01,1,1,0,0,0,0,0,0,0,"- ","- ",38.111968994140625,-122.25469970703125,SOLANO,VALLEJO,-122.25469970703125,38.111968994140625
84697170,2025,2025-05-22,4805,2025-03-30,2027,CAN01,,7,5,4,4805,0,0,0,,0,003,"4489 PETERSEN RD (CITY OWNED FIELD)","WALTERS RD",4093.00,E,-,A,-,N,,,,,,,,,,N,2,0,1,1,A,-,08,22107,,N,F,A,A,A,H,-,C,D,0,,,Y,,Y,,C,06,1,0,0,0,0,0,0,0,1,"- ","- ",38.244529724121094,-121.97332000732422,SOLANO,"SUISUN CITY",-121.97400665283203,38.243316650390625
84702810,2025,2025-05-28,4807,2025-04-21,2300,#782,,1,5,6,4807,0,0,0,,0,005,"COUCH ST","HAMPSHIRE ST",168.00,S,N,A,-,N,,,,,,,,,,N,2,0,1,2,D,-,00,,,F,G,B,E,A,H,-,C,D,0,Y,,,,Y,,-,"- ",1,0,0,0,1,0,0,0,0,"- ","- ",38.116329193115234,-122.25315856933594,SOLANO,VALLEJO,-122.25349426269531,38.115913391113281
84733120,2025,2025-06-20,4807,2025-05-02,2131,#790,,5,5,6,4807,0,0,0,,0,003,"LAUREL ST","LA PAZ ST",0.00,,Y,A,-,N,,,,,,,,,,N,2,0,1,2,A,-,11,21950,B,N,G,B,D,A,H,-,C,D,0,Y,,,,Y,,N,60,1,0,0,0,1,0,0,0,0,"- ","- ",38.086589813232422,-122.22860717773438,SOLANO,VALLEJO,-122.22850799560547,38.086631774902344
84734861,2025,2025-08-04,4805,2025-06-07,"946 ",PON01,,6,5,4,4805,0,0,0,,0,003,"CAPISTRANO DR","CASA LOMA WAY",33.00,N,-,A,-,N,,,,,,,,,,N,2,0,2,2,A,-,06,21750,A,N,F,A,A,A,H,-,A,D,0,,Y,,,Y,,L,04,1,1,0,0,0,0,1,0,0,"- ","- ",38.248458862304688,-121.98365783691406,SOLANO,"SUISUN CITY",-121.98426818847656,38.248382568359375
84771390,2025,2025-07-22,4803,2025-06-03,"819 ",1697,,2,5,5,4803,0,0,0,,0,00E,"CLAY BANK ROAD","GULF DRIVE",0.00,,Y,A,-,N,,,,,,,,,,N,2,0,2,2,A,-,12,21453,A,N,D,C,A,A,H,-,A,A,0,,,,,Y,,A,01,1,0,1,0,0,0,0,0,0,"- ","- ",38.284168243408203,-122.00361633300781,SOLANO,FAIRFIELD,-122.00374603271484,38.284381866455078
84771459,2025,2025-07-22,4803,2025-06-27,2125,1835,,5,5,5,4803,0,0,0,,0,00W,"TRAVIS BOULEVARD","WEBSTER STREET",317.00,W,N,A,-,N,,,,,,,,,,Y,2,0,4,2,A,-,08,22107,,N,B,C,A,A,H,-,C,D,0,,,,Y,Y,,F,55,2,2,0,0,0,0,0,0,0,"- ","- ",38.258201599121094,-122.04736328125,SOLANO,FAIRFIELD,-122.04849243164062,38.258186340332031
84776594,2025,2025-07-25,4807,2025-05-24,"19  ",#788,,6,5,6,4807,0,0,0,,0,003,"MAGAZINE ST","JORDAN ST",148.00,E,N,A,-,N,,,,,,,,,,Y,2,0,1,1,A,-,03,22350,,N,F,A,A,A,H,-,C,D,0,,,Y,,Y,,C,02,1,0,0,0,0,0,0,0,1,"- ","- ",38.085010528564453,-122.23152160644531,SOLANO,VALLEJO,-122.23101806640625,38.085197448730469
84800430,2025,2025-08-13,4807,2025-06-27,1435,#791,,5,5,6,4807,0,0,0,,0,002,"STEFFAN ST","GEORGIA ST",23.00,S,N,A,-,N,,,,,,,,,,N,2,0,1,2,A,-,09,21801,A,N,A,G,A,A,H,-,A,D,0,,Y,,,Y,,L,04,1,0,0,0,0,0,1,0,0,"- ","- ",38.100841522216797,-122.22850036621094,SOLANO,VALLEJO,-122.22849273681641,38.1007080078125
8486652,2017,2018-07-06,4807,2017-10-23,1931,635,VALLE,1,5,6,4807,0,0,0,,0,008,"SONOMA BL","MEADOWS DR",1325.00,S,N,A,-,Y,SOL,4,29,-,-,5.120,H,-,N,Y,2,0,1,2,A,-,08,22107,,F,A,C,A,A,H,-,C,D,0,,,,,Y,,D,22,1,0,0,0,0,0,0,0,0,"- ","- ",,,SOLANO,VALLEJO,-122.25519319999999,38.144951849999998
8494425,2017,2018-02-28,4807,2017-01-06,2003,628,4807,5,5,6,4807,0,0,0,,0,004,"SONOMA BL","CHERRY ST",528.00,S,N,B,-,Y,SOL,4,29,-,-,0.770,H,-,S,Y,2,0,1,1,A,-,01,23152,A,N,E,I,A,B,H,-,C,D,0,,,,,Y,Y,-,,1,0,0,0,0,0,0,0,0,"- ","- ",,,SOLANO,VALLEJO,-122.24106380000001,38.08515921
8498210,2017,2017-12-12,4803,2017-11-14,0016,1607,,2,5,5,4803,0,0,0,,0,00E,"WALTERS RD","WALTERS CT",503.00,S,N,A,-,N,,,,,,,,,,N,2,0,1,3,A,-,11,21954,A,N,G,B,D,A,H,-,D,D,0,Y,,,,Y,,N,60,1,0,0,0,1,0,0,0,0,"- ","- ",38.269669999999998,-121.98796,SOLANO,FAIRFIELD,-121.9880409,38.268458430000003
8504084,2017,2018-07-02,4807,2017-12-12,0321,705,,2,5,6,4807,0,0,0,,0,005,"SONOMA BL","REDWOOD ST",374.00,S,N,A,-,Y,SOL,4,29,-,-,3.620,H,-,N,N,2,0,1,2,A,-,11,21954,A,N,D,B,D,A,H,-,C,D,0,Y,,,,Y,,N,60,1,0,0,0,1,0,0,0,0,"- ","- ",,,SOLANO,VALLEJO,-122.2549799,38.12157698
8516428,2017,2018-01-04,4807,2017-12-10,2235,671,4807,7,5,6,4807,0,0,0,,0,003,"GLEN COVE PKWY","CAMINO DEL SOL",174.00,N,N,A,-,N,,,,,,,,,,Y,2,0,1,1,A,-,01,23152,A,N,E,I,A,A,H,-,C,D,0,,,,,Y,Y,-,,1,0,0,0,0,0,0,0,0,"- ","- ",,,SOLANO,VALLEJO,-122.20935006000001,38.071215960000004
8528471,2017,2018-02-02,4807,2017-12-30,1426,600,4807,6,5,6,4807,0,0,0,,0,005,"TENNESSEE ST","TUOLUMNE ST",0.00,,Y,A,-,N,,,,,,,,,,Y,2,0,4,5,A,-,12,21453,A,N,D,D,B,A,H,-,A,A,0,Y,,,,Y,,A,01,1,0,3,0,1,0,0,0,0,"- ","- ",,,SOLANO,VALLEJO,-122.23813998,38.109759920000002
8534003,2018,2019-08-13,4803,2018-01-04,0640,504,,4,5,5,4803,0,0,0,,0,0CE,"EAST TRAVIS BL","DOVER AV",92.00,E,N,B,-,N,,,,,,,,,,Y,1,1,0,2,A,-,11,21954,A,N,G,B,D,B,H,-,C,D,0,Y,,,,Y,,N,60,0,0,0,1,0,0,0,0,0,"- ","- ",38.258258819580078,-122.02490997314453,SOLANO,FAIRFIELD,-122.024658203125,38.258201599121094
8534075,2018,2018-01-25,4803,2018-01-08,2206,1283,"N SOL",1,5,5,4803,0,0,0,,0,WEST,"RANCHO SOLANO PKWY","ST ANDREWS RD",0.00,,Y,B,-,N,,,,,,,,,,Y,2,0,1,1,A,-,01,23152,A,N,E,I,A,B,H,-,C,D,0,,,,,Y,Y,A,01,1,0,0,0,0,0,0,0,0,"- ","- ",38.29254150390625,-122.06752014160156,SOLANO,FAIRFIELD,-122.07810211181641,38.276309967041016
8541176,2018,2018-02-02,4807,2018-01-14,2226,637,4807,7,5,6,4807,0,0,0,,0,001,"REDWOOD ST","ADMIRAL CALLAGHAN LN",0.00,,Y,A,-,N,,,,,,,,,,Y,2,0,2,2,A,-,01,23152,A,N,D,C,A,A,H,-,C,A,0,,,,,Y,Y,-,,1,1,0,0,0,0,0,0,0,"- ","- ",,,SOLANO,VALLEJO,-122.22791290283203,38.123550415039062