CASE_ID,ACCIDENT_YEAR,PROC_DATE,JURIS,COLLISION_DATE,COLLISION_TIME,OFFICER_ID,REPORTING_DISTRICT,DAY_OF_WEEK,CHP_SHIFT,POPULATION,CNTY_CITY_LOC,SPECIAL_COND,BEAT_TYPE,CHP_BEAT_TYPE,CITY_DIVISION_LAPD,CHP_BEAT_CLASS,BEAT_NUMBER,PRIMARY_RD,SECONDARY_RD,DISTANCE,DIRECTION,INTERSECTION,WEATHER_1,WEATHER_2,STATE_HWY_IND,CALTRANS_COUNTY,CALTRANS_DISTRICT,STATE_ROUTE,ROUTE_SUFFIX,POSTMILE_PREFIX,POSTMILE,LOCATION_TYPE,RAMP_INTERSECTION,SIDE_OF_HWY,TOW_AWAY,COLLISION_SEVERITY,NUMBER_KILLED,NUMBER_INJURED,PARTY_COUNT,PRIMARY_COLL_FACTOR,PCF_CODE_OF_VIOL,PCF_VIOL_CATEGORY,PCF_VIOLATION,PCF_VIOL_SUBSECTION,HIT_AND_RUN,TYPE_OF_COLLISION,MVIW,PED_ACTION,ROAD_SURFACE,ROAD_COND_1,ROAD_COND_2,LIGHTING,CONTROL_DEVICE,CHP_ROAD_TYPE,PEDESTRIAN_ACCIDENT,BICYCLE_ACCIDENT,MOTORCYCLE_ACCIDENT,TRUCK_ACCIDENT,NOT_PRIVATE_PROPERTY,ALCOHOL_INVOLVED,STWD_VEHTYPE_AT_FAULT,CHP_VEHTYPE_AT_FAULT,COUNT_SEVERE_INJ,COUNT_VISIBLE_INJ,COUNT_COMPLAINT_PAIN,COUNT_PED_KILLED,COUNT_PED_INJURED,COUNT_BICYCLIST_KILLED,COUNT_BICYCLIST_INJURED,COUNT_MC_KILLED,COUNT_MC_INJURED,PRIMARY_RAMP,SECONDARY_RAMP,LATITUDE,LONGITUDE,COUNTY,CITY,POINT_X,POINT_Y
8542601,2017,2018-02-01,4807,2017-11-16,1946,693,VPD,4,5,6,4807,0,0,0,,0,008,"MINI DR","STANFORD DR",95.00,S,N,A,-,N,,,,,,,,,,N,2,0,1,2,A,-,11,21955,,N,G,B,D,A,H,-,C,D,0,Y,,,,Y,,N,60,1,0,0,0,1,0,0,0,0,"- ","- ",,,SOLANO,VALLEJO,-122.24714482,38.145421710000001
8550202,2018,2018-07-30,4807,2018-01-13,0135,707,VALLE,6,5,6,4807,0,0,0,,0,008,"RT 37","FAIRGROUNDS DR",3000.00,E,N,A,-,Y,SOL,4,37,-,-,10.756,R,2,E,Y,2,0,4,1,A,-,03,22350,,N,F,A,A,A,H,-,C,D,0,,,,,Y,,A,01,1,0,3,0,0,0,0,0,0,"- ","- ",,,SOLANO,VALLEJO,-122.23630523681641,38.141273498535156
8570797,2018,2018-08-02,4807,2018-02-04,1028,708,4807,7,5,6,4807,0,0,0,,0,006,"SONOMA BL","NEBRASKA ST",84.00,N,N,A,-,Y,SOL,4,29,-,-,3.100,H,-,S,Y,2,0,3,2,A,-,01,23152,A,N,A,C,A,A,H,-,A,A,0,,,,,Y,Y,A,01,1,1,1,0,0,0,0,0,0,"- ","- ",,,SOLANO,VALLEJO,-122.25461578369141,38.114109039306641
8570985,2016,2018-03-12,4801,2016-11-23,1424,1099,4801,3,5,4,4801,0,0,0,,0,0B2,"E 2ND ST","RIVERHILL DR",156.00,N,N,A,-,N,,,,,,,,,,Y,2,0,1,1,A,-,03,22350,,N,F,A,A,A,H,-,A,D,0,,,Y,,Y,,C,02,1,0,0,0,0,0,0,0,1,"- ","- ",,,SOLANO,BENICIA,-122.15101466,38.056453650000002
8573093,2018,2018-03-15,4803,2018-02-22,1852,1597,,4,5,5,4803,0,0,0,,0,0CE,"TRAVIS BL","CLAY ST",0.00,,Y,B,C,N,,,,,,,,,,N,2,0,2,3,A,-,10,21950,A,N,G,B,B,B,H,-,C,D,0,Y,,,,Y,Y,A,01,1,0,1,0,2,0,0,0,0,"- ","- ",38.258228302001953,-122.03795623779297,SOLANO,FAIRFIELD,-122.03797912597656,38.258258819580078
8574171,2018,2018-03-19,4803,2018-02-27,1627,504,,2,5,5,4803,0,0,0,,0,00S,"PENNSYLVANIA AV","TRAVIS BL",50.00,N,N,A,-,N,,,,,,,,,,Y,2,0,1,1,A,-,08,22107,,N,E,I,A,A,H,-,A,A,0,,,,,Y,,A,01,1,0,0,0,0,0,0,0,0,"- ","- ",38.258129119873047,-122.04988098144531,SOLANO,FAIRFIELD,-122.05001068115234,38.258365631103516
8602535,2018,2018-05-17,4805,2018-03-22,1201,5L83,4805,4,5,4,4805,0,0,0,,0,001,"MAIN ST","COMMON ST",0.00,,Y,A,-,N,,,,,,,,,,Y,2,0,1,3,A,-,03,22350,,N,G,B,E,A,H,-,A,D,0,Y,,,,Y,,A,01,1,0,0,0,1,0,0,0,0,"- ","- ",38.240150451660156,-122.04058837890625,SOLANO,"SUISUN CITY",-122.04058074951172,38.240131378173828
8621638,2018,2018-05-29,4803,2018-04-28,0101,1593,,6,5,5,4803,0,0,0,,0,0CE,"UNION AV","PACIFIC AV",28.00,N,N,A,-,N,,,,,,,,,,Y,2,0,3,1,A,-,01,23152,F,N,E,I,A,A,H,-,C,A,0,,,,,Y,,A,07,2,1,0,0,0,0,0,0,0,"- ","- ",38.268791198730469,-122.04055023193359,SOLANO,FAIRFIELD,-122.04050445556641,38.268775939941406
8630343,2018,2018-06-05,4803,2018-05-17,1758,1656,,4,5,5,4803,0,0,0,,0,0CE,"PACIFIC AV","NORTH TEXAS ST",6.00,W,N,A,-,N,,,,,,,,,,N,2,0,1,2,A,-,11,21456,B,N,G,B,B,A,H,-,A,A,0,Y,,,,Y,,N,60,1,0,0,0,1,0,0,0,0,"- ","- ",38.268928527832031,-122.03414916992188,SOLANO,FAIRFIELD,-122.03418731689453,38.268848419189453
8637541,2018,2018-06-12,4803,2018-04-29,2309,1642,,7,5,5,4803,0,0,0,,0,00S,"TRAVIS BL","2ND ST",488.00,W,N,A,-,N,,,,,,,,,,Y,2,0,1,1,A,-,08,22107,,N,E,I,A,A,H,-,C,D,0,,,,,Y,,A,01,1,0,0,0,0,0,0,0,0,"- ","- ",38.258148193359375,-122.05677795410156,SOLANO,FAIRFIELD,-122.05847930908203,38.257961273193359
8638882,2018,2018-08-23,4807,2018-05-29,1940,600,4807,2,5,6,4807,0,0,0,,0,004,"LEMON ST","SONOMA BL",0.00,,Y,A,-,Y,SOL,4,29,-,-,1.010,I,5,S,Y,2,0,3,3,A,-,12,21453,A,N,D,D,A,A,H,-,A,A,0,,,,,Y,,A,01,1,1,1,0,0,0,0,0,0,"- ","- ",38.087810516357422,-122.2435302734375,SOLANO,VALLEJO,-122.24367523193359,38.0880126953125
8639255,2018,2018-07-17,4807,2018-04-12,1714,702,SOLAN,4,5,6,4807,0,0,0,,0,002,"GEORGIA ST","MAPLE AV",0.00,,Y,A,-,N,,,,,,,,,,Y,2,0,3,2,A,-,12,21453,,N,D,C,A,A,H,-,A,A,0,,,,,Y,Y,A,01,2,0,1,0,0,0,0,0,0,"- ","- ",,,SOLANO,VALLEJO,-122.22074127197266,38.099819183349609
8648055,2018,2020-05-26,4807,2018-05-05,2212,628,,6,5,6,4807,0,0,0,,0,,"5TH ST","ALAMEDA ST",21.00,W,N,A,-,N,,,,,,,,,,N,1,1,0,1,A,-,01,23152,B,N,E,I,A,A,H,-,C,A,0,,,Y,,Y,Y,C,02,0,0,0,0,0,0,0,1,0,"- ","- ",38.096149444580078,-122.2484130859375,SOLANO,VALLEJO,-122.24842071533203,38.096080780029297
8648400,2018,2020-05-22,4805,2018-09-08,1410,5L83,4805,6,5,4,4805,0,0,0,,0,001,"RAILROAD AV","VILLAGE DR",512.00,E,N,A,-,N,,,,,,,,,,Y,1,1,0,1,A,-,03,22350,,N,H,I,A,A,H,-,A,D,0,,,,,Y,,A,01,0,0,0,0,0,0,0,0,0,"- ","- ",,,SOLANO,"SUISUN CITY",-122.02391052246094,38.253787994384766
8648426,2018,2018-12-20,4807,2018-09-08,2318,600,4807,6,5,6,4807,0,0,0,,0,004,"SONOMA BL","RYDER ST",112.00,S,N,A,-,Y,SOL,4,29,-,-,1.420,H,-,N,Y,1,1,1,1,A,-,01,23152,A,N,E,I,A,A,H,-,C,D,0,,,,,Y,Y,A,01,0,1,0,0,0,0,0,0,0,"- ","- ",38.092750549316406,-122.24851989746094,SOLANO,VALLEJO,-122.24838256835938,38.092620849609375
8648430,2018,2020-05-26,4807,2018-08-20,0154,600,4807,1,5,6,4807,0,0,0,,0,008,"BORGES LN","AGNES CT",86.00,E,N,A,-,N,,,,,,,,,,Y,1,1,0,2,A,-,11,21956,A,N,G,B,E,A,H,-,C,D,0,Y,,,,Y,Y,N,60,0,0,0,1,0,0,0,0,0,"- ","- ",38.150341033935547,-122.22885894775391,SOLANO,VALLEJO,-122.22856140136719,38.150230407714844
8648472,2018,2020-05-22,4801,2018-12-05,1808,3895,4801,3,5,4,4801,0,0,0,,0,001,"MILITARY WEST","W 5TH ST",26.00,E,N,A,-,N,,,,,,,,,,Y,1,1,0,2,A,-,11,21954,A,N,G,B,D,A,H,-,C,A,0,Y,,,,Y,,N,60,0,0,0,1,0,0,0,0,0,"- ","- ",,,SOLANO,BENICIA,-122.16376495361328,38.057514190673828
8687952,2018,2018-08-29,4807,2018-07-20,2226,687,VALLE,5,5,6,4807,0,0,0,,0,005,"COUCH ST","REDWOOD PKWY",343.00,S,N,A,-,N,,,,,,,,,,N,2,0,1,2,D,-,00,,,F,G,B,D,A,H,-,C,D,0,Y,,,,Y,,-,"- ",1,0,0,0,1,0,0,0,0,"- ","- ",,,SOLANO,VALLEJO,-122.25173187255859,38.121379852294922
8732573,2017,2018-11-19,4807,2017-10-22,1747,552,,7,5,6,4807,0,0,0,,0,,"TURNER PKWY","PLAZA DR",745.00,W,N,A,-,N,,,,,,,,,,N,2,0,2,4,A,-,03,22350,,N,G,B,D,A,H,-,A,D,0,Y,,,,Y,,-,,1,1,0,0,2,0,0,0,0,"- ","- ",,,SOLANO,VALLEJO,-122.21755213,38.130626560000003
8737235,2018,2018-12-10,4807,2018-09-28,1251,702,SOLAN,5,5,6,4807,0,0,0,,0,003,"LINCOLN RD E","RT 80",430.00,S,N,A,-,N,,,,,,,,,,N,2,0,1,2,A,-,08,22107,,N,A,C,A,A,H,-,A,D,0,,,Y,,Y,,C,03,1,0,0,0,0,0,0,0,1,"- ","- ",38.084709167480469,-122.23209381103516,SOLANO,VALLEJO,,
8749768,2018,2019-01-08,4805,2018-08-05,0022,5L87,4805,7,5,4,4805,0,0,0,,0,001,"RT 12","MARINA BL",0.00,,Y,A,-,Y,SOL,4,12,-,R,5.140,H,-,W,Y,2,0,1,2,A,-,00,23103,,M,D,C,A,A,H,-,C,A,0,,,,Y,Y,,A,01,1,0,0,0,0,0,0,0,0,"- ","- ",38.244190216064453,-122.03130340576172,SOLANO,"SUISUN CITY",-122.03160858154297,38.244705200195312
8751918,2018,2018-12-11,4805,2018-08-11,2032,5L87,4805,6,5,4,4805,0,0,0,,0,003,"KLAMATH DR","LASSEN AV",155.00,W,N,A,-,N,,,,,,,,,,N,2,0,1,2,A,-,03,22350,,N,C,E,A,A,H,-,C,D,0,,,Y,,Y,,C,03,1,0,0,0,0,0,0,0,1,"- ","- ",38.245761871337891,-121.98914337158203,SOLANO,"SUISUN CITY",-121.98961639404297,38.245529174804688
8757759,2018,2019-01-09,4803,2018-11-18,0018,1594,,7,5,5,4803,0,0,0,,0,,"EAST TRAVIS BL","CENTENNIAL DR",72.00,E,N,A,-,N,,,,,,,,,,,2,0,1,2,A,-,05,21650,1,N,A,G,A,A,H,-,C,D,0,,Y,,,Y,,L,04,1,0,0,0,0,0,1,0,0,"- ","- ",,,SOLANO,FAIRFIELD,-122.03144836425781,38.258228302001953
8782294,2018,2019-01-23,4803,2018-11-25,0146,1654,,7,5,5,4803,0,0,0,,0,00C,"ACACIA ST","NORTH TEXAS ST",0.00,,Y,A,-,N,,,,,,,,,,Y,2,0,1,2,A,-,00,22453,,N,D,C,A,A,H,-,C,A,0,,,,,Y,,-,,1,0,0,0,0,0,0,0,0,"- ","- ",,,SOLANO,FAIRFIELD,-122.03420257568359,38.264240264892578
8789293,2019,2019-02-14,4803,2019-01-07,1540,1677,4803,1,5,5,4803,0,0,0,,0,00W,"OLIVER RD","BURBANK DR",0.00,,Y,A,-,N,,,,,,,,,,N,2,0,1,3,A,-,"- ",,,N,D,C,A,A,H,-,A,D,0,,,,,Y,,A,01,1,0,0,0,0,0,0,0,0,"- ","- ",,,SOLANO,FAIRFIELD,-122.07264709472656,38.262958526611328
8789305,2019,2019-02-12,4803,2019-01-14,1814,1600,4803,1,5,5,4803,0,0,0,,0,0CO,"KAISER DR","BUSINESS CENTER DR",150.00,N,N,B,C,N,,,,,,,,,,N,2,0,1,1,A,-,03,22350,,N,E,I,A,B,H,-,C,A,0,,,,,Y,,A,01,1,0,0,0,0,0,0,0,0,"- ","- ",,,SOLANO,FAIRFIELD,-122.12644958496094,38.229080200195312
8789345,2019,2019-02-14,4803,2019-01-02,1427,476,,3,5,5,4803,0,0,0,,0,005,"JELLY BELLY LN","WATNEY WY",400.00,N,N,-,-,N,,,,,,,,,,,2,0,1,2,A,-,01,23153,B,N,G,B,E,A,H,-,A,D,0,Y,,,,Y,Y,A,01,1,0,0,0,1,0,0,0,0,"- ","- ",,,SOLANO,FAIRFIELD,-122.07831573486328,38.238380432128906
8803262,2019,2019-02-26,4807,2019-01-25,0748,671,VALLE,5,5,6,4807,0,0,0,,0,008,"CORCORAN AV","RAINIER AV",0.00,,Y,A,-,N,,,,,,,,,,N,2,0,1,2,A,-,05,21202,A,N,A,G,A,A,H,-,A,D,0,,Y,,,Y,,L,04,1,0,0,0,0,0,1,0,0,"- ","- ",38.151260375976562,-122.24458312988281,SOLANO,VALLEJO,-122.24459838867188,38.151260375976562
8808141,2019,2019-05-16,4803,2019-02-19,0048,476,,2,5,5,4803,0,0,0,,0,00S,"RT 12","BECK AV",0.00,,Y,A,-,Y,SOL,4,12,-,R,3.206,I,5,W,Y,1,1,2,2,A,-,12,21453,A,N,D,C,A,A,H,-,C,A,0,,,,,Y,,A,01,1,1,0,0,0,0,0,0,0,"- ","- ",,,SOLANO,FAIRFIELD,-122.06636810302734,38.24041748046875
8808181,2019,2019-05-28,4801,2019-01-05,1613,3928,,6,5,4,4801,0,0,0,,0,002,"E 5TH ST","E K ST",0.00,,Y,C,-,N,,,,,,,,,,N,1,1,0,2,A,-,03,22350,,F,-,B,D,B,-,-,C,D,0,Y,,,,Y,,-,,0,0,0,1,0,0,0,0,0,"- ","- ",,,SOLANO,BENICIA,-122.14801025390625,38.049259185791016
8818515,2018,2019-04-02,4806,2018-06-27,0037,637,907,3,5,5,4806,0,0,0,,0,007,"NUT TREE RD","NUT TREE PKWY",0.00,,Y,A,-,N,,,,,,,,,,Y,2,0,2,3,A,-,01,23152,A,N,D,C,A,A,H,-,C,A,0,,,,,Y,Y,-,,1,1,0,0,0,0,0,0,0,"- ","- ",38.368289947509766,-121.95619201660156,SOLANO,VACAVILLE,-121.95629119873047,38.368419647216797
8818691,2018,2019-03-29,4806,2018-04-16,1335,410,707,1,5,5,4806,0,0,0,,0,007,"ALAMO DR","MARIPOSA AV",24.00,E,N,B,C,N,,,,,,,,,,Y,2,0,2,2,A,-,08,22107,,N,G,J,F,B,H,-,-,A,0,Y,,,,Y,,A,07,1,0,1,0,1,0,0,0,0,"- ","- ",38.335521697998047,-121.98023223876953,SOLANO,VACAVILLE,-121.98011779785156,38.335498809814453
8822593,2018,2019-04-02,4806,2018-10-11,1250,234,601,4,5,5,4806,0,0,0,,0,006,"PEABODY RD","CLIFFSIDE DR",0.00,,Y,A,-,N,,,,,,,,,,Y,2,0,2,2,A,-,12,21453,A,N,D,C,A,A,H,-,A,A,0,,,,,Y,,A,01,1,1,0,0,0,0,0,0,0,"- ","- ",38.352241516113281,-121.97622680664062,SOLANO,VACAVILLE,-121.97611999511719,38.352161407470703
8823102,2019,2019-04-03,4803,2019-03-10,1900,1501,,7,5,5,4803,0,0,0,,0,00E,"CLAY BANK RD","EAST TABOR AV",0.00,,Y,A,-,N,,,,,,,,,,Y,2,0,1,2,A,-,01,23153,A,F,D,C,A,A,H,-,A,D,0,,,,,Y,Y,D,22,1,0,0,0,0,0,0,0,0,"- ","- ",,,SOLANO,FAIRFIELD,-122.00721740722656,38.265190124511719
8824393,2018,2019-04-26,4806,2018-02-02,1912,457,910,5,5,5,4806,0,0,0,,0,009,"LEISURE TOWN RD","GILLEY WY",0.00,,Y,A,-,N,,,,,,,,,,Y,2,0,1,2,A,-,09,21801,A,N,A,C,A,A,H,-,C,D,0,,,Y,,Y,,D,22,1,0,0,0,0,0,0,0,1,"- ","- ",38.382049560546875,-121.93374633789062,SOLANO,VACAVILLE,-121.93370819091797,38.381980895996094
8825075,2018,2019-03-26,4806,2018-09-20,1432,277,603,4,5,5,4806,0,0,0,,0,006,"NUT TREE RD","FAIRVIEW DR",300.00,N,N,A,-,N,,,,,,,,,,N,2,0,1,2,A,-,17,21235,G,N,G,B,F,A,H,-,A,D,0,Y,,Y,,Y,,C,03,1,0,0,0,0,0,0,0,1,"- ","- ",38.337028503417969,-121.95330047607422,SOLANO,VACAVILLE,-121.95329284667969,38.337833404541016
8825103,2018,2019-03-26,4806,2018-09-09,1527,735,4608,7,5,5,4806,0,0,0,,0,001,"MONTE VISTA AV","ELDRIDGE AV",0.00,,Y,A,-,N,,,,,,,,,,N,2,0,1,2,A,-,10,21950,A,N,G,B,B,A,H,-,A,A,0,Y,,,,Y,,A,01,1,0,0,0,1,0,0,0,0,"- ","- ",38.359249114990234,-122.00157928466797,SOLANO,VACAVILLE,-122.00154876708984,38.359230041503906
8826283,2019,2019-04-22,4807,2019-02-03,2126,702,SOLAN,7,5,6,4807,0,0,0,,0,007,"TUOLUMNE ST","LA CIENEGA AV",101.00,S,N,B,-,N,,,,,,,,,,Y,2,0,1,2,A,-,11,21950,B,N,G,B,E,B,H,-,C,D,0,Y,,,,Y,,N,60,1,0,0,0,1,0,0,0,0,"- ","- ",38.128158569335938,-122.23890686035156,SOLANO,VALLEJO,-122.23875427246094,38.127845764160156
8827656,2019,2019-04-04,4807,2019-03-03,2212,685,,7,5,6,4807,0,0,0,,0,,"GEORGIA ST","14TH ST",0.00,,Y,A,-,N,,,,,,,,,,N,2,0,1,2,A,-,10,21950,A,N,G,B,B,A,H,-,C,A,0,Y,,,,Y,,D,22,1,0,0,0,1,0,0,0,0,"- ","- ",38.100841522216797,-122.23110961914062,SOLANO,VALLEJO,-122.23110198974609,38.10076904296875
8833226,2019,2019-04-09,4807,2019-01-31,1606,665,,4,5,6,4807,0,0,0,,0,001,"REDWOOD PKWY","CADLONI LN",0.00,,Y,A,-,N,,,,,,,,,,N,2,0,1,1,A,-,03,22350,,N,E,I,A,A,H,-,A,A,0,,,,,Y,,-,,1,0,0,0,0,0,0,0,0,"- ","- ",38.122699737548828,-122.2239990234375,SOLANO,VALLEJO,-122.22435760498047,38.122661590576172
8836186,2019,2019-04-15,4807,2019-03-26,0523,591,4807,2,5,6,4807,0,0,0,,0,007,"TUOLUMNE ST","S PARKVIEW TER",7.00,S,N,A,-,N,,,,,,,,,,N,2,0,1,2,A,-,10,21950,A,F,G,B,B,A,H,-,C,D,0,Y,,,,Y,,-,,1,0,0,0,1,0,0,0,0,"- ","- ",38.132938385009766,-122.24125671386719,SOLANO,VALLEJO,-122.24310302734375,38.134536743164062
8836194,2019,2019-04-15,4807,2019-03-19,2330,714,VPD,2,5,6,4807,0,0,0,,0,007,"GREENFIELD AV","N LA CRESENDA ST",45.00,S,N,B,-,N,,,,,,,,,,Y,2,0,1,1,A,-,03,22350,,N,E,I,A,A,H,-,D,D,0,,,Y,,Y,,C,03,1,0,0,0,0,0,0,0,1,"- ","- ",38.117698669433594,-122.37998199462891,SOLANO,VALLEJO,-122.23813629150391,38.118221282958984
8839705,2019,2019-05-06,4803,2019-01-18,0615,1581,,5,5,5,4803,0,0,0,,0,,"NORTH TEXAS ST","ATLANTIC AV",189.00,N,N,C,-,N,,,,,,,,,,,2,0,1,2,A,-,10,21963,,N,G,B,E,B,H,-,C,D,0,Y,,,,Y,,D,22,1,0,0,0,1,0,0,0,0,"- ","- ",,,SOLANO,FAIRFIELD,-122.03419494628906,38.276840209960938
8845536,2019,2019-05-02,4807,2019-04-07,1720,713,VALLE,7,5,6,4807,0,0,0,,0,002,"SPRINGS RD","HILTON AV",0.00,,Y,A,-,N,,,,,,,,,,Y,2,0,1,2,A,-,09,21802,A,N,D,C,A,A,H,-,A,A,0,,,Y,,Y,,D,22,1,0,0,0,0,0,0,0,1,"- ","- ",,,SOLANO,VALLEJO,-122.22644805908203,38.106090545654297
8849508,2018,2019-05-16,4802,2018-09-29,1610,1277,,6,5,3,4802,0,0,0,,0,,"N 2ND ST","E B ST",0.00,,Y,A,-,N,,,,,,,,,,,2,0,1,2,A,-,08,22107,,N,F,A,A,A,H,-,A,A,0,,,Y,,Y,,C,02,1,0,0,0,0,0,0,0,1,"- ","- ",,,SOLANO,DIXON,-121.82121276855469,38.446578979492188
8855816,2019,2019-05-28,4804,2019-03-30,2000,FONGM,273,6,5,2,4804,0,0,0,,0,,"SUMMERSET DR","WATERWOOD DR",0.00,,Y,A,-,N,,,,,,,,,,N,2,0,1,2,A,-,10,21950,A,N,G,B,B,A,H,-,C,A,0,Y,,,,Y,,A,07,1,0,0,0,1,0,0,0,0,"- ","- ",,,SOLANO,"RIO VISTA",-121.71646118164062,38.180370330810547
8860701,2018,2019-06-04,4802,2018-09-03,1318,1258,,1,5,3,4802,0,0,0,,0,,"PEDRICK RD","SPARLING LN",317.00,S,N,-,-,N,,,,,,,,,,N,2,0,1,2,A,-,08,22107,,N,D,C,A,A,H,-,A,D,0,,,,,Y,,A,01,1,0,0,0,0,0,0,0,0,"- ","- ",,,SOLANO,DIXON,-121.8038330078125,38.485927581787109
8865322,2019,2019-05-29,4807,2019-05-03,2052,692,VALLE,5,5,6,4807,0,0,0,,0,4807,"ARKANSAS ST","SONOMA BL",66.00,E,N,A,-,N,,,,,,,,,,N,2,0,1,2,A,-,05,21650,,N,H,G,A,A,H,-,D,D,0,,Y,,,Y,,A,01,1,0,0,0,0,0,1,0,0,"- ","- ",38.112911224365234,-122.25467681884766,SOLANO,VALLEJO,-122.25443267822266,38.112918853759766
8876117,2019,2019-06-17,4807,2019-05-23,1312,537,VALLE,4,5,6,4807,0,0,0,,0,005,"BROADWAY ST","OREGON ST",52.00,S,N,A,-,N,,,,,,,,,,N,2,0,2,2,A,-,05,21460,A,N,A,C,A,A,H,-,A,D,0,,,,Y,Y,,D,22,2,0,0,0,0,0,0,0,0,"- ","- ",,,SOLANO,VALLEJO,-122.24848175048828,38.118148803710938
8888238,2019,2019-07-05,4803,2019-05-28,1640,1594,,2,5,5,4803,0,0,0,,0,0CE,"AIR BASE PKWY","HEATH DR",799.00,W,N,A,-,N,,,,,,,,,,Y,2,0,1,3,A,-,17,22517,,N,B,C,A,A,H,-,A,D,0,,,Y,,Y,,A,01,1,0,0,0,0,0,0,0,1,"- ","- ",38.273128509521484,-122.04283905029297,SOLANO,FAIRFIELD,-122.04555511474609,38.273048400878906
8888288,2019,2019-07-08,4803,2019-04-19,1335,1654,,5,5,5,4803,0,0,0,,0,00E,"NORTH GATE RD","CANON RD",243.00,N,N,A,-,N,,,,,,,,,,Y,2,0,1,1,A,-,08,22107,,N,H,A,A,A,B,-,A,D,0,,,Y,,Y,,C,02,1,0,0,0,0,0,0,0,1,"- ","- ",,,SOLANO,FAIRFIELD,-121.93374633789062,38.301937103271484
8904968,2019,2019-09-25,4807,2019-06-05,2242,705,VALLE,3,5,6,4807,0,0,0,,0,004,"CURTOLA PKWY","LEMON ST",0.00,,Y,A,-,N,,,,,,,,,,Y,2,0,2,2,A,-,12,21453,A,N,D,C,A,A,H,-,C,A,0,,,,,Y,,J,48,1,0,1,0,0,0,0,0,0,"- ","- ",38.092689514160156,-122.23490142822266,SOLANO,VALLEJO,-122.23487091064453,38.092708587646484
8909739,2019,2019-08-08,4807,2019-06-23,1628,718,VALLE,7,5,6,4807,0,0,0,,0,005,"TENNESSEE ST","MARIPOSA ST",0.00,,Y,A,-,N,,,,,,,,,,Y,2,0,1,2,A,-,12,21453,A,N,D,C,A,A,H,-,A,A,0,,,,,Y,,A,01,1,0,0,0,0,0,0,0,0,"- ","- ",38.109668731689453,-122.23139190673828,SOLANO,VALLEJO,-122.23136901855469,38.109668731689453
8910840,2020,2020-05-15,4803,2020-01-19,1557,1594,SOLAN,7,5,5,4803,0,0,0,,0,00W,"AIR BASE PKWY","RT 80",0.00,,Y,A,-,Y,SOL,4,80,-,-,19.027,R,4,E,Y,1,1,1,2,A,-,12,21453,A,N,D,C,A,A,H,-,A,A,0,,,Y,,Y,,A,07,0,1,0,0,0,0,0,1,0,"- ",EF,38.273170471191406,-122.0460205078125,SOLANO,FAIRFIELD,-122.05106353759766,38.271579742431641
8911013,2019,2020-05-05,4807,2019-08-04,0446,600,4807,7,5,6,4807,0,0,0,,0,006,"WILSON AV","LIGHTHOUSE DR",0.00,,Y,B,-,N,,,,,,,,,,Y,1,1,1,1,A,-,08,22107,,N,E,I,A,A,H,-,C,A,0,,,,,Y,,A,07,0,1,0,0,0,0,0,0,0,"- ","- ",38.119899749755859,-122.27510070800781,SOLANO,VALLEJO,-122.27512359619141,38.119880676269531
8911166,2020,2022-06-18,4803,2020-05-08,0527,1524,,5,5,5,4803,0,0,0,,0,00S,"5TH ST","IDAHO ST",0.00,,Y,A,-,N,,,,,,,,,,N,1,1,0,2,C,-,18,,,N,G,B,E,A,G,-,B,A,0,Y,,,,Y,,-,"- ",0,0,0,1,0,0,0,0,0,"- ","- ",38.250949859619141,-122.06056213378906,SOLANO,FAIRFIELD,-122.06075286865234,38.251079559326172
8911307,2019,2021-05-28,4807,2019-09-21,0119,600,4807,6,5,6,4807,0,0,0,,0,008,"FAIRGROUNDS DR","GATEWAY DR",182.00,N,N,A,-,N,,,,,,,,,,Y,1,1,0,2,A,-,05,21650,1,N,H,G,A,A,H,-,C,D,0,,Y,,,Y,,L,04,0,0,0,0,0,1,0,0,0,"- ","- ",38.144878387451172,-122.23500061035156,SOLANO,VALLEJO,-122.23525238037109,38.145061492919922
8911540,2019,2020-09-09,4807,2019-08-31,1244,705,VALLE,6,5,6,4807,0,0,0,,0,005,"REDWOOD ST","VALLE VISTA AV",0.00,,Y,A,-,N,,,,,,,,,,Y,1,1,4,2,A,-,01,23153,A,F,D,C,A,A,H,-,A,D,0,,,,,Y,,A,01,1,1,2,0,0,0,0,0,0,"- ","- ",38.122379302978516,-122.23502349853516,SOLANO,VALLEJO,-122.23503112792969,38.122459411621094
8911571,2019,2020-09-17,4807,2019-05-20,1708,705,VALLE,1,5,6,4807,0,0,0,,0,002,"COLUMBUS PKWY","ARAGON ST",191.00,N,N,A,-,N,,,,,,,,,,Y,1,1,0,1,A,-,08,22107,,N,E,I,A,A,H,-,A,D,0,,,,,Y,,A,07,0,0,0,0,0,0,0,0,0,"- ","- ",38.097759246826172,-122.19873046875,SOLANO,VALLEJO,-122.19898986816406,38.098346710205078
8911687,2020,2020-10-14,4803,2020-08-14,2239,476,,5,5,5,4803,0,0,0,,0,00S,"BECK AV","CADENASSO DR",183.00,S,N,A,-,N,,,,,,,,,,N,1,1,0,2,A,-,10,21954,B,N,G,B,E,A,H,-,C,D,0,Y,,,,Y,,A,01,0,0,0,1,0,0,0,0,0,"- ","- ",38.247539520263672,-122.06620788574219,SOLANO,FAIRFIELD,-122.06623840332031,38.247005462646484