CASE_ID,ACCIDENT_YEAR,PROC_DATE,JURIS,COLLISION_DATE,COLLISION_TIME,OFFICER_ID,REPORTING_DISTRICT,DAY_OF_WEEK,CHP_SHIFT,POPULATION,CNTY_CITY_LOC,SPECIAL_COND,BEAT_TYPE,CHP_BEAT_TYPE,CITY_DIVISION_LAPD,CHP_BEAT_CLASS,BEAT_NUMBER,PRIMARY_RD,SECONDARY_RD,DISTANCE,DIRECTION,INTERSECTION,WEATHER_1,WEATHER_2,STATE_HWY_IND,CALTRANS_COUNTY,CALTRANS_DISTRICT,STATE_ROUTE,ROUTE_SUFFIX,POSTMILE_PREFIX,POSTMILE,LOCATION_TYPE,RAMP_INTERSECTION,SIDE_OF_HWY,TOW_AWAY,COLLISION_SEVERITY,NUMBER_KILLED,NUMBER_INJURED,PARTY_COUNT,PRIMARY_COLL_FACTOR,PCF_CODE_OF_VIOL,PCF_VIOL_CATEGORY,PCF_VIOLATION,PCF_VIOL_SUBSECTION,HIT_AND_RUN,TYPE_OF_COLLISION,MVIW,PED_ACTION,ROAD_SURFACE,ROAD_COND_1,ROAD_COND_2,LIGHTING,CONTROL_DEVICE,CHP_ROAD_TYPE,PEDESTRIAN_ACCIDENT,BICYCLE_ACCIDENT,MOTORCYCLE_ACCIDENT,TRUCK_ACCIDENT,NOT_PRIVATE_PROPERTY,ALCOHOL_INVOLVED,STWD_VEHTYPE_AT_FAULT,CHP_VEHTYPE_AT_FAULT,COUNT_SEVERE_INJ,COUNT_VISIBLE_INJ,COUNT_COMPLAINT_PAIN,COUNT_PED_KILLED,COUNT_PED_INJURED,COUNT_BICYCLIST_KILLED,COUNT_BICYCLIST_INJURED,COUNT_MC_KILLED,COUNT_MC_INJURED,PRIMARY_RAMP,SECONDARY_RAMP,LATITUDE,LONGITUDE,COUNTY,CITY,POINT_X,POINT_Y
8917515,2019,2019-08-15,4806,2019-06-16,1100,591,615,7,5,5,4806,0,0,0,,0,006,"VANDEN RD","LEISURE TOWN RD",0.00,,Y,A,-,N,,,,,,,,,,Y,2,0,1,1,A,-,03,22350,,N,E,I,A,A,H,-,A,D,0,,,Y,,Y,,C,02,1,0,0,0,0,0,0,0,1,"- ","- ",38.317020416259766,-121.94304656982422,SOLANO,VACAVILLE,-121.94304656982422,38.316978454589844
8924501,2019,2019-11-18,4803,2019-07-15,1941,476,,1,5,5,4803,0,0,0,,0,0CE,"TEXAS ST","WISCONSIN ST",340.00,N,N,A,-,N,,,,,,,,,,Y,2,0,2,2,A,-,03,22350,,N,D,C,A,A,H,-,A,D,0,,,Y,,Y,,C,02,1,0,1,0,0,0,0,0,1,"- ","- ",38.260021209716797,-122.03411102294922,SOLANO,FAIRFIELD,-122.03424072265625,38.260971069335938
8924523,2019,2019-11-18,4803,2019-07-18,2345,976,,4,5,5,4803,0,0,0,,0,0CE,"SUNSET AV","DANIEL ST",40.00,N,N,A,-,N,,,,,,,,,,,2,0,1,2,A,-,03,22350,,F,C,G,A,A,H,-,C,D,0,,Y,,,Y,,A,07,1,0,0,0,0,0,1,0,0,"- ","- ",38.260009765625,-122.01978302001953,SOLANO,FAIRFIELD,-122.0198974609375,38.26007080078125
8939125,2019,2021-05-28,4803,2019-09-04,1749,1215,NORTH,3,5,5,4803,0,0,0,,0,0CO,"MANGELS BL","BAROQUE DR",0.00,,Y,A,-,N,,,,,,,,,,Y,1,1,0,2,A,-,09,21801,A,N,A,C,A,A,H,-,A,D,0,,,Y,,Y,Y,A,01,0,0,0,0,0,0,0,1,0,"- ","- ",38.221229553222656,-122.14665985107422,SOLANO,FAIRFIELD,-122.14662933349609,38.221210479736328
8939188,2018,2019-12-03,4807,2018-06-22,2229,705,4807,5,5,6,4807,0,0,0,,0,002,"MAPLE AV","FOSTER ST",11.00,N,N,A,-,N,,,,,,,,,,Y,1,1,0,3,A,-,05,21650,,N,B,E,A,A,H,-,C,D,0,,,Y,,Y,Y,C,02,0,0,0,0,0,0,0,1,0,"- ","- ",38.108200073242188,-122.22112274169922,SOLANO,VALLEJO,-122.22116088867188,38.108219146728516
8939737,2023,2025-06-28,4806,2023-10-05,2350,674,702,4,5,5,4806,0,0,0,,0,007,"PEABODY RD","BEELARD DR",369.00,S,N,A,-,N,,,,,,,,,,Y,1,1,0,1,A,-,08,22107,,N,E,I,A,A,H,-,C,A,0,,,Y,,Y,Y,C,02,0,0,0,0,0,0,0,1,0,"- ","- ",38.341548919677734,-121.97091674804688,SOLANO,VACAVILLE,-121.97028350830078,38.340713500976562
8943396,2019,2019-09-24,4806,2019-07-05,2127,603,,5,5,5,4806,0,0,0,,0,,"PEABODY RD","CSP SOLANO",350.00,S,N,A,-,N,,,,,,,,,,N,2,0,1,2,A,-,01,23153,A,F,C,G,A,A,H,-,D,D,0,,Y,,,Y,Y,A,07,1,0,0,0,0,0,1,0,0,"- ","- ",38.317428588867188,-121.97051239013672,SOLANO,VACAVILLE,-121.97048950195312,38.316444396972656
8943412,2019,2019-09-24,4806,2019-07-20,1035,359,,6,5,5,4806,0,0,0,,0,,"MONTE VISTA AV","VINE ST",0.00,,Y,A,-,N,,,,,,,,,,N,2,0,1,2,A,-,11,21950,B,N,G,B,D,A,H,-,A,D,0,Y,,,,Y,,N,60,1,0,0,0,1,0,0,0,0,"- ","- ",38.358978271484375,-121.98320770263672,SOLANO,VACAVILLE,-121.98548126220703,38.358951568603516
8944749,2019,2019-10-02,4807,2019-08-21,2053,715,VALLE,3,5,6,4807,0,0,0,,0,006,"TENNESSEE ST","BRANCIFORTE ST",0.00,,Y,A,-,N,,,,,,,,,,N,2,0,1,2,A,-,11,21954,A,N,G,B,D,A,H,-,C,D,0,Y,,,,Y,,N,60,1,0,0,0,1,0,0,0,0,"- ","- ",,,SOLANO,VALLEJO,-122.26141357421875,38.110099792480469
8947605,2020,2020-10-08,4803,2020-07-15,0933,1731,,3,5,5,4803,0,0,0,,0,,"NORTH TEXAS ST","MARIGOLD DR",344.00,N,N,A,-,N,,,,,,,,,,,2,0,2,2,A,-,01,23152,F,N,C,E,A,A,G,-,A,A,0,,,,,Y,,A,01,1,0,1,0,0,0,0,0,0,"- ","- ",38.284191131591797,-122.03427886962891,SOLANO,FAIRFIELD,-122.03414154052734,38.285205841064453
8957768,2019,2019-10-16,4803,2019-08-27,1740,1681,,2,5,5,4803,0,0,0,,0,00S,"TEXAS ST","JACKSON ST",133.00,E,N,A,-,N,,,,,,,,,,,2,0,1,2,C,-,18,,,N,G,B,E,A,H,-,A,D,0,Y,,,,Y,,-,"- ",1,0,0,0,1,0,0,0,0,"- ","- ",38.249229431152344,-122.04445648193359,SOLANO,FAIRFIELD,-122.04409027099609,38.249237060546875
8959596,2019,2019-10-31,4803,2019-09-13,1727,976,,5,5,5,4803,0,0,0,,0,00W,"WATERMAN BL","CAPITOLA WY",34.00,W,N,A,-,N,,,,,,,,,,Y,2,0,1,1,A,-,03,22350,,N,E,I,A,A,H,-,A,A,0,,,Y,,Y,,C,02,1,0,0,0,0,0,0,0,1,"- ","- ",38.26947021484375,-122.06639862060547,SOLANO,FAIRFIELD,-122.06652069091797,38.269508361816406
8959824,2019,2019-12-23,4803,2019-10-16,0812,476,,3,5,5,4803,0,0,0,,0,00S,"BECK AV","WOOLNER AV",0.00,,Y,A,-,N,,,,,,,,,,,2,0,1,2,A,-,08,22107,,N,D,G,A,A,H,-,A,D,0,,Y,,,Y,,L,04,1,0,0,0,0,0,1,0,0,"- ","- ",38.245269775390625,-122.06620788574219,SOLANO,FAIRFIELD,-122.06623840332031,38.245208740234375
8963582,2019,2020-01-28,4803,2019-10-09,0640,1632,,3,5,5,4803,0,0,0,,0,00W,"OLIVER RD","ROCKVILLE RD",466.00,E,N,A,-,N,,,,,,,,,,N,2,0,1,2,A,-,08,22107,,N,A,C,A,A,H,-,C,D,0,,,Y,,Y,,D,22,1,0,0,0,0,0,0,0,0,"- ","- ",,,SOLANO,FAIRFIELD,-122.06954193115234,38.250862121582031
8979880,2019,2019-11-25,4806,2019-10-05,1058,564,904,6,5,5,4806,0,0,0,,0,009,"NUT TREE PKWY","HELEN POWER DR",600.00,E,N,A,-,N,,,,,,,,,,Y,2,0,1,2,A,-,09,21801,A,N,D,C,A,A,H,-,A,D,0,,,Y,,Y,,A,01,1,0,0,0,0,0,0,0,1,"- ","- ",38.365859985351562,-121.96183776855469,SOLANO,VACAVILLE,-121.95993041992188,38.366474151611328
8997417,2019,2020-01-25,4803,2019-09-14,2115,1536,4803,6,5,5,4803,0,0,0,,0,0CE,"CEMENT HILL RD","CAMROSE AV",341.00,E,N,A,-,N,,,,,,,,,,N,2,0,1,2,A,-,01,23152,A,N,D,C,A,A,H,-,C,D,0,,,,,Y,Y,A,01,1,0,0,0,0,0,0,0,0,"- ","- ",38.278190612792969,-122.02986907958984,SOLANO,FAIRFIELD,-122.02821350097656,38.278842926025391
90009830,2015,2015-10-19,9365,2015-07-31,2303,019621,,5,3,6,4807,0,1,1,,2,080,"I-780 E/B","COLUMBUS PKY",2640.00,W,N,A,-,Y,,,780,,,,,,E,Y,2,0,1,1,A,-,08,22107,,N,E,I,A,A,H,-,D,D,0,,,,,Y,,A,01,1,0,0,0,0,0,0,0,0,"- ","- ",38.082129999999999,-122.19584,SOLANO,VALLEJO,-122.19581445999999,38.082174070000001
90011459,2015,2015-10-19,9365,2015-08-14,2155,019687,,5,2,9,4800,0,1,3,,2,122,"SR-113 S/B","SR-12 W/B",0.00,,Y,A,-,Y,,,113,,,,,,S,Y,2,0,2,2,A,-,01,23152,A,N,D,C,A,A,H,-,C,A,0,,,,,Y,Y,D,22,1,0,1,0,0,0,0,0,0,"- ","- ",38.183689999999999,-121.80623,SOLANO,UNINCORPORATED,-121.80619851,38.18368976
90013108,2015,2015-10-19,9365,2015-08-08,1814,19051,,6,2,6,4807,0,2,S,,2,901,"FAIRGROUNDS DR","GATEWAY DR",12.00,N,N,A,-,N,,,,,,,,,,Y,2,0,1,1,A,-,12,21453,A,N,E,I,A,A,H,-,A,A,0,,,,,Y,,A,01,1,0,0,0,0,0,0,0,0,"- ","- ",38.14593,-122.23538000000001,SOLANO,VALLEJO,-122.23499775000001,38.144639830000003
90015147,2015,2015-10-19,9365,2015-08-27,0845,014494,,4,1,5,4803,0,1,1,,2,084,"SR-12 W/B","AZEVEDO RD",0.00,,N,A,-,Y,,,,,,,,,,Y,2,0,2,2,A,-,08,22107,,N,A,C,A,A,H,-,A,D,0,,,,Y,Y,,A,01,1,1,0,0,0,0,0,0,0,"- ","- ",38.105899999999998,-121.45,SOLANO,FAIRFIELD,-121.74158989999999,38.183410000000002
90015763,2015,2015-10-19,9365,2015-08-29,0525,015810,,6,3,9,4800,0,2,4,,2,302,"GIBSON CANYON ROAD","MENDES LANE",700.00,N,N,A,-,N,,,,,,,,,,Y,2,0,1,1,A,-,01,23152,,N,F,A,A,A,H,-,D,D,0,,,,,Y,Y,A,01,1,0,0,0,0,0,0,0,0,"- ","- ",38.384099999999997,-122.0001,SOLANO,UNINCORPORATED,-122.00044711,38.385657639999998
90020758,2015,2015-10-29,9365,2015-09-15,0635,012308,,2,1,9,4800,0,1,3,,2,113,"SR-113 N/B","FRY RD",0.00,,Y,A,-,Y,,,113,,,,,,N,Y,2,0,1,2,A,-,05,21752,D,N,D,C,A,A,H,-,C,D,0,,,Y,Y,Y,,C,02,1,0,0,0,0,0,0,0,1,"- ","- ",38.33717,-121.82340000000001,SOLANO,UNINCORPORATED,-121.82325618,38.337167979999997
90026847,2015,2015-10-19,9365,2015-09-24,2111,019058,,4,2,9,4800,0,3,5,,2,040,"BRYANT ROAD","MERIDIAN ROAD",0.00,,Y,A,-,N,,,,,,,,,,Y,2,0,1,1,A,-,03,22350,,N,F,J,A,A,H,-,D,D,0,,,Y,,Y,,C,02,1,0,0,0,0,0,0,0,1,"- ","- ",38.43871,-121.91578,SOLANO,UNINCORPORATED,-121.91553,38.438779940000003
90026901,2015,2015-10-19,9365,2015-09-26,1715,017559,,6,2,5,4806,0,1,1,,2,087,"I-80 E/B","MERIDIAN RD",2640.00,E,N,A,-,Y,,,80,,,,,,E,Y,2,0,1,3,A,-,01,23152,A,N,C,C,A,A,H,-,A,D,0,,,Y,,Y,Y,C,02,1,0,0,0,0,0,0,0,1,"- ","- ",38.407829999999997,-121.90839,SOLANO,VACAVILLE,-121.90834125000001,38.407767069999998
90032457,2015,2015-10-19,9365,2015-08-11,1600,017747,,2,2,9,4800,0,2,4,,2,202,"SUISUN VALLEY ROAD","MANKAS CORNER ROAD",0.00,,Y,A,-,N,,,,,,,,,,Y,1,1,2,2,A,-,09,21801,A,N,D,C,A,A,H,-,A,D,0,,,,,Y,,A,01,0,1,1,0,0,0,0,0,0,"- ","- ",38.287199999999999,-122.1182,SOLANO,UNINCORPORATED,-122.11833996,38.287079890000001
90034865,2015,2015-10-29,9365,2015-10-11,2040,019749,,7,2,9,4800,0,1,3,,2,220,SR-84,"AIRPORT RD",5280.00,N,N,A,-,Y,,,84,,,,,,,Y,2,0,2,2,A,-,03,22350,,N,C,C,A,A,H,-,D,D,0,,,,,Y,,A,01,1,1,0,0,0,0,0,0,0,"- ","- ",38.182490000000001,-121.66661999999999,SOLANO,UNINCORPORATED,-121.66664571,38.182511259999998
90044640,2015,2015-11-04,9365,2015-10-29,1513,015546,,4,2,9,4800,0,1,3,,2,122,"SR-12 E/B","BECK AVE",925.00,W,N,A,-,Y,,,,,,,,,,Y,2,0,3,2,A,-,01,23152,A,N,C,C,A,A,H,-,A,D,0,,,,,Y,Y,A,01,1,1,1,0,0,0,0,0,0,"- ","- ",38.240099999999998,-122.07042,SOLANO,UNINCORPORATED,-122.06960816,38.240156859999999
90049531,2015,2015-11-12,9365,2015-11-03,1205,014948,,2,1,5,4803,0,1,1,,2,681,"I-680 N/B","GOLD HILL RD",3696.00,N,N,A,-,Y,,,680,,,,,,N,Y,2,0,1,1,A,-,08,22107,,N,E,I,A,A,H,-,A,D,0,,,,,Y,,A,01,1,0,0,0,0,0,0,0,0,"- ","- ",38.194450000000003,-122.13755999999999,SOLANO,FAIRFIELD,-122.13777732,38.194446239999998
90052414,2015,2015-11-17,9365,2015-11-08,0010,019749,,7,3,9,4800,0,1,1,,2,087,"I-80 E/B","MERIDIAN RD",2640.00,W,N,A,-,Y,,,80,,,,,,E,Y,2,0,2,1,A,-,08,22107,,N,E,I,A,A,H,-,D,D,0,,,,,Y,Y,A,01,1,1,0,0,0,0,0,0,0,"- ","- ",38.398339999999997,-121.92046999999999,SOLANO,UNINCORPORATED,-121.92053891,38.398427720000001
90058421,2015,2015-11-24,9365,2015-11-14,0710,014494,,6,1,5,4803,0,1,1,,2,085,"I-80 E/B","LAGOON VALLEY RD",3168.00,W,N,B,-,Y,,,,,,,,,,Y,2,0,1,1,A,-,08,22107,,N,E,I,A,A,H,-,A,D,0,,,,,Y,,A,01,1,0,0,0,0,0,0,0,0,"- ","- ",38.318210000000001,-122.02934999999999,SOLANO,FAIRFIELD,,
90058496,2015,2015-11-24,9365,2015-11-12,0915,014687,,4,1,5,4806,0,1,1,,2,086,"I-80 E/B","ALAMO DR",1700.00,W,N,A,-,Y,,,80,,,,,,E,Y,2,0,3,2,A,-,03,22350,,M,B,C,A,A,H,-,A,D,0,,,,Y,Y,,A,01,1,1,1,0,0,0,0,0,0,"- ","- ",38.344410000000003,-122.00179,SOLANO,VACAVILLE,-122.00179952000001,38.34443504
90082554,2015,2015-12-28,9365,2015-12-06,0255,019790,,7,3,9,4800,0,1,1,,2,680,"I-680 N/B TO I-80 EB",I-80,200.00,S,N,A,-,Y,,,680,,,,R,,N,Y,2,0,1,1,A,-,01,23152,A,N,F,I,A,A,H,-,D,D,0,,,,,Y,Y,A,01,1,0,0,0,0,0,0,0,0,"- ","- ",38.21651,-122.13703,SOLANO,UNINCORPORATED,-122.13703,38.21651
90089426,2015,2016-01-06,9365,2015-12-06,0945,020112,,7,1,6,4807,0,1,3,,2,371,"SR-29 SOUTHBOUND TO SR-37 EASTBOUND","SONOMA BOULEVARD",500.00,W,N,C,-,Y,,,29,,,,R,,S,Y,2,0,1,1,A,-,03,22350,,N,E,I,A,B,H,-,A,D,0,,,,,Y,,A,01,1,0,0,0,0,0,0,0,0,"- ","- ",38.137439999999998,-122.25717,SOLANO,VALLEJO,-122.25717,38.137439999999998
90089762,2015,2016-01-06,9365,2015-12-24,1340,019051,,4,1,6,4807,0,1,1,,2,077,"I-780 W/B","GLEN COVE PKY",2640.00,W,N,B,-,Y,,,,,,,,,,Y,2,0,1,1,A,-,08,22107,,N,F,C,A,A,H,-,A,D,0,,,,,Y,,A,01,1,0,0,0,0,0,0,0,0,"- ","- ",38.087969999999999,-122.21809,SOLANO,VALLEJO,-122.21862323000001,38.088272549999999
90092817,2015,2016-01-11,9365,2015-10-20,2126,019644,,2,2,6,4807,0,1,1,,2,081,"I-80 E/B","TENNESSEE ST O/C",640.00,E,N,A,-,Y,,,,,,,,,,Y,1,1,0,2,A,-,11,21954,A,N,G,B,E,A,H,-,C,D,0,Y,,,,Y,Y,N,60,0,0,0,1,0,0,0,0,0,"- ","- ",38.091949999999997,-122.23612,SOLANO,VALLEJO,-122.22951999999999,38.109650000000002
90099169,2015,2016-01-20,9365,2015-12-03,1310,015882,,4,1,9,4800,0,1,3,,2,122,"SR-12 WESTBOUND",SR-113,2640.00,E,N,B,C,Y,,,12,,,,,,W,Y,1,2,1,3,A,-,03,22350,,N,D,C,A,B,H,-,A,D,0,,,,,Y,,A,01,1,0,0,0,0,0,0,0,0,"- ","- ",38.183500000000002,-121.79676000000001,SOLANO,UNINCORPORATED,-121.79676004,38.183533760000003
90099468,2015,2016-02-18,9365,2015-11-16,2120,019094,,1,2,9,4800,0,3,5,,2,010,"BENICIA RD.","REAM ST.",0.00,,Y,A,-,N,,,,,,,,,,Y,1,1,0,2,A,-,03,22350,,N,G,B,B,A,H,-,C,D,0,Y,,,,Y,,A,08,0,0,0,1,0,0,0,0,0,"- ","- ",38.095320000000001,-122.23249,SOLANO,UNINCORPORATED,-122.23237996,38.095289950000002
90102475,2015,2016-01-26,9365,2015-12-12,2115,019720,,6,2,9,4800,0,1,1,,2,680,"I-680 N/B","SMITH DR",646.00,S,N,B,-,Y,,,680,,,,,,N,Y,1,2,2,3,A,-,01,23152,E,N,C,C,A,A,H,-,D,D,0,,,,,Y,Y,A,07,0,1,1,0,0,0,0,0,0,"- ","- ",38.188510000000001,-122.13723,SOLANO,UNINCORPORATED,-122.13721885,38.188513319999998
90102682,2016,2016-01-26,9365,2016-01-18,1600,015882,,1,2,9,4800,0,3,5,,2,040,"STEIGER HILL RD","GIBSON CANYON RD",958.00,W,N,B,-,N,,,,,,,,,,Y,2,0,1,1,A,-,03,22350,,N,E,J,A,A,H,-,A,D,0,,,,,Y,,D,22,1,0,0,0,0,0,0,0,0,"- ","- ",38.392980000000001,-122.00221999999999,SOLANO,UNINCORPORATED,-122.00225628,38.393101399999999
90107186,2016,2016-02-02,9365,2016-01-26,1815,016261,,2,2,5,4803,0,1,1,,2,084,"I-80 E/B","W. TEXAS STREET",528.00,E,N,A,-,Y,,,80,,,,,,E,N,2,0,1,2,A,-,11,21954,A,F,G,B,E,A,H,-,C,D,0,Y,,,,Y,,N,60,1,0,0,0,1,0,0,0,0,"- ","- ",38.253799999999998,-122.06610000000001,SOLANO,FAIRFIELD,-122.06609087,38.253792310000001
9010979,2019,2020-05-15,4805,2019-09-28,0649,5L91,4805,6,5,4,4805,0,0,0,,0,001,"RT 12","CIVIC CENTER",0.00,,Y,A,-,N,,,12,,,,,,,Y,2,0,2,2,A,-,03,22350,,N,C,C,A,A,H,-,B,D,0,,,,Y,Y,,G,25,1,0,1,0,0,0,0,0,0,"- ","- ",38.243438720703125,-122.04222869873047,SOLANO,"SUISUN CITY",-122.04224395751953,38.243480682373047
90116410,2016,2016-02-16,9365,2016-02-08,1843,019749,,1,2,6,4807,0,1,3,,2,371,"SR-37 W/B","FAIRGROUNDS DR",1056.00,E,N,A,-,Y,,,37,,,,,,W,Y,2,0,1,1,A,-,08,22107,,N,E,I,A,A,H,-,D,D,0,,,,,Y,,A,01,1,0,0,0,0,0,0,0,0,"- ","- ",38.141399999999997,-122.2253,SOLANO,VALLEJO,-122.22530109,38.141477070000001
90120615,2016,2016-02-22,9365,2016-02-14,0235,019094,,7,3,6,4807,0,1,3,,2,371,"SR-37 E/B","WILSON AVE.",2094.00,E,N,A,-,Y,,,37,,,,,,E,Y,2,0,1,1,A,-,01,23152,A,N,E,I,A,A,H,-,C,D,0,,,,,Y,Y,A,01,1,0,0,0,0,0,0,0,0,"- ","- ",38.130659999999999,-122.26382,SOLANO,VALLEJO,-122.26384195999999,38.130684389999999
90125226,2016,2017-02-15,9365,2016-01-01,0635,016919,,5,1,5,4803,0,1,1,,2,083,"I-80 E/B","GREEN VALLEY RD O/C",1584.00,W,N,A,-,Y,,,80,,,,,,E,N,1,1,0,2,A,-,00,21954,,N,G,B,E,A,H,-,D,D,0,Y,,,Y,Y,Y,N,60,0,0,0,1,0,0,0,0,0,"- ","- ",38.211680000000001,-122.14475,SOLANO,FAIRFIELD,-122.1447907,38.21173855
90126002,2016,2016-02-29,9365,2016-02-20,0235,019687,,6,3,5,4803,0,1,1,,2,084,"I-80 W/B","W. TEXAS STREET",1531.00,W,N,A,-,Y,,,80,,,,,,W,Y,2,0,1,1,A,-,08,22107,,N,E,I,A,A,H,-,D,D,0,,,,,Y,,A,01,1,0,0,0,0,0,0,0,0,"- ","- ",38.247660000000003,-122.07420999999999,SOLANO,FAIRFIELD,-122.07418645999999,38.247574909999997
9013265,2019,2020-02-13,4803,2019-12-11,0607,1691,,3,5,5,4803,0,0,0,,0,00E,"VANDEN RD","CANON RD",3014.00,W,N,C,-,N,,,,,,,,,,,2,0,2,1,A,-,08,22107,,N,E,I,A,B,H,-,B,D,0,,,,,Y,,A,07,2,0,0,0,0,0,0,0,0,"- ","- ",,,SOLANO,FAIRFIELD,-121.95418548583984,38.294731140136719
90135742,2016,2016-04-07,9365,2016-02-05,1412,019107,,5,2,5,4803,0,1,1,,2,681,"I-680 (NORTHBOUND)","GOLD HILL ROAD",948.00,S,N,A,-,Y,,,680,,,,,,,Y,1,1,1,3,A,-,03,22350,,N,C,C,A,A,H,-,A,D,0,,,,,Y,,A,01,0,0,1,0,0,0,0,0,0,"- ","- ",38.18018,-122.13272000000001,SOLANO,FAIRFIELD,-122.13270331,38.180189419999998
90150816,2016,2016-04-05,9365,2016-03-26,1720,019994,,6,2,3,4802,0,1,3,,2,122,"COOK LANE",SR-113,2100.00,S,N,A,-,N,,,,,,,,,,Y,2,0,1,1,A,-,08,22107,,N,F,I,A,A,H,-,A,D,0,,,,,Y,,A,07,1,0,0,0,0,0,0,0,0,"- ","- ",38.279589999999999,-121.82384,SOLANO,DIXON,-121.82377489,38.279802310000001
90171641,2016,2016-05-03,9365,2016-03-17,1640,018954,,4,2,9,4800,0,1,A,,2,030,"WINTERS ROAD","ALLENDALE ROAD",25.00,N,N,A,-,N,,,,,,,,,,Y,2,0,1,1,A,-,03,22350,,N,E,I,A,A,H,-,A,D,0,,,Y,,Y,,C,02,1,0,0,0,0,0,0,0,1,"- ","- ",38.453400000000002,-121.94259,SOLANO,UNINCORPORATED,-121.94257005,38.453358219999998
90171676,2016,2016-05-03,9365,2016-04-28,1755,016515,,4,2,9,4800,0,1,3,,2,113,"SR-113 N/B","HASTINGS ISLAND RD",14.00,N,N,A,-,Y,,,113,,,,,,N,Y,2,0,1,1,A,-,03,22350,,N,F,A,A,A,H,-,A,D,0,,,Y,,Y,,C,02,1,0,0,0,0,0,0,0,1,"- ","- ",38.285249999999998,-121.8052,SOLANO,UNINCORPORATED,-121.80531618000001,38.285169029999999
90177071,2016,2016-05-11,9365,2016-05-06,1913,018753,,5,2,9,4800,0,1,A,,2,030,"7616 LOCKE ROAD","ESQUIVEL ROAD",1056.00,N,N,A,-,Y,,,,,,,,,,Y,2,0,1,1,C,-,18,,,N,E,I,A,A,H,-,A,D,0,,,,,Y,,-,"- ",1,0,0,0,0,0,0,0,0,"- ","- ",38.432870000000001,-121.94812,SOLANO,UNINCORPORATED,-121.94815680000001,38.432300400000003
90180905,2016,2016-05-17,9365,2016-05-11,0828,015810,,3,1,5,4803,0,1,1,,2,083,"I-80 W/B","SUISUN VALLEY ROAD O/C",2100.00,E,N,A,-,Y,,,80,,,,,,W,Y,2,0,3,3,A,-,03,22350,,N,C,C,A,A,H,-,A,D,0,,,,,Y,,A,01,1,0,2,0,0,0,0,0,0,"- ","- ",38.227679999999999,-122.12099000000001,SOLANO,FAIRFIELD,-122.12094347999999,38.22758632
90185181,2016,2016-05-23,9365,2016-05-14,0125,019644,,6,3,4,4801,0,1,1,,2,077,"I-780 W/B","E. SECOND ST U/C",1584.00,W,N,A,-,Y,,,780,,,,,,W,Y,2,0,1,1,A,-,01,23152,A,N,E,I,A,A,H,-,C,D,0,,,,,Y,Y,A,01,1,0,0,0,0,0,0,0,0,"- ","- ",38.061489999999999,-122.15379,SOLANO,BENICIA,-122.15377293,38.061531449999997
90187837,2016,2016-06-06,9365,2016-04-29,2228,019441,,5,3,5,4803,0,1,1,,2,085,"INTERSTATE 80 E/B","AIR BASE PKY O/C",2640.00,E,N,A,-,Y,,,80,,,,,,E,Y,1,1,2,1,A,-,03,22350,,N,E,I,A,A,H,-,C,D,0,,,,,Y,,A,01,0,2,0,0,0,0,0,0,0,"- ","- ",38.280450000000002,-122.04339,SOLANO,FAIRFIELD,-122.04347795,38.28052409
90193325,2016,2016-06-02,9365,2016-05-26,2310,019231,,4,3,9,4800,0,3,5,,2,040,"VACA VALLEY RD","GIBSON CANYON RD",2640.00,W,N,A,-,N,,,,,,,,,,Y,2,0,1,1,A,-,01,23152,A,N,E,J,A,A,H,-,D,D,0,,,,,Y,Y,A,01,1,0,0,0,0,0,0,0,0,"- ","- ",38.379440000000002,-122.00903,SOLANO,UNINCORPORATED,-122.00730801,38.379377380000001
90207106,2016,2016-06-22,9365,2016-06-17,1530,018954,,5,2,5,4806,0,1,1,,2,086,"I-80 W/B","ALLISON DR",55.00,W,N,A,-,Y,,,80,,,,,,W,Y,2,0,1,4,A,-,03,22350,,N,C,C,A,A,H,-,A,D,0,,,,,Y,,A,01,1,0,0,0,0,0,0,0,0,"- ","- ",38.361449999999998,-121.96969,SOLANO,VACAVILLE,-121.96969367,38.361456009999998
90207576,2016,2016-06-22,9365,2016-05-24,2100,017736,,2,2,9,4800,0,1,A,,2,030,"TUBBS RD","SWEENEY RD",660.00,S,N,A,-,Y,,,,,,,,,,Y,1,1,0,2,A,-,03,22350,,N,D,C,A,A,H,-,D,D,0,,,Y,,Y,Y,C,02,0,0,0,0,0,0,0,1,0,"- ","- ",38.27599,-121.56332999999999,SOLANO,UNINCORPORATED,-121.94249081,38.466315999999999
90207932,2016,2016-06-23,9365,2016-06-13,2040,016261,,1,2,5,4803,0,1,1,,2,084,"I-80 W/B","W. TEXAS ST.",400.00,W,N,A,-,Y,,,80,,,,,,W,Y,2,0,1,1,A,-,08,22107,,N,E,I,A,A,H,-,D,D,0,,,,,Y,,A,01,1,0,0,0,0,0,0,0,0,"- ","- ",38.248130000000003,-122.0722,SOLANO,FAIRFIELD,-122.07224103999999,38.248213819999997