CASE_ID,ACCIDENT_YEAR,PROC_DATE,JURIS,COLLISION_DATE,COLLISION_TIME,OFFICER_ID,REPORTING_DISTRICT,DAY_OF_WEEK,CHP_SHIFT,POPULATION,CNTY_CITY_LOC,SPECIAL_COND,BEAT_TYPE,CHP_BEAT_TYPE,CITY_DIVISION_LAPD,CHP_BEAT_CLASS,BEAT_NUMBER,PRIMARY_RD,SECONDARY_RD,DISTANCE,DIRECTION,INTERSECTION,WEATHER_1,WEATHER_2,STATE_HWY_IND,CALTRANS_COUNTY,CALTRANS_DISTRICT,STATE_ROUTE,ROUTE_SUFFIX,POSTMILE_PREFIX,POSTMILE,LOCATION_TYPE,RAMP_INTERSECTION,SIDE_OF_HWY,TOW_AWAY,COLLISION_SEVERITY,NUMBER_KILLED,NUMBER_INJURED,PARTY_COUNT,PRIMARY_COLL_FACTOR,PCF_CODE_OF_VIOL,PCF_VIOL_CATEGORY,PCF_VIOLATION,PCF_VIOL_SUBSECTION,HIT_AND_RUN,TYPE_OF_COLLISION,MVIW,PED_ACTION,ROAD_SURFACE,ROAD_COND_1,ROAD_COND_2,LIGHTING,CONTROL_DEVICE,CHP_ROAD_TYPE,PEDESTRIAN_ACCIDENT,BICYCLE_ACCIDENT,MOTORCYCLE_ACCIDENT,TRUCK_ACCIDENT,NOT_PRIVATE_PROPERTY,ALCOHOL_INVOLVED,STWD_VEHTYPE_AT_FAULT,CHP_VEHTYPE_AT_FAULT,COUNT_SEVERE_INJ,COUNT_VISIBLE_INJ,COUNT_COMPLAINT_PAIN,COUNT_PED_KILLED,COUNT_PED_INJURED,COUNT_BICYCLIST_KILLED,COUNT_BICYCLIST_INJURED,COUNT_MC_KILLED,COUNT_MC_INJURED,PRIMARY_RAMP,SECONDARY_RAMP,LATITUDE,LONGITUDE,COUNTY,CITY,POINT_X,POINT_Y
90210567,2016,2016-07-19,9365,2016-03-26,1950,020141,,6,2,5,4803,0,1,1,,2,083,"I-80 E/B","SUISUN VALLEY RD",4752.00,E,N,A,-,Y,,,80,,,,,,E,Y,1,1,3,4,A,-,01,23152,A,N,B,E,E,A,H,-,C,D,0,Y,,,,Y,Y,A,01,0,3,0,1,1,0,0,0,0,"- ","- ",38.229100000000003,-122.11657,SOLANO,FAIRFIELD,-122.11662976,38.229245069999997
90220705,2016,2016-07-12,9365,2016-05-01,0523,017559,,7,3,9,4800,0,1,1,,2,085,"I-80 E/B","LAGOON VALLEY RD",3168.00,W,N,A,-,Y,,,80,,,,,,E,Y,1,2,3,3,A,-,01,23152,A,N,C,C,F,A,H,-,D,D,0,Y,,,,Y,Y,A,01,1,0,2,0,1,0,0,0,0,"- ","- ",38.31756,-122.02996,SOLANO,UNINCORPORATED,-122.03004394,38.317634550000001
90224392,2016,2016-07-18,9365,2016-07-05,1150,018015,,2,1,5,4803,0,1,1,,2,681,"I-680 N/B TO I-80 E/B","CORDELIA RD",2000.00,N,N,A,-,Y,,,680,,,,R,,N,Y,2,0,1,1,A,-,08,22107,,N,E,I,A,A,H,-,A,D,0,,,Y,,Y,,C,02,1,0,0,0,0,0,0,0,1,"- ","- ",38.215649999999997,-122.13764999999999,SOLANO,FAIRFIELD,-122.13764999999999,38.215649999999997
90224649,2016,2016-07-18,9365,2016-07-04,2146,017654,,1,2,5,4806,0,1,1,,2,087,"I-80 E/B","LEISURE TOWN ROAD",3400.00,E,N,A,-,Y,,,80,,,,,,E,Y,2,0,1,1,A,-,01,23152,A,N,F,A,A,A,H,-,C,D,0,,,Y,,Y,Y,C,02,1,0,0,0,0,0,0,0,1,"- ","- ",38.395029999999998,-121.92474,SOLANO,VACAVILLE,-121.92478567000001,38.39508704
90232806,2016,2016-07-28,9365,2016-07-15,1520,020141,,5,2,5,4803,0,1,1,,2,085,"I-80 E/B","MANUEL CAMPOS PKWY.",1584.00,E,N,A,-,Y,,,80,,,,,,E,Y,2,0,1,3,A,-,08,22107,,N,G,B,E,A,H,-,A,D,0,Y,,,,Y,,A,01,1,0,0,0,1,0,0,0,0,"- ","- ",38.300870000000003,-122.03369000000001,SOLANO,FAIRFIELD,-122.03377587,38.300871389999998
90239523,2016,2016-08-08,9365,2016-07-29,1551,020141,,5,2,5,4803,0,1,1,,2,084,"I-80 E/B","ROCKVILLE RD./W TEXAS ST.",558.00,E,N,A,-,Y,,,80,,,,,,E,Y,2,0,1,2,A,-,03,22350,,N,B,C,A,A,H,-,A,D,0,,,Y,,Y,,C,02,1,0,0,0,0,0,0,0,1,"- ","- ",38.251010000000001,-122.06862,SOLANO,FAIRFIELD,-122.06851112,38.250918310000003
90240707,2016,2016-08-09,9365,2016-07-30,1210,018702,,6,1,6,4807,0,1,1,,2,078,"I-780 W/B","I-80 E/B",2534.00,E,N,A,-,Y,,,780,,,,,,W,N,2,0,2,1,A,-,08,22107,,N,F,A,A,A,H,-,A,A,0,,,Y,,Y,,C,02,1,1,0,0,0,0,0,0,2,"- ","- ",38.089379999999998,-122.22105999999999,SOLANO,VALLEJO,-122.22114434,38.089071330000003
90242565,2016,2017-08-21,9365,2016-05-26,1022,014948,,4,1,9,4800,0,1,3,,2,122,"SR-12 E/B","SHILOH RD",2112.00,E,N,A,-,Y,,,12,,,,,,E,Y,1,1,1,3,A,-,05,21460,A,N,A,C,A,A,H,-,A,D,0,,,,Y,Y,,A,07,0,0,1,0,0,0,0,0,0,"- ","- ",38.215299999999999,-121.88397000000001,SOLANO,UNINCORPORATED,-121.88414487,38.215139569999998
90267500,2016,2016-09-14,9365,2016-08-03,2150,017654,,3,2,9,4800,0,1,1,,2,089,"I-80 E/B","KIDWELL RD",2200.00,E,N,A,-,Y,,,80,,,,,,E,Y,1,1,0,2,A,-,08,22107,,N,C,E,A,A,H,-,C,D,0,,,,Y,Y,,A,01,0,0,0,0,0,0,0,0,0,"- ","- ",38.50976,-121.78046000000001,SOLANO,UNINCORPORATED,-121.78060960000001,38.509923309999998
90269914,2016,2016-09-19,9365,2016-09-06,1607,019790,,2,2,9,4800,0,1,1,,2,078,"I-780 E/B","E 2ND ST",995.00,W,N,A,-,Y,,,,,,,,,,Y,2,0,2,1,A,-,08,22107,,N,E,I,A,A,H,-,A,D,0,,,,,Y,,D,22,1,1,0,0,0,0,0,0,0,"- ","- ",38.059730000000002,-122.15152999999999,SOLANO,UNINCORPORATED,,
90287331,2016,2016-10-10,9365,2016-08-12,1915,016515,,5,2,9,4800,0,3,5,,2,040,"PEDRICK RD.","TREMONT RD.",2974.00,N,N,A,-,N,,,,,,,,,,Y,1,1,2,2,A,-,05,21650,,N,A,C,A,A,H,-,A,D,0,,,,,Y,,A,01,0,0,2,0,0,0,0,0,0,"- ","- ",38.504440000000002,-121.80362,SOLANO,UNINCORPORATED,-121.80358099999999,38.504327799999999
90289997,2016,2016-10-12,9365,2016-10-06,2015,020774,,4,2,4,4805,0,1,1,,2,083,"I-80 E/B","PITTMAN RD",1162.00,E,N,A,-,Y,,,,,,,,,,Y,2,0,2,1,A,-,08,22107,,N,E,I,A,A,H,-,C,D,0,,,,,Y,,A,01,1,0,1,0,0,0,0,0,0,"- ","- ",38.132939999999998,-122.73260999999999,SOLANO,"SUISUN CITY",,
90295766,2016,2016-10-19,9365,2016-08-29,1352,015546,,1,1,5,4806,0,1,1,,2,086,"I-80 E/B","LEISURE TOWN ROAD",2210.00,E,N,A,-,Y,,,80,,,,,,E,Y,1,1,0,2,A,-,01,23152,E,N,C,E,A,A,H,-,A,D,0,,,,Y,Y,,A,01,0,0,0,0,0,0,0,0,0,"- ","- ",38.392429999999997,-121.92804,SOLANO,VACAVILLE,-121.92809869,38.39250389
90298983,2016,2016-10-24,9365,2016-10-11,0300,018303,,2,3,6,4807,0,1,3,,2,371,"SR-37 W/B","FAIRGROUNDS DR O/C",500.00,E,N,A,-,Y,,,37,,,,,,W,Y,2,0,1,1,A,-,01,23152,A,N,B,I,A,A,H,-,C,D,0,,,,,Y,Y,A,07,1,0,0,0,0,0,0,0,0,"- ","- ",38.141739999999999,-122.23204,SOLANO,VALLEJO,-122.23203676999999,38.14145104
9030858,2019,2020-02-03,4803,2019-12-22,0202,1649,SOLAN,7,5,5,4803,0,0,0,,0,00S,"TRAVIS BL","MAUPIN LN",173.00,W,N,A,-,N,,,,,,,,,,Y,2,0,1,1,A,-,01,23152,F,N,E,I,A,A,H,-,C,D,0,,,,,Y,,A,01,1,0,0,0,0,0,0,0,0,"- ","- ",38.258010864257812,-122.05896759033203,SOLANO,FAIRFIELD,-122.05937957763672,38.258148193359375
90312970,2016,2016-11-07,9365,2016-10-29,0332,019441,,6,3,2,4804,0,1,S,,2,901,"VIRGINIA DR. S/B","SR-12 W/B",0.00,,Y,A,-,Y,,,,,,,,,,Y,2,0,1,2,A,-,12,22450,A,N,D,C,A,B,H,-,C,A,0,,,Y,Y,Y,,C,06,1,0,0,0,0,0,0,0,1,"- ","- ",38.161099999999998,-121.69002999999999,SOLANO,"RIO VISTA",,
90327424,2016,2016-11-29,9365,2016-09-29,0627,014264,,4,1,6,4807,0,1,1,,2,081,"INTERSTATE 80 WESTBOUND","REDWOOD STREET",2318.00,W,N,A,-,Y,,,80,,,,,,W,Y,1,1,0,3,A,-,03,22350,,N,B,C,A,A,H,-,D,D,0,,,Y,Y,Y,,C,02,0,0,0,0,0,0,0,1,0,"- ","- ",38.116399999999999,-122.23017,SOLANO,VALLEJO,-122.23020772,38.116397130000003
90339089,2016,2016-12-07,9365,2016-11-28,2230,020910,,1,3,5,4806,0,1,1,,2,086,"I-80 E/B","ELMIRA RD",420.00,W,N,A,-,Y,,,80,,,,,,E,Y,2,0,3,2,A,-,03,22350,,N,C,C,A,A,H,-,D,D,0,,,,,Y,,A,01,1,0,2,0,0,0,0,0,0,"- ","- ",38.35333,-121.9796,SOLANO,VACAVILLE,-121.97961261,38.353346469999998
90342142,2016,2016-12-12,9365,2016-12-01,1552,020432,,4,2,5,4803,0,1,1,,2,681,"I-680 N/B","W CORDELIA ROAD",3168.00,S,N,A,-,Y,,,680,,,,,,N,Y,2,0,2,2,A,-,03,22350,,N,C,C,A,A,H,-,A,D,0,,,,,Y,Y,A,07,1,0,1,0,0,0,0,0,0,"- ","- ",38.2014,-122.13789,SOLANO,FAIRFIELD,-122.13787714,38.201400210000003
90354355,2016,2016-12-27,9365,2016-12-04,2213,020615,,7,3,5,4803,0,1,1,,2,083,"E/B I-80",SR-12,3168.00,W,N,A,-,Y,,,,,,,,,,Y,2,0,2,2,A,-,03,22350,,N,C,C,A,A,H,-,D,D,0,,,,,Y,Y,A,07,1,0,1,0,0,0,0,0,0,"- ","- ",38.236289999999997,-122.10114,SOLANO,FAIRFIELD,,
90362370,2016,2017-01-05,9365,2016-11-04,0124,020615,,5,3,5,4806,0,1,1,,2,086,"W/B I-80","LEISURE TOWN ROAD",1050.00,E,N,A,-,Y,,,80,,,,,,,Y,1,1,0,2,A,-,01,23152,A,N,C,E,A,A,H,-,C,D,0,,,,Y,Y,Y,A,01,0,0,0,0,0,0,0,0,0,"- ","- ",38.393639999999998,-121.92737,SOLANO,VACAVILLE,-121.92726974,38.39351164
90374623,2016,2017-01-23,9365,2016-12-31,0229,020579,,6,3,5,4803,0,1,1,,2,084,"I-80 E/B","W. TEXAS ST",1214.00,E,N,A,-,Y,,,80,,,,,,E,Y,2,0,1,3,A,-,03,22350,,N,D,C,E,A,H,-,D,D,0,Y,,,Y,Y,,G,25,1,0,0,0,1,0,0,0,0,"- ","- ",38.254190000000001,-122.06577,SOLANO,FAIRFIELD,-122.06576178,38.254183079999997
90374698,2017,2017-01-23,9365,2017-01-10,1545,019051,,2,2,9,4800,0,1,3,,2,122,"SR-12 E/B","OLSEN RD",2640.00,E,N,C,-,Y,,,12,,,,,,E,Y,2,0,2,2,A,-,03,22350,,N,A,C,A,B,H,-,A,D,0,,,,,Y,,D,22,2,0,0,0,0,0,0,0,0,"- ","- ",38.183450000000001,-121.82138,SOLANO,UNINCORPORATED,-121.82137872,38.183700629999997
90383039,2017,2017-03-07,9365,2017-01-19,0046,020566,,4,3,5,4803,0,1,1,,2,084,"I-80 W/B","AIR BASE PKY",1320.00,W,N,C,-,Y,,,,,,,,,,Y,2,0,1,3,A,-,03,22350,,N,C,C,E,B,H,-,D,D,0,Y,,,,Y,,A,01,1,0,0,0,1,0,0,0,0,"- ","- ",38.269620000000003,-122.65328,SOLANO,FAIRFIELD,-122.05246233,38.270313960000003
9038811,2020,2020-02-26,4803,2020-01-04,2232,476,,6,5,5,4803,0,0,0,,0,0CE,"NORTH TEXAS ST","TRANSPORTATION CT",0.00,,Y,A,-,N,,,,,,,,,,Y,2,0,2,2,A,-,00,23153,F,N,D,C,A,A,H,-,C,A,0,,,,,Y,,A,07,2,0,0,0,0,0,0,0,0,"- ","- ",38.288539886474609,-122.03426361083984,SOLANO,FAIRFIELD,-122.03411865234375,38.288490295410156
90388891,2017,2017-02-08,9365,2017-01-30,0645,014948,,1,1,9,4800,0,3,5,,2,020,"RAMSEY RD","GOLD HILL RD",2640.00,N,N,A,-,N,,,,,,,,,,Y,2,0,2,2,A,-,05,21650,,N,A,C,A,A,H,-,A,D,0,,,,,Y,,A,08,1,1,0,0,0,0,0,0,0,"- ","- ",38.188200000000002,-122.13679999999999,SOLANO,UNINCORPORATED,-122.13717963000001,38.189120279999997
90388994,2016,2017-02-08,9365,2016-12-14,1955,015441,,3,2,9,4800,0,3,5,,2,040,"MERIDIAN RD","SWEENEY RD",0.00,,Y,B,-,N,,,,,,,,,,Y,1,1,0,1,A,-,03,22350,,N,E,I,A,A,H,-,D,A,0,,,,,Y,,D,22,0,0,0,0,0,0,0,0,0,"- ","- ",38.467599999999997,-121.9156,SOLANO,UNINCORPORATED,-121.91560987,38.467699949999997
9038914,2020,2020-03-02,4807,2020-01-16,1751,#717,VALLE,4,5,6,4807,0,0,0,,0,006,"REDWOOD ST","SONOMA BL",602.00,W,N,C,-,N,,,,,,,,,,Y,2,0,3,2,A,-,05,21651,B,N,A,C,A,B,H,-,C,D,0,,,,,Y,,A,01,1,0,2,0,0,0,0,0,0,"- ","- ",38.123008728027344,-122.25537109375,SOLANO,VALLEJO,-122.25740814208984,38.123306274414062
90395111,2017,2017-02-16,9365,2017-02-01,1355,015546,,3,1,9,4800,0,1,1,,2,089,"SR-113 S/B TO I-80 E/B","GARROD DR",528.00,S,N,A,-,Y,,,113,,,,R,,S,Y,2,0,2,3,C,-,18,,,N,C,C,A,A,H,-,A,D,0,,,,Y,Y,,-,"- ",1,0,1,0,0,0,0,0,0,"- ","- ",38.529769999999999,-121.76906,SOLANO,UNINCORPORATED,-121.76906,38.529769999999999
90418078,2017,2017-03-22,9325,2017-03-11,1550,021479,,6,2,9,4800,0,1,3,,1,080,SR-128,"GREAVES RD",10349.00,E,N,A,-,Y,,,128,,,,,,,N,2,0,1,2,A,-,03,22350,,N,D,C,A,A,H,-,A,D,0,,,Y,,Y,,C,02,1,0,0,0,0,0,0,0,1,"- ","- ",38.512970000000003,-122.10299000000001,SOLANO,UNINCORPORATED,-122.10320335999999,38.512127960000001
9042568,2020,2020-03-06,4803,2020-01-24,1400,1215,,5,5,5,4803,0,0,0,,0,0CO,"CENTRAL WY","RITCHIE RD",220.00,N,N,A,-,N,,,,,,,,,,N,2,0,1,1,A,-,03,22350,,N,H,A,A,A,G,-,A,D,0,,,,,Y,,D,22,1,0,0,0,0,0,0,0,0,"- ","- ",38.213901519775391,-122.13710021972656,SOLANO,FAIRFIELD,-122.13745880126953,38.214542388916016
90441242,2017,2017-04-25,9365,2017-02-18,0149,021027,,6,3,9,4800,0,1,1,,2,089,"I-80 W/B TO SR-113 N/B","OLD DAVIS ROAD",2338.00,W,N,B,C,Y,,,80,,,,R,,W,Y,1,1,0,1,A,-,01,23152,A,N,E,I,A,B,H,-,C,D,0,,,,,Y,Y,A,01,0,0,0,0,0,0,0,0,0,"- ","- ",38.52563,-121.76519999999999,SOLANO,UNINCORPORATED,-121.76519999999999,38.52563
90442457,2017,2017-04-26,9365,2017-04-14,0505,020508,,5,3,5,4803,0,1,1,,2,083,"I-80 W/B TO NEITZEL RD","SUISUN VALLEY RD",190.00,W,N,A,-,Y,,,,,,,,,,Y,2,0,1,1,A,-,08,22107,,N,E,I,A,A,H,-,C,D,0,,,,,Y,,A,01,1,0,0,0,0,0,0,0,0,"- ","- ",38.132280000000002,-122.74826,SOLANO,FAIRFIELD,-122.1295338,38.222601740000002
90443352,2017,2017-04-27,9365,2017-03-29,2110,020615,,3,2,9,4800,0,1,1,,2,081,"I-80 E/B","LYNCH RD",5213.00,E,N,A,-,Y,,,80,,,,,,E,Y,2,0,1,1,A,-,01,23152,A,N,F,I,A,A,H,-,D,D,0,,,,,Y,Y,A,01,1,0,0,0,0,0,0,0,0,"- ","- ",38.196060000000003,-122.16383,SOLANO,UNINCORPORATED,-122.16378698,38.196011579999997
90457783,2017,2017-05-17,9365,2017-05-07,1615,020432,,7,2,9,4800,0,1,A,,2,030,"HARTLEY RD","UDELL RD",1901.00,S,N,A,-,N,,,,,,,,,,Y,2,0,1,2,A,-,03,22350,,N,D,C,A,A,H,-,A,D,0,,,Y,,Y,,C,02,1,0,0,0,0,0,0,0,1,"- ","- ",38.429690000000001,-121.94320999999999,SOLANO,UNINCORPORATED,-121.94312875,38.429718690000001
90457980,2017,2017-05-17,9365,2017-05-08,1406,015546,,1,2,9,4800,0,3,5,,2,040,"BATAVIA RD","MIDWAY RD",0.00,,Y,A,-,N,,,,,,,,,,Y,2,0,2,2,A,-,09,21802,A,N,D,C,A,A,H,-,A,A,0,,,,,Y,,A,07,1,0,1,0,0,0,0,0,0,"- ","- ",38.416899999999998,-121.85984999999999,SOLANO,UNINCORPORATED,-121.85963,38.416809979999996
90463014,2017,2017-05-24,9365,2017-05-13,2215,020579,,6,3,6,4807,0,1,1,,2,081,"I-80 W/B","NAPA/SOLANO CO LINE",285.00,W,N,A,-,Y,,,80,,,,,,W,Y,2,0,3,2,A,-,03,22350,,N,C,C,A,A,H,-,D,D,0,,,,,Y,,A,01,1,0,2,0,0,0,0,0,0,"- ","- ",38.154240000000001,-122.21541999999999,SOLANO,VALLEJO,-122.21545725999999,38.154265719999998
90466637,2017,2017-05-30,9365,2017-05-17,1520,018702,,3,2,5,4806,0,2,4,,2,402,"MIDWAY RD","GYPSY LN",250.00,E,N,A,-,N,,,,,,,,,,Y,2,0,1,1,C,-,18,,,N,F,A,A,A,H,-,A,D,0,,,Y,,Y,,-,"- ",1,0,0,0,0,0,0,0,1,"- ","- ",38.417099999999998,-121.9616,SOLANO,VACAVILLE,-121.96172722999999,38.417136069999998
90467113,2017,2017-10-04,9365,2017-03-19,0930,017559,,7,1,9,4800,0,3,5,,2,040,"DIXON AVE W","SCHROEDER RD",3173.00,W,N,A,-,N,,,,,,,,,,Y,1,1,0,1,A,-,08,22107,,N,F,I,A,A,H,-,A,D,0,,,,,Y,,A,01,0,0,0,0,0,0,0,0,0,"- ","- ",38.44594,-121.87255,SOLANO,UNINCORPORATED,-121.87143124000001,38.445900010000003
90475207,2017,2017-06-12,9365,2017-05-22,0734,015536,,1,1,5,4803,0,1,1,,2,084,"I-80 E/B","TRAVIS BLVD",786.00,E,N,A,-,Y,,,80,,,,,,E,Y,2,0,1,2,A,-,08,22107,,N,B,C,A,A,H,-,A,D,0,,,,,Y,,A,01,1,0,0,0,0,0,0,0,0,"- ","- ",38.260469999999998,-122.06028999999999,SOLANO,FAIRFIELD,-122.06038542,38.260551030000002
90476077,2017,2017-06-12,9365,2017-05-26,1555,020085,,5,2,4,4801,0,1,1,,2,077,"I-780 W/B","SONOMA BL",169.00,E,N,A,-,Y,,,780,,,,,,W,Y,2,0,2,1,A,-,08,22107,,N,E,I,A,A,H,-,A,D,0,,,,,Y,,A,07,1,1,0,0,0,0,0,0,0,"- ","- ",38.064990000000002,-122.16382,SOLANO,BENICIA,-122.16388555,38.064679550000001
90478281,2017,2017-06-14,9365,2017-06-04,0300,020539,,7,3,9,4800,0,1,1,,2,087,"I-80 W/B","MIDWAY RD",1953.00,E,N,A,-,Y,,,80,,,,,,W,Y,2,0,2,2,A,-,01,23152,A,N,C,C,A,A,H,-,D,D,0,,,,,Y,Y,A,01,1,1,0,0,0,0,0,0,0,"- ","- ",38.420119999999997,-121.89254,SOLANO,UNINCORPORATED,-121.89254007,38.420120089999998
90481291,2017,2017-06-19,9365,2017-06-02,2020,019720,,5,2,9,4800,0,1,1,,2,081,"I-80 WESTBOUND TO TENNESSEE ST.","TENNESSEE ST",278.00,S,N,A,-,Y,,,,,,,,,,Y,2,0,2,1,A,-,01,23152,A,N,E,I,A,A,H,-,B,D,0,,,,,Y,Y,A,01,1,0,1,0,0,0,0,0,0,"- ","- ",38.110500000000002,-122.23021,SOLANO,UNINCORPORATED,-122.22971367,38.108886669999997
9048711,2020,2020-03-19,4803,2020-01-18,1936,976,,6,5,5,4803,0,0,0,,0,0CE,"NORTH TEXAS ST","EAST PACIFIC AV",168.00,S,N,A,-,N,,,,,,,,,,N,2,0,1,2,A,-,11,21954,A,N,G,B,D,A,H,-,C,A,0,Y,,,,Y,Y,N,60,1,0,0,0,1,0,0,0,0,"- ","- ",38.268928527832031,-122.03414916992188,SOLANO,FAIRFIELD,-122.03417205810547,38.268386840820312
90488249,2017,2017-06-27,9365,2017-05-26,1013,020074,,5,1,9,4800,0,1,1,,2,077,"INTERSTATE 780","PARK STREET",60.00,E,N,A,-,Y,,,,,,,,,,Y,2,0,2,1,A,-,08,22107,,N,E,I,A,A,H,-,A,D,0,,,,,Y,,A,01,1,1,0,0,0,0,0,0,0,"- ","- ",38.050730000000001,-122.13256,SOLANO,UNINCORPORATED,,
90488262,2017,2017-06-27,9365,2017-06-08,0640,016970,,4,1,5,4803,0,1,1,,2,084,"I-80 W/B FROM TRAVIS BLVD","TRAVIS BLVD",125.00,W,N,C,-,Y,,,80,,,,R,,W,Y,2,0,3,2,A,-,08,22107,,N,A,C,A,B,H,-,A,D,0,,,,,Y,,D,22,1,0,2,0,0,0,0,0,0,"- ","- ",38.257959999999997,-122.06289,SOLANO,FAIRFIELD,-122.06289,38.257959999999997
90500307,2017,2017-07-13,9365,2017-04-25,1055,014687,,2,1,6,4807,0,1,1,,2,078,"I-780 E/B","GLEN COVE ROAD",2640.00,E,N,A,-,Y,,,,,,,,,,Y,1,1,0,1,A,-,01,23152,A,N,F,A,A,A,H,-,A,D,0,,,,,Y,Y,A,01,0,0,0,0,0,0,0,0,0,"- ","- ",38.530000000000001,-122.126,SOLANO,VALLEJO,-122.20123160999999,38.084220379999998
90503148,2017,2017-07-18,9365,2017-05-31,2055,017654,,3,2,9,4800,0,3,5,,2,040,"PEDRICK RD","DIXON AVE",1131.00,N,N,A,-,N,,,,,,,,,,Y,1,1,2,1,A,-,03,22350,,N,E,I,A,A,G,-,D,D,0,,,,,Y,,A,01,1,0,1,0,0,0,0,0,0,"- ","- ",38.448619999999998,-121.80410000000001,SOLANO,UNINCORPORATED,-121.80403332,38.448516099999999
90504135,2017,2017-07-19,9365,2017-07-09,2300,020579,,7,3,5,4803,0,1,1,,2,085,"I-80 E/B","LAGOON VALLEY RD",4488.00,W,N,A,-,Y,,,,,,,,,,Y,2,0,8,4,A,-,01,23152,G,N,C,E,E,A,H,-,D,D,0,Y,,,,Y,Y,A,01,1,1,6,0,1,0,0,0,0,"- ","- ",38.314250000000001,-122.03222,SOLANO,FAIRFIELD,,
90504179,2017,2017-07-19,9365,2017-07-09,2110,017654,,7,2,3,4802,0,3,5,,2,040,"CURRY ROAD","MILK FARM RD",360.00,N,N,A,-,N,,,,,,,,,,Y,2,0,2,1,A,-,01,23152,A,N,E,I,A,A,H,-,D,D,0,,,,,Y,Y,A,07,1,1,0,0,0,0,0,0,0,"- ","- ",38.476300000000002,-121.82231,SOLANO,DIXON,-121.82231093,38.476408730000003
90507012,2017,2017-07-24,9365,2017-07-15,1341,020068,,6,1,9,4800,0,2,4,,2,202,"SUISUN VALLEY RD","MANKAS CORNER RD",0.00,,Y,A,-,N,,,,,,,,,,Y,2,0,4,2,A,-,09,21801,A,N,A,C,A,A,H,-,A,A,0,,,,,Y,,A,01,1,1,2,0,0,0,0,0,0,"- ","- ",38.287100000000002,-122.1182,SOLANO,UNINCORPORATED,-122.11833996,38.287079890000001
90513306,2017,2017-10-04,9365,2017-05-20,0629,020074,,6,1,6,4807,0,1,1,,2,080,"INTERSTATE 80 EB","TOLL PLAZA",362.00,W,N,A,-,Y,,,,,,,,,,Y,2,0,1,1,C,-,18,,,N,E,I,A,A,H,-,A,D,0,,,,,Y,,-,"- ",1,0,0,0,0,0,0,0,0,"- ","- ",38.068519999999999,-122.22859,SOLANO,VALLEJO,,
90514245,2017,2017-08-01,9365,2017-07-21,0620,016970,,5,1,5,4803,0,1,1,,2,084,"I-80 WB","ABERNATHY ROAD",600.00,E,N,A,-,Y,,,80,,,,,,W,Y,2,0,2,2,A,-,08,22107,,N,D,C,A,A,H,-,A,D,0,,,,,Y,,A,01,1,0,1,0,0,0,0,0,0,"- ","- ",38.244100000000003,-122.0834,SOLANO,FAIRFIELD,-122.08335494000001,38.24399622
90514254,2017,2017-08-01,9365,2017-05-30,0938,018015,,2,1,5,4803,0,1,1,,2,085,"I-80 W/B","MANUEL CAMPOS PKWY",2125.00,W,N,A,-,Y,,,80,,,,,,W,Y,2,0,1,2,A,-,01,23152,F,N,C,C,A,A,H,-,A,D,0,,,,Y,Y,,F,26,1,0,0,0,0,0,0,0,0,"- ","- ",38.289409999999997,-122.03632,SOLANO,FAIRFIELD,-122.03630483000001,38.289397010000002
90518553,2017,2017-08-08,9365,2017-07-25,1715,019749,,2,2,9,4800,0,3,5,,2,040,"HYDE RD","RD. 36",2640.00,S,N,A,-,N,,,,,,,,,,N,2,0,1,1,A,-,08,22107,,N,F,A,A,A,H,-,A,D,0,,,Y,,Y,,C,02,1,0,0,0,0,0,0,0,1,"- ","- ",38.48612,-121.69329,SOLANO,UNINCORPORATED,-121.69367552,38.480318539999999
90534134,2017,2017-08-25,9365,2017-08-19,2320,021027,,6,3,9,4800,0,1,A,,2,030,"ENGLISH HILLS RD","PEACEFUL GLEN RD",465.00,N,N,A,-,N,,,,,,,,,,Y,2,0,1,1,A,-,01,23152,A,N,E,I,A,A,H,-,D,D,0,,,,,Y,Y,A,01,1,0,0,0,0,0,0,0,0,"- ","- ",38.435360000000003,-122.00072,SOLANO,UNINCORPORATED,-122.00080921999999,38.435502929999998
90570598,2017,2017-10-16,9365,2017-10-07,2350,020506,,6,3,9,4800,0,1,3,,2,113,"SR-113 N/B","FRY RD",1000.00,S,N,A,-,N,,,,,,,,,,Y,2,0,4,2,A,-,01,23152,A,N,D,C,A,A,H,-,D,D,0,,,,,Y,Y,A,01,2,2,0,0,0,0,0,0,0,"- ","- ",38.195030000000003,-121.49238,SOLANO,UNINCORPORATED,-121.8232584,38.334313430000002
90571047,2017,2017-10-16,9365,2017-10-08,1715,020141,,7,2,9,4800,0,1,1,,2,505,"I-505 N/B","THORPE RD",528.00,N,N,A,G,Y,,,505,,,,,,N,Y,2,0,1,2,A,-,03,22350,,N,C,C,A,A,H,-,A,D,0,,,Y,,Y,,C,02,1,0,0,0,0,0,0,0,1,"- ","- ",38.508070000000004,-121.95234000000001,SOLANO,UNINCORPORATED,-121.95241248000001,38.508057389999998