CASE_ID,ACCIDENT_YEAR,PROC_DATE,JURIS,COLLISION_DATE,COLLISION_TIME,OFFICER_ID,REPORTING_DISTRICT,DAY_OF_WEEK,CHP_SHIFT,POPULATION,CNTY_CITY_LOC,SPECIAL_COND,BEAT_TYPE,CHP_BEAT_TYPE,CITY_DIVISION_LAPD,CHP_BEAT_CLASS,BEAT_NUMBER,PRIMARY_RD,SECONDARY_RD,DISTANCE,DIRECTION,INTERSECTION,WEATHER_1,WEATHER_2,STATE_HWY_IND,CALTRANS_COUNTY,CALTRANS_DISTRICT,STATE_ROUTE,ROUTE_SUFFIX,POSTMILE_PREFIX,POSTMILE,LOCATION_TYPE,RAMP_INTERSECTION,SIDE_OF_HWY,TOW_AWAY,COLLISION_SEVERITY,NUMBER_KILLED,NUMBER_INJURED,PARTY_COUNT,PRIMARY_COLL_FACTOR,PCF_CODE_OF_VIOL,PCF_VIOL_CATEGORY,PCF_VIOLATION,PCF_VIOL_SUBSECTION,HIT_AND_RUN,TYPE_OF_COLLISION,MVIW,PED_ACTION,ROAD_SURFACE,ROAD_COND_1,ROAD_COND_2,LIGHTING,CONTROL_DEVICE,CHP_ROAD_TYPE,PEDESTRIAN_ACCIDENT,BICYCLE_ACCIDENT,MOTORCYCLE_ACCIDENT,TRUCK_ACCIDENT,NOT_PRIVATE_PROPERTY,ALCOHOL_INVOLVED,STWD_VEHTYPE_AT_FAULT,CHP_VEHTYPE_AT_FAULT,COUNT_SEVERE_INJ,COUNT_VISIBLE_INJ,COUNT_COMPLAINT_PAIN,COUNT_PED_KILLED,COUNT_PED_INJURED,COUNT_BICYCLIST_KILLED,COUNT_BICYCLIST_INJURED,COUNT_MC_KILLED,COUNT_MC_INJURED,PRIMARY_RAMP,SECONDARY_RAMP,LATITUDE,LONGITUDE,COUNTY,CITY,POINT_X,POINT_Y
90580784,2017,2017-10-27,9365,2017-10-15,1810,020565,,7,2,5,4803,0,1,1,,2,083,"I-80 E/B","GREEN VALLEY RD. O/C",2112.00,E,N,A,-,Y,,,80,,,,,,E,Y,2,0,1,1,A,-,03,22350,,N,F,A,A,A,H,-,A,D,0,,,Y,,Y,,C,02,1,0,0,0,0,0,0,0,1,"- ","- ",38.229309999999998,-122.11556,SOLANO,FAIRFIELD,-122.1156998,38.229637310000001
90582802,2017,2017-10-30,9365,2017-10-19,1830,020566,,4,2,5,4803,0,1,1,,2,084,"I-80 E/B","AIR BASE PKY",2262.00,W,N,B,-,Y,,,80,,,,,,E,Y,2,0,1,2,A,-,03,22350,,N,C,C,A,A,H,-,B,D,0,,,Y,,Y,,C,02,1,0,0,0,0,0,0,0,1,"- ","- ",38.267960000000002,-122.05394,SOLANO,FAIRFIELD,-122.05404928,38.268052750000003
90590400,2017,2017-11-08,9365,2017-10-29,0007,020566,,7,3,5,4803,0,1,1,,2,084,"I-80 W/B TO MANUEL CAMPOS PKWY","MANUEL CAMPOS PKWY",380.00,E,N,A,-,Y,,,80,,,,R,,W,Y,2,0,1,1,A,-,08,22107,,N,E,I,A,A,H,-,D,D,0,,,Y,,Y,,C,02,1,0,0,0,0,0,0,0,1,"- ","- ",38.2973,-122.0346,SOLANO,FAIRFIELD,-122.0346,38.2973
90591563,2017,2017-11-09,9365,2017-10-30,1445,019458,,1,2,9,4800,0,3,5,,2,020,"CORDELIA RD.","HALE RANCH RD",1122.00,W,N,A,-,N,,,,,,,,,,Y,2,0,1,2,A,-,05,21650,,N,A,C,A,A,H,-,A,D,0,,,,,Y,,D,22,1,0,0,0,0,0,0,0,0,"- ","- ",38.227240000000002,-122.09887999999999,SOLANO,UNINCORPORATED,-122.09885121000001,38.227266059999998
90593642,2017,2017-12-14,9365,2017-07-07,2214,020705,,5,3,4,4801,0,1,1,,2,078,"I-780 E/B","2ND ST",2640.00,W,N,A,-,Y,,,780,,,,,,E,Y,1,1,2,2,A,-,01,23152,F,N,C,E,A,A,H,-,D,D,0,,,,,Y,,A,01,0,1,1,0,0,0,0,0,0,"- ","- ",38.062609999999999,-122.15745,SOLANO,BENICIA,-122.15744662,38.062619920000003
90595073,2017,2017-11-15,9365,2017-06-04,2500,018702,,7,4,9,4800,0,1,3,,2,370,"SR-37 W/B","SKAGGS ISLAND ROAD",139.00,W,N,A,-,Y,,,37,,,,,,W,Y,1,1,0,1,A,-,01,23152,A,N,F,A,A,A,H,-,C,D,0,,,Y,,Y,Y,C,02,0,0,0,0,0,0,0,1,0,"- ","- ",38.149099999999997,-122.3813,SOLANO,UNINCORPORATED,-122.38131349,38.149074480000003
90596164,2017,2018-10-18,9365,2017-11-06,0913,015536,,1,1,5,4803,0,1,3,,2,121,"SR-12 E/B","RED TOP RD.",0.00,,Y,A,-,Y,,,12,,,,,,E,Y,1,1,1,2,A,-,09,21801,A,N,D,C,A,A,H,-,A,D,0,,,Y,,Y,,A,07,0,0,1,0,0,0,0,1,0,"- ","- ",38.207680000000003,-122.15673,SOLANO,FAIRFIELD,-122.1567304,38.207685570000002
90598755,2017,2017-11-20,9365,2017-10-27,1250,016970,,5,1,9,4800,0,3,5,,2,040,"PERDICK ROAD","VAUGHN ROAD",0.00,,Y,A,-,N,,,,,,,,,,Y,2,0,2,2,A,-,12,22450,A,N,D,C,A,A,H,-,A,A,0,,,,,Y,,A,07,2,0,0,0,0,0,0,0,0,"- ","- ",38.467199999999998,-121.8039,SOLANO,UNINCORPORATED,-121.803921,38.467188
9059890,2020,2020-03-03,4803,2020-01-30,1812,976,,4,5,5,4803,0,0,0,,0,0CO,"PITTMAN RD","LINK RD",521.00,W,N,A,-,N,,,,,,,,,,Y,2,0,1,2,A,-,11,21954,A,N,G,B,D,A,H,-,C,D,0,Y,,,,Y,,N,60,1,0,0,0,1,0,0,0,0,"- ","- ",38.218151092529297,-122.12957000732422,SOLANO,FAIRFIELD,-122.13036346435547,38.217094421386719
90599526,2017,2017-12-14,9365,2017-09-06,0146,019986,,3,3,6,4807,0,1,3,,2,370,"STATE ROUTE 37 WESTBOUND","FAIRGROUNDS DR.",2944.00,W,N,A,-,Y,,,,,,,,,,Y,1,1,0,1,A,-,08,22107,,N,E,I,A,A,H,-,D,D,0,,,Y,,Y,Y,C,02,0,0,0,0,0,0,0,1,0,"- ","- ",38.831440000000001,-122.14349,SOLANO,VALLEJO,-122.24297276,38.142019070000003
90610446,2017,2017-12-05,9365,2017-11-25,1520,020667,,6,2,5,4806,0,1,1,,2,505,"I-505 (S/B)",I-80,2640.00,N,N,B,-,Y,,,505,,,,,,,Y,2,0,1,1,A,-,03,22350,,N,F,A,A,A,H,-,A,D,0,,,Y,,Y,,C,02,1,0,0,0,0,0,0,0,1,"- ","- ",38.379860000000001,-121.9533,SOLANO,VACAVILLE,-121.95327104,38.379853189999999
90610661,2017,2017-12-05,9365,2017-11-25,0234,020506,,6,3,5,4803,0,1,1,,2,084,"I-80 E/B","AIR BASE PKY",1530.00,E,N,A,-,Y,,,80,,,,,,E,Y,2,0,2,1,A,-,08,22107,,N,E,I,A,A,H,-,C,D,0,,,,,Y,,A,01,2,0,0,0,0,0,0,0,0,"- ","- ",38.276940000000003,-122.04635999999999,SOLANO,FAIRFIELD,-122.04645967,38.277024330000003
90611654,2017,2017-12-06,9365,2017-11-25,2318,020579,,6,3,6,4807,0,1,3,,2,371,"SR-37 E/B","FAIRGROUNDS DR",180.00,W,N,A,-,Y,,,37,,,,,,E,Y,2,0,7,3,A,-,01,23152,A,N,C,C,A,A,H,-,D,D,0,,,,,Y,Y,A,01,1,2,4,0,0,0,0,0,0,"- ","- ",38.14123,-122.23281,SOLANO,VALLEJO,-122.23281009999999,38.141236079999999
90611690,2017,2017-12-06,9365,2017-11-26,1155,013706,,7,1,9,4800,0,1,A,,2,030,"BLUE RIDGE ROAD","MIX CANYON ROAD",15840.00,N,N,C,-,N,,,,,,,,,,Y,2,0,1,1,A,-,03,22350,,N,E,I,A,D,B,-,A,D,0,,,Y,,Y,,C,02,1,0,0,0,0,0,0,0,1,"- ","- ",38.244100000000003,-122.0638,SOLANO,UNINCORPORATED,-122.11057,38.411839999999998
90619252,2017,2017-12-18,9365,2017-11-25,1625,020074,,6,2,9,4800,0,3,5,,2,020,"SUISUN VALLEY ROAD","LEDGEWOOD ROAD",0.00,,Y,A,-,N,,,,,,,,,,N,2,0,1,2,A,-,03,22350,,N,C,C,A,A,H,-,A,D,0,,,Y,,Y,Y,C,02,1,0,0,0,0,0,0,0,1,"- ","- ",38.287410000000001,-122.1181,SOLANO,UNINCORPORATED,-122.11184994,38.271469940000003
90621916,2017,2017-12-20,9365,2017-12-12,1415,021157,,2,2,4,4801,0,1,1,,2,680,"I-680 N/B","INDUSTRIAL WAY",3310.00,N,N,A,-,Y,,,680,,,,,,N,Y,2,0,1,2,A,-,03,22350,,N,C,C,A,A,H,-,A,D,0,,,Y,,Y,,C,02,1,0,0,0,0,0,0,0,1,"- ","- ",38.075499999999998,-122.1217,SOLANO,BENICIA,-122.12172046000001,38.075516999999998
90622871,2017,2017-12-21,9365,2017-08-01,1730,016505,,2,2,9,4800,0,1,3,,2,122,"SR 12 (RIO VISTA) (W/B)","NURSE SLOUGH RD",350.00,W,N,A,-,Y,,,12,,,,,,,Y,1,1,5,1,A,-,03,22350,,N,F,J,A,A,H,-,A,D,0,,,,,Y,,A,01,3,2,0,0,0,0,0,0,0,"- ","- ",38.228540000000002,-121.9438,SOLANO,UNINCORPORATED,-121.9438,38.228469019999999
90627017,2017,2018-01-03,9365,2017-09-15,0905,017559,,5,1,9,4800,0,3,5,,2,020,"ROCKVILLE RD","LOZANO LN",145.00,E,N,A,-,N,,,,,,,,,,Y,1,1,0,1,A,-,01,23152,A,N,E,I,A,A,H,-,A,D,0,,,,,Y,Y,A,07,0,0,0,0,0,0,0,0,0,"- ","- ",38.24973,-122.07508,SOLANO,UNINCORPORATED,-122.0750877,38.249749229999999
90632409,2017,2018-01-03,9365,2017-12-22,1324,016919,,5,1,5,4803,0,3,5,,2,020,"ABERNATHY RD","ROCKVILLE RD",3168.00,N,N,A,-,N,,,,,,,,,,Y,2,0,1,2,A,-,09,21801,,N,D,C,A,A,H,-,A,D,0,,,,Y,Y,,F,26,1,0,0,0,0,0,0,0,0,"- ","- ",38.254309999999997,-122.09228,SOLANO,FAIRFIELD,-122.09222943,38.25462126
90632917,2017,2018-01-04,9365,2017-12-24,0758,017805,,7,1,6,4807,0,1,1,,2,081,"I-80 W/B","I-80 E TO SR-37 W O/C",3329.00,W,N,A,-,Y,,,80,,,,,,W,Y,2,0,1,2,A,-,08,22107,,N,C,C,A,A,H,-,A,D,0,,,,,Y,,A,01,1,0,0,0,0,0,0,0,0,"- ","- ",38.131129999999999,-122.22548999999999,SOLANO,VALLEJO,-122.22535668,38.131045999999998
90633053,2017,2018-01-04,9365,2017-12-23,2216,021116,,6,3,9,4800,0,1,3,,2,122,"SR-12 E/B","BECK AVE",8.00,W,N,A,-,Y,,,,,,,,,,Y,2,0,1,1,A,-,01,23152,A,N,E,I,A,A,H,-,C,D,0,,,,,Y,Y,A,01,1,0,0,0,0,0,0,0,0,"- ","- ",36.240340000000003,-122.06681,SOLANO,UNINCORPORATED,-122.06641783000001,38.24026894
90633419,2017,2018-01-04,9365,2017-12-20,0810,015293,,3,1,4,4801,0,1,1,,2,077,"I-780 E/B","MILITARY WEST",528.00,W,N,A,-,Y,,,780,,,,,,E,Y,2,0,1,1,A,-,08,22107,,N,F,I,A,A,H,-,A,D,0,,,,,Y,,A,01,1,0,0,0,0,0,0,0,0,"- ","- ",38.071730000000002,-122.18604000000001,SOLANO,BENICIA,-122.18598025,38.071777470000001
90634104,2017,2018-01-05,9365,2017-12-28,1218,017654,,4,1,5,4803,0,1,1,,2,085,"I-80 W/B","MANUEL CAMPOS PARKWAY",4950.00,E,N,A,-,Y,,,80,,,,,,W,Y,2,0,2,2,A,-,04,21703,,N,C,C,A,A,H,-,A,D,0,,,,,Y,,D,22,1,1,0,0,0,0,0,0,0,"- ","- ",38.309460000000001,-122.03358,SOLANO,FAIRFIELD,-122.0336406,38.309470410000003
90636669,2018,2018-01-09,9365,2018-01-02,1822,019790,,2,2,9,4800,0,1,1,,2,080,"I-80 E/B","CARQUINEZ TOLL PLAZA",2112.00,W,N,A,-,Y,,,80,,,,,,E,Y,2,0,1,2,A,-,03,22350,,N,C,C,A,A,H,-,C,D,0,,,,,Y,,A,01,1,0,0,0,0,0,0,0,0,"- ","- ",38.063758850097656,-122.22541046142578,SOLANO,UNINCORPORATED,-122.22544860839844,38.063755035400391
90641402,2018,2018-01-17,9365,2018-01-09,0910,013706,,2,1,9,4800,0,1,1,,2,089,SR-113N,I-80,183.00,N,N,B,-,Y,,,,,,,,,,Y,2,0,1,1,A,-,08,22107,,N,E,I,A,B,H,-,A,D,0,,,,,Y,,A,07,1,0,0,0,0,0,0,0,0,"- ","- ",38.312000274658203,-121.46050262451172,SOLANO,UNINCORPORATED,,
90642724,2018,2018-01-18,9365,2018-01-05,1720,020281,,5,2,9,4800,0,1,A,,2,030,"CLARK RD","HAWKINS RD",2640.00,S,N,B,-,N,,,,,,,,,,N,2,0,1,2,A,-,03,22350,,N,G,B,E,B,H,-,B,D,0,Y,,,,Y,,A,01,1,0,0,0,1,0,0,0,0,"- ","- ",38.351150512695312,-121.85997009277344,SOLANO,UNINCORPORATED,-121.85994720458984,38.351467132568359
90645913,2018,2018-01-23,9365,2018-01-13,1829,020432,,6,2,5,4803,0,1,1,,2,083,"I-80 W/B",I-680,2112.00,E,N,B,-,Y,,,80,,,,,,W,Y,2,0,1,3,A,-,01,23152,A,N,E,I,A,A,H,-,C,D,0,,,Y,,Y,Y,C,02,1,0,0,0,0,0,0,0,1,"- ","- ",38.220489501953125,-122.13243103027344,SOLANO,FAIRFIELD,-122.13249206542969,38.220584869384766
90646741,2017,2018-01-24,9365,2017-09-01,0350,020565,,5,3,6,4807,0,1,1,,2,080,"I/80 E/B","BENICIA RD. O/C",374.00,W,N,A,-,Y,,,80,,,,,,E,N,1,1,0,2,A,-,11,21956,,N,G,B,E,A,H,-,D,D,0,Y,,,,Y,,N,60,0,0,0,1,0,0,0,0,0,"- ","- ",38.093130000000002,-122.23007,SOLANO,VALLEJO,-122.23003319,38.093124799999998
90647592,2018,2018-01-25,9365,2018-01-13,1640,020299,,6,2,5,4803,0,1,1,,2,084,"I-80 E/B","MANUEL CAMPOS PARKWAY",4277.00,W,N,B,-,Y,,,80,,,,,,E,Y,2,0,1,2,A,-,03,22350,,N,B,C,A,A,H,-,A,D,0,,,Y,,Y,,C,02,1,0,0,0,0,0,0,0,1,"- ","- ",38.282470703125,-122.04190826416016,SOLANO,FAIRFIELD,-122.0418701171875,38.282436370849609
90659860,2018,2018-02-12,9365,2018-02-03,1900,020667,,6,2,5,4803,0,1,1,,2,085,"I-80 (E/B)","LAGOON VALLEY RD",5280.00,W,N,A,-,Y,,,,,,,,,,Y,2,0,1,2,A,-,08,22107,,N,E,I,A,A,H,-,D,D,0,,,Y,,Y,,C,02,1,0,0,0,0,0,0,0,1,"- ","- ",38.312599182128906,-122.0328369140625,SOLANO,FAIRFIELD,,
9066064,2020,2021-02-04,4803,2020-04-08,2104,976,,3,5,5,4803,0,0,0,,0,00S,"RT 12","BECK AV",0.00,,Y,A,-,Y,SOL,4,12,-,R,3.206,I,5,W,Y,2,0,1,2,A,-,11,21954,A,N,G,B,E,A,H,-,C,A,0,Y,,,,Y,,N,60,1,0,0,0,1,0,0,0,0,"- ","- ",38.240478515625,-122.06632232666016,SOLANO,FAIRFIELD,-122.06636810302734,38.24041748046875
90665397,2018,2018-07-09,9365,2018-02-14,0852,014264,,3,1,9,4800,0,3,5,,2,040,"SIEVERS RD","HALLEY RD",1430.00,E,N,B,-,N,,,,,,,,,,N,2,0,1,2,A,-,06,21760,B,N,C,G,A,A,H,-,A,D,0,,Y,,,Y,,D,22,1,0,0,0,0,0,1,0,0,"- ","- ",38.489658355712891,-121.91867065429688,SOLANO,UNINCORPORATED,-121.91876220703125,38.489646911621094
90666393,2017,2018-02-22,9365,2017-11-04,2500,016970,,6,4,3,4802,0,3,5,,2,040,"DIXON AVENUE WEST","JAHN ROAD",0.00,,Y,C,-,N,,,,,,,,,,Y,1,1,0,1,A,-,01,23152,A,N,E,I,A,B,H,-,C,D,0,,,,,Y,Y,A,01,0,0,0,0,0,0,0,0,0,"- ","- ",38.445999999999998,-121.8967,SOLANO,DIXON,-121.89636993000001,38.44591999
90673788,2018,2018-03-02,9365,2018-02-26,1922,017747,,1,2,6,4807,0,1,1,,2,080,"I-80 W/B","MAGAZINE ST O/C",465.00,W,N,B,-,Y,,,80,,,,,,W,Y,2,0,3,2,A,-,01,23152,A,N,A,C,A,B,H,-,A,D,0,,,,,Y,Y,A,01,1,2,0,0,0,0,0,0,0,"- ","- ",38.083599090576172,-122.23329925537109,SOLANO,VALLEJO,-122.23339080810547,38.083614349365234
9068259,2020,2020-08-27,4803,2020-04-20,0440,1727,,1,5,5,4803,0,0,0,,0,00S,"MARYLAND ST","OREGON ST",201.00,N,N,A,-,N,,,,,,,,,,Y,2,0,2,3,A,-,03,22350,,N,C,E,A,A,H,-,C,D,0,,,,Y,Y,,A,01,2,0,0,0,0,0,0,0,0,"- ","- ",38.255561828613281,-122.04553985595703,SOLANO,FAIRFIELD,-122.0460205078125,38.256092071533203
90685560,2017,2018-03-20,9365,2017-11-30,2200,020579,,4,3,4,4801,0,1,1,,2,078,"I-780 E/B FROM GLEN COVE ROAD","GLEN COVE RD",192.00,E,N,A,-,Y,,,,,,,,,,Y,1,1,2,1,A,-,01,23152,G,N,F,A,A,A,H,-,D,D,0,,,,,Y,Y,A,07,1,0,1,0,0,0,0,0,0,"- ","- ",38.085340000000002,-122.20959000000001,SOLANO,BENICIA,-122.20957538,38.085527720000002
90688079,2018,2018-03-22,9365,2018-03-13,0500,019986,,2,3,6,4807,0,1,1,,2,081,"I-80 E/B","SR-37 E/B",341.00,W,N,B,C,Y,,,80,,,,,,E,Y,2,0,1,1,A,-,08,22107,,N,E,I,A,B,H,-,D,D,0,,,,,Y,,D,22,1,0,0,0,0,0,0,0,0,"- ","- ",38.138801574707031,-122.22001647949219,SOLANO,VALLEJO,-122.22008514404297,38.138843536376953
90692715,2018,2018-03-29,9365,2018-03-21,1910,015882,,3,2,9,4800,0,1,3,,2,122,"SR-12 E/B","BRANSCOMBE RD",0.00,,Y,B,-,Y,,,12,,,,,,E,Y,2,0,2,2,A,-,09,21802,A,N,D,C,A,A,H,-,B,A,0,,,,,Y,,A,01,1,0,1,0,0,0,0,0,0,"- ","- ",38.228450775146484,-121.95175170898438,SOLANO,UNINCORPORATED,-121.95175170898438,38.228488922119141
90697902,2018,2018-04-03,9365,2018-03-30,1646,020222,,5,2,5,4806,0,1,1,,2,086,"I-80 W/B","ALLISON DR",1000.00,W,N,A,-,Y,,,80,,,,,,W,Y,2,0,1,1,A,-,08,22107,,N,E,I,A,A,H,-,A,D,0,,,,,Y,,A,01,1,0,0,0,0,0,0,0,0,"- ","- ",38.358428955078125,-121.97450256347656,SOLANO,VACAVILLE,-121.97444915771484,38.358367919921875
9069859,2020,2020-09-15,4803,2020-04-23,0831,1691,,4,5,5,4803,0,0,0,,0,00W,"OLIVER RD","ROCKVILLE RD",25.00,E,N,A,-,N,,,,,,,,,,N,2,0,2,2,A,-,05,21752,D,N,D,C,A,A,H,-,A,A,0,,,Y,,Y,,C,02,1,1,0,0,0,0,0,0,1,"- ","- ",38.249839782714844,-122.07042694091797,SOLANO,FAIRFIELD,-122.07044982910156,38.249885559082031
90705251,2018,2018-04-13,9365,2018-04-06,2205,021027,,5,3,9,4800,0,1,1,,2,089,"I-80 E/B","SR-113 N/B",1236.00,W,N,B,C,Y,,,80,,,,,,E,Y,2,0,1,1,A,-,01,23152,A,N,E,I,A,B,H,-,C,D,0,,,,,Y,Y,A,01,1,0,0,0,0,0,0,0,0,"- ","- ",38.518360137939453,-121.77174377441406,SOLANO,UNINCORPORATED,-121.77166748046875,38.518283843994141
90709342,2018,2018-04-19,9365,2018-04-09,1001,013706,,1,1,9,4800,0,1,1,,2,089,"I-80 E/B","PEDRICK ROAD",507.00,W,N,A,-,Y,,,,,,,,,,Y,2,0,2,2,A,-,07,21658,A,N,B,C,A,A,H,-,A,D,0,,,,Y,Y,,A,01,1,1,0,0,0,0,0,0,0,"- ","- ",38.291599273681641,-121.48159790039062,SOLANO,UNINCORPORATED,-121.80507659912109,38.487621307373047
90717183,2018,2018-05-01,9365,2018-04-20,2310,021127,,5,3,4,4801,0,1,1,,2,078,"I-780 W/B","GLEN COVE RD",431.00,E,N,A,-,Y,,,,,,,,,,Y,2,0,1,2,A,-,07,21658,A,N,B,C,A,A,H,-,D,D,0,,,,Y,Y,,A,01,1,0,0,0,0,0,0,0,0,"- ","- ",38.085548400878906,-122.20850372314453,SOLANO,BENICIA,-122.20863342285156,38.085578918457031
90744382,2018,2018-06-08,9365,2018-06-01,2345,020774,,5,3,3,4802,0,1,1,,2,088,"I-80 W/B","DIXON AVE",1961.00,W,N,A,-,Y,,,80,,,,,,W,Y,2,0,4,3,A,-,03,22350,,N,C,C,A,A,H,-,D,D,0,,,,Y,Y,,A,07,1,1,2,0,0,0,0,0,0,"- ","- ",38.441001892089844,-121.86518096923828,SOLANO,DIXON,-121.86515808105469,38.440975189208984
90747371,2018,2018-06-13,9365,2018-06-05,0555,013706,,2,3,3,4802,0,1,1,,2,089,"I-80 E/B",SR-113S,890.00,E,N,A,-,Y,,,,,,,,,,Y,2,0,2,1,A,-,08,22107,,N,E,I,A,A,H,-,A,D,0,,,,,Y,,A,01,2,0,0,0,0,0,0,0,0,"- ","- ",38.282699584960938,-121.49150085449219,SOLANO,DIXON,,
90747668,2018,2018-06-13,9365,2018-06-01,1645,019986,,5,2,6,4807,0,1,1,,2,081,"I-80 W/B","COLUMBUS PKY",1045.00,E,N,A,-,Y,,,80,,,,,,W,Y,2,0,5,2,A,-,07,21658,A,N,B,C,A,A,H,-,A,D,0,,,,,Y,,A,07,1,4,0,0,0,0,0,0,0,"- ","- ",38.146091461181641,-122.21678924560547,SOLANO,VALLEJO,-122.21690368652344,38.146095275878906
90748468,2018,2018-06-14,9365,2018-02-02,1730,020432,,5,2,5,4803,0,1,1,,2,085,"I-80 E/B","AIR BASE PARKWAY",1056.00,E,N,A,-,Y,,,80,,,,,,E,Y,1,1,0,3,A,-,08,22107,,M,F,A,A,A,H,-,C,D,0,,,Y,,Y,,C,02,0,0,0,0,0,0,0,1,0,"- ","- ",38.275661468505859,-122.04768371582031,SOLANO,FAIRFIELD,-122.04764556884766,38.275627136230469
90754108,2018,2018-06-22,9365,2018-06-21,0317,018712,,4,3,5,4803,0,1,S,,2,901,"SR-12 E/B TO WEBSTER ST.","WEBSTER ST.",695.00,W,N,A,-,Y,,,12,,,,R,,E,Y,2,0,1,1,A,-,01,23152,A,N,E,I,A,A,H,-,D,D,0,,,,,Y,Y,A,01,1,0,0,0,0,0,0,0,0,"- ","- ",38.242050170898438,-122.04447937011719,SOLANO,FAIRFIELD,-122.04447937011719,38.242050170898438
90755889,2018,2018-06-26,9365,2018-06-12,1938,018634,,2,2,9,4800,0,1,3,,2,113,"SR-113 S/B","FRY RD",0.00,,Y,A,-,Y,,,113,,,,,,S,Y,2,0,3,2,A,-,05,21460,A,N,A,C,A,A,H,-,A,D,0,,,,,Y,,A,01,3,0,0,0,0,0,0,0,0,"- ","- ",38.337020874023438,-121.82325744628906,SOLANO,UNINCORPORATED,-121.82325744628906,38.337020874023438
90764281,2018,2018-07-06,9365,2018-06-24,1818,021050,,7,2,6,4807,0,1,1,,2,081,"I-80 E/B","AMERICAN CANYON RD",5172.00,W,N,A,-,Y,,,,,,,,,,Y,2,0,1,2,A,-,01,23152,A,N,E,I,A,A,H,-,A,D,0,,,,,Y,Y,A,01,1,0,0,0,0,0,0,0,0,"- ","- ",38.158779144287109,-122.21209716796875,SOLANO,VALLEJO,-122.21185302734375,38.158901214599609
90779274,2018,2018-07-27,9365,2018-07-17,2240,020615,,2,3,9,4800,0,1,1,,2,081,"MCGARY RD W/B","AMERICAN CANYON RD",1600.00,E,N,A,-,Y,,,,,,,,,,Y,2,0,1,2,A,-,11,21956,,N,G,B,E,A,H,-,D,D,0,Y,,,,Y,,N,60,1,0,0,0,1,0,0,0,0,"- ","- ",38.172149658203125,-122.19544982910156,SOLANO,UNINCORPORATED,-122.19552612304688,38.172073364257812
90781204,2018,2018-07-31,9365,2018-07-21,1905,020606,,6,2,9,4800,0,3,5,,2,040,"SIEVERS ROAD","SPARKS RANCH ROAD",990.00,E,N,A,-,N,,,,,,,,,,Y,2,0,1,1,A,-,01,23152,A,N,E,I,A,A,H,-,A,D,0,,,,,Y,Y,D,22,1,0,0,0,0,0,0,0,0,"- ","- ",38.489288330078125,-121.86373901367188,SOLANO,UNINCORPORATED,-121.86376953125,38.489376068115234
90798027,2018,2018-08-27,9365,2018-08-04,0220,021050,,6,3,6,4807,0,1,1,,2,080,"I-80 W/B","SOLANO AVE",350.00,E,N,A,-,Y,,,80,,,,,,W,Y,2,0,1,1,A,-,01,23152,F,N,E,I,A,A,H,-,C,D,0,,,,,Y,,A,01,1,0,0,0,0,0,0,0,0,"- ","- ",38.106899261474609,-122.22994232177734,SOLANO,VALLEJO,-122.22980499267578,38.106899261474609
90811389,2018,2018-09-12,9365,2018-09-02,0019,020579,,7,3,9,4800,0,1,A,,2,030,"GATES CANYON RD","PLEASANTS VALLEY RD",6336.00,W,N,A,-,N,,,,,,,,,,Y,2,0,1,1,A,-,01,23152,G,N,A,I,A,A,H,-,D,D,0,,,,,Y,Y,A,07,1,0,0,0,0,0,0,0,0,"- ","- ",38.381240844726562,-122.04395294189453,SOLANO,UNINCORPORATED,-122.04397583007812,38.381217956542969
90811604,2018,2018-09-12,9365,2018-09-06,1552,020615,,4,2,6,4807,0,1,3,,2,371,"SR-37 E/B","FAIRGROUNDS DR",530.00,W,N,A,-,Y,,,37,,,,,,E,Y,2,0,1,1,A,-,08,22107,,N,F,I,A,A,H,-,A,D,0,,,,,Y,,A,01,1,0,0,0,0,0,0,0,0,"- ","- ",38.141128540039062,-122.23509979248047,SOLANO,VALLEJO,-122.23509979248047,38.141262054443359
90811612,2018,2018-09-12,9365,2018-09-07,1725,018712,,5,2,5,4803,0,1,1,,2,084,"I-80 W/B","MANUEL CAMPOS PKWY",850.00,W,N,A,-,Y,,,,,,,,,,Y,2,0,2,3,A,-,07,21658,A,F,D,C,A,A,H,-,A,D,0,,,,,Y,,-,99,2,0,0,0,0,0,0,0,0,"- ","- ",38.173408508300781,-122.23349761962891,SOLANO,FAIRFIELD,-122.0341796875,38.295360565185547
90811641,2018,2018-09-12,9365,2018-09-11,0753,019790,,2,1,9,4800,0,1,1,,2,083,"I-80 E/B","SR-12 (JAMESON CANYON)",320.00,W,N,A,-,Y,,,80,,,,,,E,Y,2,0,1,1,A,-,08,22107,,N,E,I,A,A,H,-,A,D,0,,,,,Y,,A,01,1,0,0,0,0,0,0,0,0,"- ","- ",38.207279205322266,-122.15081787109375,SOLANO,UNINCORPORATED,-122.15084075927734,38.207302093505859
90813530,2018,2018-09-14,9365,2018-09-10,1038,016970,,1,1,5,4806,0,1,1,,2,086,"I-80 W/B","ALAMO DRIVE",1056.00,W,N,A,-,Y,,,80,,,,,,W,Y,2,0,1,3,A,-,07,21658,A,N,B,C,A,A,H,-,A,A,0,,,,,Y,,A,01,1,0,0,0,0,0,0,0,0,"- ","- ",38.343799591064453,-122.00430297851562,SOLANO,VACAVILLE,-122.00428009033203,38.343746185302734