CASE_ID,ACCIDENT_YEAR,PROC_DATE,JURIS,COLLISION_DATE,COLLISION_TIME,OFFICER_ID,REPORTING_DISTRICT,DAY_OF_WEEK,CHP_SHIFT,POPULATION,CNTY_CITY_LOC,SPECIAL_COND,BEAT_TYPE,CHP_BEAT_TYPE,CITY_DIVISION_LAPD,CHP_BEAT_CLASS,BEAT_NUMBER,PRIMARY_RD,SECONDARY_RD,DISTANCE,DIRECTION,INTERSECTION,WEATHER_1,WEATHER_2,STATE_HWY_IND,CALTRANS_COUNTY,CALTRANS_DISTRICT,STATE_ROUTE,ROUTE_SUFFIX,POSTMILE_PREFIX,POSTMILE,LOCATION_TYPE,RAMP_INTERSECTION,SIDE_OF_HWY,TOW_AWAY,COLLISION_SEVERITY,NUMBER_KILLED,NUMBER_INJURED,PARTY_COUNT,PRIMARY_COLL_FACTOR,PCF_CODE_OF_VIOL,PCF_VIOL_CATEGORY,PCF_VIOLATION,PCF_VIOL_SUBSECTION,HIT_AND_RUN,TYPE_OF_COLLISION,MVIW,PED_ACTION,ROAD_SURFACE,ROAD_COND_1,ROAD_COND_2,LIGHTING,CONTROL_DEVICE,CHP_ROAD_TYPE,PEDESTRIAN_ACCIDENT,BICYCLE_ACCIDENT,MOTORCYCLE_ACCIDENT,TRUCK_ACCIDENT,NOT_PRIVATE_PROPERTY,ALCOHOL_INVOLVED,STWD_VEHTYPE_AT_FAULT,CHP_VEHTYPE_AT_FAULT,COUNT_SEVERE_INJ,COUNT_VISIBLE_INJ,COUNT_COMPLAINT_PAIN,COUNT_PED_KILLED,COUNT_PED_INJURED,COUNT_BICYCLIST_KILLED,COUNT_BICYCLIST_INJURED,COUNT_MC_KILLED,COUNT_MC_INJURED,PRIMARY_RAMP,SECONDARY_RAMP,LATITUDE,LONGITUDE,COUNTY,CITY,POINT_X,POINT_Y
91056415,2019,2019-08-21,9365,2019-08-16,0645,016783,,5,1,9,4800,0,1,1,,2,089,"I-80 E/B","OLD DAVIS RD",528.00,W,N,A,-,Y,,,80,,,,,,E,Y,2,0,1,3,A,-,07,21658,A,N,B,C,A,A,H,-,A,D,0,,,,,Y,,A,01,1,0,0,0,0,0,0,0,0,"- ","- ",38.521671295166016,-121.76783752441406,SOLANO,UNINCORPORATED,-121.76792144775391,38.521759033203125
91058586,2019,2019-08-23,9365,2019-08-18,1953,020633,,7,2,9,4800,0,1,A,,2,030,"WINTERS RD","WOLFSKILL RD",0.00,,Y,A,-,N,,,,,,,,,,N,2,0,1,2,A,-,09,21801,A,N,D,G,A,A,H,-,A,D,0,,Y,,,Y,,A,07,1,0,0,0,0,0,1,0,0,"- ","- ",38.495079040527344,-121.95185852050781,SOLANO,UNINCORPORATED,-121.95188903808594,38.495071411132812
91061364,2019,2019-08-28,9365,2019-04-08,0810,014264,,1,1,3,4802,0,1,1,,2,088,"I-80 E/B","SR-113 (CURREY RD)",130.00,W,N,A,-,Y,,,80,,,,,,E,N,1,1,0,2,A,-,11,21954,A,N,G,B,E,A,H,-,A,D,0,Y,,,,Y,,N,60,0,0,0,1,0,0,0,0,0,"- ","- ",38.472599029541016,-121.82411956787109,SOLANO,DIXON,-121.82412719726562,38.472610473632812
91061674,2019,2019-10-11,9365,2019-02-10,0511,021027,,7,3,5,4806,0,1,1,,2,087,"I-80 E/B","MERIDIAN RD",1886.00,W,N,B,-,Y,,,80,,,,,,E,N,1,1,0,2,A,-,11,21956,A,F,G,B,E,B,H,-,C,A,0,Y,,,,Y,,N,60,0,0,0,1,0,0,0,0,0,"- ","- ",38.398891448974609,-121.91983795166016,SOLANO,VACAVILLE,-121.91987609863281,38.398937225341797
91071814,2019,2019-09-10,9365,2019-09-04,0443,017736,,3,3,5,4806,0,1,1,,2,086,"I-80 W/B","NUT TREE RD",191.00,W,N,A,-,Y,,,,,,,,,,Y,2,0,2,2,A,-,07,21658,A,N,D,C,A,A,H,-,C,D,0,,,,,Y,,A,01,1,1,0,0,0,0,0,0,0,"- ","- ",38.229221343994141,-121.57306671142578,SOLANO,VACAVILLE,-121.95835113525391,38.369346618652344
91072873,2019,2019-09-11,9365,2019-06-09,1508,020981,,7,2,6,4807,0,1,1,,2,080,"I-80 E/B","BENICIA RD",480.00,W,N,A,-,Y,,,80,,,,,,E,N,1,1,0,2,A,-,11,21954,A,N,G,B,E,A,H,-,A,D,0,Y,,,,Y,,N,60,0,0,0,1,0,0,0,0,0,"- ","- ",38.092800140380859,-122.23000335693359,SOLANO,VALLEJO,-122.23007965087891,38.092811584472656
91116192,2019,2019-11-08,9365,2019-10-29,0515,019299,,2,3,9,4800,0,1,1,,2,089,"I-80 E/B","SR-113 N/B",800.00,E,N,A,-,Y,,,80,,,,,,E,Y,2,0,3,2,A,-,01,23152,A,N,A,C,A,A,H,-,D,D,0,,,,,Y,Y,A,07,2,1,0,0,0,0,0,0,0,"- ","- ",38.526718139648438,-121.76132202148438,SOLANO,UNINCORPORATED,-121.76136016845703,38.526805877685547
91149566,2019,2019-12-20,9365,2019-10-21,1935,020981,,1,2,4,4801,0,1,1,,2,077,"I-780 W/B","ROSE DR",1484.00,E,N,A,-,Y,,,780,,,,,,W,N,1,1,0,2,D,-,00,,,F,G,B,E,A,H,-,C,D,0,Y,,,,Y,,-,"- ",0,0,0,1,0,0,0,0,0,"- ","- ",38.076438903808594,-122.18939971923828,SOLANO,BENICIA,-122.18939971923828,38.076438903808594
91160470,2019,2020-01-07,9365,2019-12-21,0004,021598,,6,3,5,4803,0,1,1,,2,084,"I-80 E/B","SR-12 E/B",4224.00,W,N,B,-,Y,,,,,,,,,,Y,2,0,9,3,A,-,01,23152,A,N,A,C,A,A,H,-,C,D,0,,,,,Y,Y,A,01,3,4,2,0,0,0,0,0,0,"- ","- ",38.234901428222656,-122.10330200195312,SOLANO,FAIRFIELD,,
9116421,2020,2020-08-25,4807,2020-06-08,1108,643,"V PD",1,5,6,4807,0,0,0,,0,005,"ALAMEDA ST","VIRGINIA ST",0.00,,Y,A,-,N,,,,,,,,,,Y,2,0,2,2,A,-,09,21802,A,N,D,C,A,A,H,-,A,D,0,,,Y,,Y,,C,06,2,0,0,0,0,0,0,0,2,"- ","- ",38.102001190185547,-122.24826812744141,SOLANO,VALLEJO,-122.24823760986328,38.101978302001953
91165579,2020,2020-01-15,9365,2020-01-05,1147,017508,,7,1,5,4803,0,1,1,,2,084,"I-80 W/B","WEST TEXAS STREET",70.00,W,N,A,-,Y,,,80,,,,,,W,Y,2,0,1,4,A,-,03,22350,,N,C,C,A,A,H,-,A,D,0,,,,,Y,,A,01,1,0,0,0,0,0,0,0,0,"- ","- ",38.248828887939453,-122.07148742675781,SOLANO,FAIRFIELD,-122.07139587402344,38.248661041259766
91169684,2020,2020-01-21,9365,2020-01-17,1755,017805,,5,2,9,4800,0,1,1,,2,089,"I-80 E/B","OLD DAVIS RD. U/C",1014.00,W,N,A,B,Y,,,80,,,,,,E,Y,2,0,3,3,A,-,03,22350,,N,C,C,A,A,H,-,D,D,0,,,,,Y,,A,01,1,2,0,0,0,0,0,0,0,"- ","- ",38.527408599853516,-121.76030731201172,SOLANO,UNINCORPORATED,-121.76028442382812,38.527355194091797
91181143,2020,2020-02-06,9365,2020-01-24,0613,019051,,5,1,5,4803,0,1,1,,2,083,"I-80 W/B","GREEN VALLEY RD",120.00,W,N,B,-,Y,,,80,,,,,,W,Y,2,0,3,3,A,-,03,22350,,N,C,C,A,A,H,-,B,D,0,,,,,Y,,A,07,1,0,2,0,0,0,0,0,0,"- ","- ",38.216091156005859,-122.1392822265625,SOLANO,FAIRFIELD,-122.13918304443359,38.215946197509766
9118367,2020,2020-11-16,4803,2020-05-24,2245,476,,7,5,5,4803,0,0,0,,0,0CE,"SAN GABRIEL ST","EAST TABOR AV",24.00,N,N,A,-,N,,,,,,,,,,Y,2,0,3,8,A,-,01,23152,A,N,H,E,A,-,H,-,C,A,0,,,,,Y,Y,A,01,3,0,0,0,0,0,0,0,0,"- ","- ",38.265380859375,-122.0301513671875,SOLANO,FAIRFIELD,-122.03018951416016,38.265586853027344
91183695,2020,2020-02-10,9365,2020-01-31,1749,019299,,5,2,9,4800,0,1,1,,2,089,"I-80 E/B","SR-113 N/B",600.00,E,N,A,-,Y,,,80,,,,,,E,Y,2,0,2,2,A,-,03,22350,,N,C,C,A,A,H,-,D,D,0,,,Y,,Y,,C,02,1,0,1,0,0,0,0,0,1,"- ","- ",38.525539398193359,-121.76407623291016,SOLANO,UNINCORPORATED,-121.76387023925781,38.525241851806641
91184849,2020,2020-02-11,9365,2020-02-10,0840,017805,,1,1,6,4807,0,1,1,,2,082,"I-80 W/B","LYNCH RD. U/C",3000.00,E,N,A,-,Y,,,,,,,,,,Y,2,0,1,1,A,-,08,22107,,N,E,I,A,A,H,-,A,D,0,,,,,Y,,A,01,1,0,0,0,0,0,0,0,0,"- ","- ",38.189319610595703,-122.17073059082031,SOLANO,VALLEJO,-122.17093658447266,38.189308166503906
9118666,2020,2020-09-15,4806,2020-06-20,1214,536,904,6,5,5,4806,0,0,0,,0,009,"NUT TREE RD","BURTON DR",239.00,N,N,A,-,N,,,,,,,,,,N,2,0,1,3,A,-,08,22107,,N,C,C,A,A,H,-,A,A,0,,,,,Y,,A,01,1,0,0,0,0,0,0,0,0,"- ","- ",38.365341186523438,-121.95382690429688,SOLANO,VACAVILLE,-121.95444488525391,38.365684509277344
91187186,2020,2020-02-14,9365,2020-02-10,0145,019927,,1,3,6,4807,0,1,3,,2,370,"SR-37 W/B","SACRAMENTO ST",15.00,W,N,A,-,Y,,,,,,,,,,Y,2,0,1,1,A,-,01,23152,A,N,F,I,A,A,H,-,D,D,0,,,,,Y,Y,A,01,1,0,0,0,0,0,0,0,0,"- ","- ",38.073211669921875,-122.16110229492188,SOLANO,VALLEJO,-122.26902770996094,38.12615966796875
91189554,2020,2020-02-19,9365,2020-01-22,1620,018954,,3,2,9,4800,0,1,1,,2,680,"I-680 N/B","INDUSTRIAL WAY",814.00,N,N,A,-,Y,,,,,,,,,,N,2,0,1,2,A,-,08,22107,,N,G,B,E,A,H,-,A,D,0,Y,,,,Y,,D,22,1,0,0,0,1,0,0,0,0,"- ","- ",38.069900512695312,-122.12650299072266,SOLANO,UNINCORPORATED,-122.12641906738281,38.069866180419922
91207925,2019,2020-03-27,9365,2019-09-20,1810,020508,,5,2,9,4800,0,1,1,,2,089,"I-80 E/B","SR-113 N/B",620.00,W,N,A,-,Y,,,80,,,,,,E,Y,1,1,1,3,A,-,03,22350,,N,C,C,A,A,H,-,A,D,0,,,,,Y,,A,07,0,1,0,0,0,0,0,0,0,"- ","- ",38.519710540771484,-121.77020263671875,SOLANO,UNINCORPORATED,-121.77017211914062,38.519680023193359
91215871,2019,2020-03-25,9365,2019-09-25,0030,017736,,3,3,5,4803,0,1,1,,2,084,"I-80 E/B","AIR BASE PKY",182.00,W,N,A,-,Y,,,80,,,,,,E,Y,1,1,1,2,A,-,01,23152,F,N,C,C,A,A,H,-,C,D,0,,,,Y,Y,,A,01,0,1,0,0,0,0,0,0,0,"- ","- ",38.272811889648438,-122.04994201660156,SOLANO,FAIRFIELD,-122.04999542236328,38.272853851318359
91216428,2020,2020-07-02,9365,2020-02-19,1700,018954,,3,2,9,4800,0,3,5,,2,020,"MANKAS CORNER RD","ABERNATHY RD",75.00,W,N,A,-,N,,,,,,,,,,Y,2,0,2,2,A,-,08,22107,,N,A,C,A,A,H,-,A,D,0,,,,,Y,,A,01,2,0,0,0,0,0,0,0,0,"- ","- ",38.272190093994141,-122.09265899658203,SOLANO,UNINCORPORATED,-122.09262084960938,38.272140502929688
91220468,2020,2020-04-03,9365,2020-03-28,2315,018712,,6,3,5,4803,0,1,1,,2,083,"I-80 E/B","LYNCH RD",841.00,E,N,C,-,Y,,,,,,,,,,Y,2,0,1,1,A,-,01,23152,A,N,E,I,A,B,H,-,D,D,0,,,,,Y,Y,A,01,1,0,0,0,0,0,0,0,0,"- ","- ",38.111091613769531,-122.10381317138672,SOLANO,FAIRFIELD,-122.17720031738281,38.186225891113281
91220863,2020,2020-04-06,9365,2020-03-29,0010,020566,,7,3,3,4802,0,1,1,,2,088,"I-80 E/B","CURRY RD",1050.00,W,N,B,-,Y,,,80,,,,,,E,Y,2,0,3,2,A,-,01,23152,A,N,B,C,A,B,H,-,D,D,0,,,,,Y,Y,A,07,1,2,0,0,0,0,0,0,0,"- ","- ",38.471298217773438,-121.82550048828125,SOLANO,DIXON,-121.82561492919922,38.471450805664062
91223229,2020,2020-04-13,9365,2020-03-29,2050,019458,,7,2,9,4800,0,1,1,,2,089,"I-80 E/B","SR-113 (N)",0.00,,N,A,-,Y,,,80,,,,,,E,Y,2,0,2,3,C,-,18,,,N,A,C,E,A,C,-,D,D,0,Y,,,,Y,Y,-,"- ",1,0,1,0,1,0,0,0,0,"- ","- ",38.511978149414062,-121.77838897705078,SOLANO,UNINCORPORATED,-121.77838897705078,38.511981964111328
91226934,2020,2020-04-17,9365,2020-04-10,1646,020428,,5,2,5,4803,0,1,1,,2,085,"I-80 W/B","MANUEL CAMPOS PKWY",1325.00,W,N,A,-,Y,,,80,,,,,,W,Y,2,0,1,1,A,-,08,22107,,N,F,J,A,A,H,-,A,D,0,,,,,Y,,A,01,1,0,0,0,0,0,0,0,0,"- ","- ",38.291061401367188,-122.03520202636719,SOLANO,FAIRFIELD,-122.0350341796875,38.290966033935547
91233556,2020,2020-05-04,9365,2020-05-01,2240,018712,,5,3,5,4806,0,1,1,,2,505,"I-505 N/B","VACA VALLEY PKY",3170.00,S,N,A,-,Y,,,,,,,,,,N,2,0,1,2,A,-,11,21956,,F,G,B,E,A,H,-,D,D,0,Y,,,,Y,,N,60,1,0,0,0,1,0,0,0,0,"- ","- ",38.238819122314453,-121.57610321044922,SOLANO,VACAVILLE,-121.95166015625,38.385406494140625
91249518,2020,2020-06-09,9365,2020-06-05,1655,016783,,5,2,5,4803,0,1,1,,2,083,"I-80 E/B","RED TOP RD",1056.00,E,N,A,-,Y,,,80,,,,,,E,Y,2,0,2,1,A,-,03,22350,,N,F,A,A,A,H,-,A,D,0,,,,,Y,,B,01,1,1,0,0,0,0,0,0,0,"- ","- ",38.205219268798828,-122.15318298339844,SOLANO,FAIRFIELD,-122.15321350097656,38.205257415771484
91250531,2019,2020-06-10,9365,2019-09-27,1918,017736,,5,2,9,4800,0,1,A,,2,030,"N. MERIDIAN RD","ELIZABETH RD",762.00,S,N,A,-,N,,,,,,,,,,Y,1,1,0,3,A,-,01,23152,A,N,E,J,A,A,H,-,B,D,0,,,,,Y,Y,A,01,0,0,0,0,0,0,0,0,0,"- ","- ",38.428829193115234,-121.91561126708984,SOLANO,UNINCORPORATED,-121.91555786132812,38.428085327148438
91254022,2020,2020-06-18,9365,2020-06-15,1455,020428,,1,2,9,4800,0,1,3,,2,370,"SR-37 E/B","SKAGGS ISLAND RD",5970.00,E,N,A,-,Y,,,37,,,,,,E,Y,2,0,2,6,A,-,03,22350,,N,C,C,A,A,H,-,A,D,0,,,,Y,Y,,F,55,1,0,1,0,0,0,0,0,0,"- ","- ",38.141231536865234,-122.36219787597656,SOLANO,UNINCORPORATED,-122.3621826171875,38.141281127929688
91254061,2020,2020-06-18,9365,2020-06-11,0330,017736,,4,3,5,4806,0,1,1,,2,086,"I-80 W/B","LEISURE TOWN ROAD",3273.00,E,N,A,-,Y,,,80,,,,,,W,Y,2,0,1,1,A,-,08,22107,,N,F,A,A,A,H,-,C,D,0,,,Y,,Y,,C,02,1,0,0,0,0,0,0,0,1,"- ","- ",38.394718170166016,-121.92556762695312,SOLANO,VACAVILLE,-121.92562866210938,38.394794464111328
91257299,2020,2020-06-25,9365,2020-03-07,2049,019458,,6,2,5,4803,0,1,1,,2,084,"I-80 W/B","TRAVIS BLVD.",2640.00,E,N,A,-,Y,,,80,,,,,,W,Y,2,0,3,3,A,-,07,21658,A,N,B,C,A,A,H,-,C,D,0,,,,,Y,,A,01,1,0,2,0,0,0,0,0,0,"- ","- ",38.264278411865234,-122.05754852294922,SOLANO,FAIRFIELD,-122.05758666992188,38.264308929443359
91257308,2020,2020-06-25,9365,2020-03-07,2050,019051,,6,2,5,4803,0,1,1,,2,084,"I-80 W/B","TRAVIS BLVD",2113.00,E,N,A,-,Y,,,80,,,,,,W,Y,1,1,0,5,A,-,11,21954,A,N,G,B,E,A,H,-,C,D,0,Y,,,,Y,,N,60,0,0,0,1,0,0,0,0,0,"- ","- ",38.263771057128906,-122.05780029296875,SOLANO,FAIRFIELD,-122.05793762207031,38.263885498046875
91257653,2020,2020-06-25,9365,2020-06-21,0004,021116,,7,3,9,4800,0,1,1,,2,081,"I-80 E/B","RED TOP RD",4752.00,W,N,A,-,Y,,,80,,,,,,E,Y,2,0,3,3,A,-,01,23152,A,N,A,C,A,A,H,-,D,D,0,,,,,Y,Y,A,01,1,0,2,0,0,0,0,0,0,"- ","- ",38.191551208496094,-122.16790008544922,SOLANO,UNINCORPORATED,-122.16788482666016,38.191532135009766
91261215,2019,2020-07-01,9365,2019-11-05,2240,021382,,2,3,3,4802,0,1,1,,2,088,"I-80 E/B","CURREY RD",345.00,E,N,A,-,Y,,,80,,,,,,E,Y,1,1,1,2,A,-,01,23152,A,N,C,C,A,A,H,-,C,D,0,,,,,Y,Y,A,01,0,0,1,0,0,0,0,0,0,"- ","- ",38.474498748779297,-121.82170104980469,SOLANO,DIXON,-121.82170104980469,38.474502563476562
91261699,2020,2020-07-03,9365,2020-04-30,1503,019051,,4,2,9,4800,0,1,1,,2,088,"I-80 E/B","PITT SCHOOL RD",700.00,E,N,A,-,Y,,,80,,,,,,E,Y,1,1,2,1,A,-,01,23152,F,N,E,I,A,A,H,-,A,D,0,,,,,Y,,A,01,2,0,0,0,0,0,0,0,0,"- ","- ",38.461109161376953,-121.83885955810547,SOLANO,UNINCORPORATED,-121.83887481689453,38.461128234863281
91263214,2019,2020-07-08,9365,2019-11-10,0005,021116,,7,3,6,4807,0,1,3,,2,371,"SR-37 W/B","MINI DR",1025.00,E,N,A,-,Y,,,37,,,,,,W,Y,1,1,1,3,A,-,11,21956,,N,G,B,E,A,H,-,D,D,0,Y,,,,Y,Y,N,60,0,0,1,1,0,0,0,0,0,"- ","- ",38.142288208007812,-122.24617767333984,SOLANO,VALLEJO,-122.24617767333984,38.142341613769531
91266317,2020,2020-07-09,9365,2020-02-18,1230,016783,,2,1,5,4803,0,1,1,,2,083,"I-80 E/B","SUISUN VALLEY ROAD",6336.00,E,N,A,-,Y,,,80,,,,,,E,Y,1,1,0,1,A,-,08,22107,,N,E,I,A,A,H,-,A,D,0,,,,,Y,,A,01,0,0,0,0,0,0,0,0,0,"- ","- ",38.231719970703125,-122.11051177978516,SOLANO,FAIRFIELD,-122.11055755615234,38.231830596923828
91267551,2020,2020-07-13,9365,2020-07-10,1413,019927,,5,2,6,4807,0,1,1,,2,081,"I-80 W/B","REDWOOD PKY",1742.00,W,N,A,-,Y,,,,,,,,,,Y,2,0,1,1,A,-,08,22107,,N,E,I,A,A,H,-,A,D,0,,,,,Y,,A,01,1,0,0,0,0,0,0,0,0,"- ","- ",38.070411682128906,-122.13480377197266,SOLANO,VALLEJO,-122.23033142089844,38.118267059326172
91268153,2020,2020-07-14,9365,2020-07-02,1655,018568,,4,2,9,4800,0,1,1,,2,089,"I-80 E/B","I-80 E/B TO SR-113 NB OC",300.00,E,N,A,-,Y,,,80,,,,,,E,Y,2,0,4,2,A,-,03,22350,,F,C,C,A,A,H,-,A,D,0,,,,,Y,,A,07,1,2,1,0,0,0,0,0,0,"- ","- ",38.522041320800781,-121.76782989501953,SOLANO,UNINCORPORATED,-121.76773071289062,38.521930694580078
91268430,2020,2020-07-14,9365,2020-07-09,2150,021674,,4,2,9,4800,0,1,1,,2,680,"RAMSEY RD","GOLD HILL RD",887.00,N,N,A,-,Y,,,,,,,,,,Y,2,0,1,1,A,-,01,23152,A,N,E,I,A,A,H,-,D,D,0,,,,,Y,Y,A,01,1,0,0,0,0,0,0,0,0,"- ","- ",38.184921264648438,-122.13491058349609,SOLANO,UNINCORPORATED,-122.13457489013672,38.184860229492188
91270408,2020,2020-07-17,9365,2020-07-17,0915,017805,,5,1,9,4800,0,1,A,,2,030,"SUISUN VALLEY RD","JOYCE LANE",495.00,S,N,A,-,N,,,,,,,,,,Y,2,0,1,1,A,-,08,22107,,N,E,I,A,A,H,-,A,D,0,,,,,Y,,A,07,1,0,0,0,0,0,0,0,0,"- ","- ",38.300750732421875,-122.12815093994141,SOLANO,UNINCORPORATED,-122.12812042236328,38.300697326660156
91270611,2020,2020-07-17,9365,2020-01-19,0345,021466,,7,3,9,4800,0,1,1,,2,085,"I-80 W/B","CHERRY GLEN RD",4645.00,W,N,B,-,Y,,,80,,,,,,W,Y,1,1,1,1,A,-,01,23152,G,N,E,I,A,A,H,-,D,D,0,,,,,Y,Y,A,01,1,0,0,0,0,0,0,0,0,"- ","- ",38.314201354980469,-122.03289794921875,SOLANO,UNINCORPORATED,-122.03269958496094,38.314132690429688
91273892,2020,2020-10-20,9365,2020-07-18,2315,018712,,6,3,9,4800,0,3,5,,2,040,"MIDWAY RD","MERIDIAN RD",1000.00,E,N,A,-,N,,,,,,,,,,Y,2,0,3,1,A,-,01,23152,A,F,E,I,A,A,H,-,D,D,0,,,,,Y,Y,A,01,3,0,0,0,0,0,0,0,0,"- ","- ",38.251388549804688,-121.5443115234375,SOLANO,UNINCORPORATED,-121.91204833984375,38.417015075683594
91280724,2019,2020-08-04,9365,2019-10-08,0650,014264,,2,1,9,4800,0,1,1,,2,506,"I-505 S/B","WOLFSKILL RD",3696.00,N,N,A,-,Y,,,505,,,,,,S,Y,1,1,0,1,A,-,01,23152,A,N,E,I,A,A,H,-,B,D,0,,,,,Y,Y,A,01,0,0,0,0,0,0,0,0,0,"- ","- ",38.505149841308594,-121.95191192626953,SOLANO,UNINCORPORATED,-121.95204925537109,38.505119323730469
91285005,2020,2020-08-18,9365,2020-08-11,0730,014948,,2,1,5,4803,0,1,1,,2,084,"I-80 W/B","LEDGEWOOD CREEK",300.00,E,N,A,-,Y,,,80,,,,,,W,Y,1,1,0,2,A,-,08,22107,,N,B,C,A,A,H,-,A,D,0,,,,,Y,,A,01,0,0,0,0,0,0,0,0,0,"- ","- ",38.247600555419922,-122.07279968261719,SOLANO,FAIRFIELD,-122.07292175292969,38.247959136962891
91285244,2020,2020-08-12,9365,2020-05-06,2122,020506,,3,2,5,4803,0,1,3,,2,122,"SR-12 W/B TO I-80 W/B","SR-12 W/B",1395.00,W,N,A,-,Y,,,,,,,,,,Y,1,1,0,2,A,-,11,21954,A,N,G,B,E,A,H,-,D,D,0,Y,,,,Y,,N,60,0,0,0,1,0,0,0,0,0,"- ","- ",38.237998962402344,-122.09761810302734,SOLANO,FAIRFIELD,,
91301003,2020,2020-09-09,9365,2020-08-18,1407,019299,,2,2,9,4800,0,3,5,,2,040,"SIEVERS RD","PITT SCHOOL RD",0.00,,Y,F,-,N,,,,,,,,,,Y,2,0,2,2,A,-,09,21802,A,N,D,C,A,A,H,-,A,D,0,,,,Y,Y,,D,22,1,1,0,0,0,0,0,0,0,"- ","- ",38.489139556884766,-121.84073638916016,SOLANO,UNINCORPORATED,-121.8406982421875,38.489280700683594
91312461,2019,2020-09-25,9365,2019-11-13,1829,019299,,3,2,9,4800,0,1,1,,2,681,"I-680 N/B TO GOLD HILL ROAD","GOLD HILL ROAD",996.00,S,N,A,-,Y,,,680,,,,R,,N,Y,1,1,2,3,A,-,03,22350,,N,C,C,A,A,H,-,C,D,0,,,,,Y,,D,22,0,2,0,0,0,0,0,0,0,"- ","- ",38.180328369140625,-122.13272094726562,SOLANO,UNINCORPORATED,-122.13272094726562,38.180328369140625
91312463,2020,2020-09-25,9365,2020-01-05,2012,020508,,7,2,9,4800,0,1,1,,2,081,"I-80 W/B","AMERICAN CANYON RD",1100.00,W,N,A,-,Y,,,80,,,,,,W,Y,1,1,0,1,A,-,01,23152,F,N,E,I,A,A,H,-,C,D,0,,,,,Y,,A,01,0,0,0,0,0,0,0,0,0,"- ","- ",38.167438507080078,-122.20339202880859,SOLANO,UNINCORPORATED,-122.20330810546875,38.167316436767578
91314506,2020,2020-09-29,9365,2020-06-05,1245,014687,,5,1,9,4800,0,1,A,,2,030,"PUTAH CREEK ROAD","WINTU WAY",360.00,W,N,A,-,N,,,,,,,,,,Y,1,1,0,2,A,-,08,22107,,N,B,C,A,A,H,-,A,D,0,,,,Y,Y,,G,26,0,0,0,0,0,0,0,0,0,"- ","- ",38.506580352783203,-121.9765625,SOLANO,UNINCORPORATED,-121.97637939453125,38.506732940673828
91315394,2020,2020-10-01,9365,2020-09-20,0251,021432,,7,3,5,4803,0,1,1,,2,680,"I-680 N/B","LINCOLN HWY",2262.00,N,N,A,-,Y,,,680,,,,,,N,Y,2,0,1,1,A,-,01,23152,A,N,E,I,A,A,H,-,C,D,0,,,,,Y,Y,A,01,1,0,0,0,0,0,0,0,0,"- ","- ",38.216381072998047,-122.13722991943359,SOLANO,FAIRFIELD,-122.13785552978516,38.21636962890625
91319510,2020,2020-10-07,9365,2020-09-20,2326,019651,,7,3,4,4801,0,1,1,,2,077,"I-780 W/B","SONOMA BL",1812.00,E,N,A,-,Y,,,780,,,,,,W,Y,2,0,1,1,A,-,08,22107,,N,F,A,A,A,H,-,D,D,0,,,,,Y,,A,07,1,0,0,0,0,0,0,0,0,"- ","- ",38.063140869140625,-122.15821838378906,SOLANO,BENICIA,-122.15823364257812,38.063102722167969
91323487,2020,2020-10-14,9365,2020-10-03,0108,018192,,6,3,5,4806,0,1,1,,2,086,"I-80 E/B","ALLISON DRIVE",1255.00,W,N,A,-,Y,,,,,,,,,,Y,2,0,6,2,A,-,01,23152,A,F,C,C,A,A,H,-,C,D,0,,,,,Y,Y,A,07,3,2,1,0,0,0,0,0,0,"- ","- ",38.2135009765625,-121.58180236816406,SOLANO,VACAVILLE,-121.97268676757812,38.359325408935547
91326577,2020,2020-10-19,9365,2020-10-17,2225,018712,,6,3,9,4800,0,3,5,,2,040,"SPARLING LN","KIDWELL RD",3440.00,E,N,A,-,N,,,,,,,,,,Y,2,0,1,1,A,-,01,23152,A,N,F,A,A,A,H,-,D,D,0,,,,,Y,Y,A,01,1,0,0,0,0,0,0,0,0,"- ","- ",38.512180328369141,-121.77751159667969,SOLANO,UNINCORPORATED,-121.77754211425781,38.512191772460938
91330104,2020,2020-10-23,9365,2020-10-13,0405,018634,,2,3,6,4807,0,1,1,,2,081,"I-80 EB","TENNESSEE ST",1056.00,E,N,A,-,Y,,,80,,,,,,E,Y,2,0,2,2,A,-,03,22350,,N,C,C,A,A,H,-,D,D,0,,,Y,,Y,,A,07,1,1,0,0,0,0,0,0,1,"- ","- ",38.114051818847656,-122.22976684570312,SOLANO,VALLEJO,-122.22982788085938,38.114044189453125