CASE_ID,ACCIDENT_YEAR,PROC_DATE,JURIS,COLLISION_DATE,COLLISION_TIME,OFFICER_ID,REPORTING_DISTRICT,DAY_OF_WEEK,CHP_SHIFT,POPULATION,CNTY_CITY_LOC,SPECIAL_COND,BEAT_TYPE,CHP_BEAT_TYPE,CITY_DIVISION_LAPD,CHP_BEAT_CLASS,BEAT_NUMBER,PRIMARY_RD,SECONDARY_RD,DISTANCE,DIRECTION,INTERSECTION,WEATHER_1,WEATHER_2,STATE_HWY_IND,CALTRANS_COUNTY,CALTRANS_DISTRICT,STATE_ROUTE,ROUTE_SUFFIX,POSTMILE_PREFIX,POSTMILE,LOCATION_TYPE,RAMP_INTERSECTION,SIDE_OF_HWY,TOW_AWAY,COLLISION_SEVERITY,NUMBER_KILLED,NUMBER_INJURED,PARTY_COUNT,PRIMARY_COLL_FACTOR,PCF_CODE_OF_VIOL,PCF_VIOL_CATEGORY,PCF_VIOLATION,PCF_VIOL_SUBSECTION,HIT_AND_RUN,TYPE_OF_COLLISION,MVIW,PED_ACTION,ROAD_SURFACE,ROAD_COND_1,ROAD_COND_2,LIGHTING,CONTROL_DEVICE,CHP_ROAD_TYPE,PEDESTRIAN_ACCIDENT,BICYCLE_ACCIDENT,MOTORCYCLE_ACCIDENT,TRUCK_ACCIDENT,NOT_PRIVATE_PROPERTY,ALCOHOL_INVOLVED,STWD_VEHTYPE_AT_FAULT,CHP_VEHTYPE_AT_FAULT,COUNT_SEVERE_INJ,COUNT_VISIBLE_INJ,COUNT_COMPLAINT_PAIN,COUNT_PED_KILLED,COUNT_PED_INJURED,COUNT_BICYCLIST_KILLED,COUNT_BICYCLIST_INJURED,COUNT_MC_KILLED,COUNT_MC_INJURED,PRIMARY_RAMP,SECONDARY_RAMP,LATITUDE,LONGITUDE,COUNTY,CITY,POINT_X,POINT_Y
9133842,2020,2020-09-02,4802,2020-05-02,2022,1288,FAIRF,6,5,3,4802,0,0,0,,0,DP1,"EAST BROADWAY ST","SOUTH 2ND ST",131.00,E,N,A,-,N,,,,,,,,,,,2,0,1,2,A,-,11,21954,A,N,G,B,D,A,H,-,B,D,0,Y,,,,Y,,N,60,1,0,0,0,1,0,0,0,0,"- ","- ",38.443561553955078,-121.82127380371094,SOLANO,DIXON,-121.82077026367188,38.443538665771484
91341043,2020,2020-11-06,9365,2020-10-31,1115,016919,,6,1,5,4803,0,1,3,,2,122,"SR-12 E/B","BECK AVE",475.00,W,N,A,-,Y,,,12,,,,,,E,Y,2,0,4,4,A,-,03,22350,,N,C,C,A,A,H,-,A,A,0,,,,,Y,,A,08,1,0,3,0,0,0,0,0,0,"- ","- ",38.240230560302734,-122.06816864013672,SOLANO,FAIRFIELD,-122.06816864013672,38.240192413330078
91345185,2020,2021-01-19,9365,2020-10-21,1835,017747,,3,2,5,4803,0,1,1,,2,085,"I-80 W/B TO MANUEL CAMPOS PKWY","MANUEL CAMPOS PKWY",619.00,E,N,A,-,Y,,,80,,,,R,,W,Y,1,1,0,1,A,-,08,22107,,N,E,I,A,A,H,-,D,D,0,,,Y,,Y,,C,02,0,0,0,0,0,0,0,1,0,"- ","- ",38.297698974609375,-122.03479766845703,SOLANO,FAIRFIELD,-122.03479766845703,38.297698974609375
91345195,2020,2020-11-13,9365,2020-09-03,2210,021127,,4,3,9,4800,0,1,3,,2,122,"SR-12 W/B","BRANSCOMBE RD",0.00,,Y,A,-,Y,,,12,,,,,,W,Y,1,1,0,2,A,-,12,22450,A,N,D,C,A,A,H,-,D,A,0,,,,Y,Y,,D,22,0,0,0,0,0,0,0,0,0,"- ","- ",38.228561401367188,-121.95181274414062,SOLANO,UNINCORPORATED,-121.95181274414062,38.228488922119141
91350410,2020,2020-11-20,9365,2020-11-18,1630,017309,,3,2,6,4807,0,1,1,,2,081,"I-80 WESTBOUND",SR-37,2640.00,E,N,B,-,Y,,,80,,,,,,W,Y,2,0,1,1,A,-,08,22107,,N,E,I,A,A,H,-,B,D,0,,,,,Y,,A,01,1,0,0,0,0,0,0,0,0,"- ","- ",38.150749206542969,-122.217041015625,SOLANO,VALLEJO,-122.21687316894531,38.150718688964844
91358399,2020,2020-12-03,9365,2020-11-27,0400,016783,,5,3,3,4802,0,1,1,,2,088,"I-80 W/B","DIXON AVE",200.00,W,N,A,-,Y,,,80,,,,,,W,Y,2,0,1,1,A,-,08,22107,,N,E,J,A,A,H,-,D,D,0,,,,,Y,,A,01,1,0,0,0,0,0,0,0,0,"- ","- ",38.445499420166016,-121.85981750488281,SOLANO,DIXON,-121.85962677001953,38.445243835449219
91359013,2020,2020-12-04,9365,2020-11-25,1030,015293,,3,1,4,4801,0,1,1,,2,077,"I-780 W/B","WEST K STREET U/C",950.00,W,N,A,-,Y,,,780,,,,,,W,Y,2,0,1,1,A,-,08,22107,,N,F,A,A,A,H,-,A,D,0,,,Y,,Y,,C,02,1,0,0,0,0,0,0,0,1,"- ","- ",38.070850372314453,-122.18504333496094,SOLANO,BENICIA,-122.18499755859375,38.070884704589844
91362467,2020,2020-12-10,9365,2020-11-30,0305,021598,,1,3,3,4802,0,1,1,,2,088,"I-80 E/B","PEDRICK ROAD",50.00,E,N,A,-,Y,,,,,,,,,,Y,2,0,1,2,A,-,01,23152,A,N,C,C,A,A,H,-,D,D,0,,,,,Y,Y,A,01,1,0,0,0,0,0,0,0,0,"- ","- ",38.489700317382812,-122.80229949951172,SOLANO,DIXON,-121.80370330810547,38.48870849609375
91368300,2020,2020-12-16,9365,2020-12-09,1345,015293,,3,1,9,4800,0,3,5,,2,020,"EMIGH ROAD","AMERADA ROAD",3432.00,S,N,A,-,N,,,,,,,,,,Y,2,0,1,1,A,-,08,22107,,N,F,A,A,A,H,-,A,D,0,,,,,Y,,A,01,1,0,0,0,0,0,0,0,0,"- ","- ",38.154819488525391,-121.72279357910156,SOLANO,UNINCORPORATED,-121.72295379638672,38.154914855957031
91368500,2020,2020-12-16,9365,2020-12-12,0605,019195,,6,1,6,4807,0,1,1,,2,081,"I-80 E/B","REDWOOD PKY",980.00,E,N,B,-,Y,,,80,,,,,,E,Y,2,0,2,3,A,-,03,22350,,N,D,E,E,B,H,-,D,D,0,Y,,,,Y,,D,22,1,1,0,0,1,0,0,0,0,"- ","- ",38.125728607177734,-122.22859954833984,SOLANO,VALLEJO,-122.22850036621094,38.125667572021484
91369640,2020,2021-02-02,9365,2020-07-26,1345,021857,,7,1,6,4807,0,1,1,,2,082,"I-80 E/B","AMERICAN CANYON RD",4224.00,E,N,A,-,Y,,,,,,,,,,Y,1,1,1,2,A,-,01,23152,G,N,E,I,A,A,H,-,A,D,0,,,,,Y,Y,A,01,1,0,0,0,0,0,0,0,0,"- ","- ",38.178199768066406,-122.18942260742188,SOLANO,VALLEJO,-122.19004058837891,38.177783966064453
91371085,2020,2020-12-18,9365,2020-12-11,1758,021352,,5,2,5,4803,0,1,1,,2,680,"I-680 N/B TRANSITION TO I-80 E/B","PITTMAN ROAD",2000.00,W,N,B,-,Y,,,,,,,,,,Y,2,0,3,3,A,-,03,22350,,N,C,C,A,B,H,-,C,A,0,,,,,Y,,A,01,1,0,2,0,0,0,0,0,0,"- ","- ",38.218490600585938,-122.13471984863281,SOLANO,FAIRFIELD,,
91379836,2020,2021-02-04,9365,2020-12-21,0254,021674,,1,3,5,4806,0,1,1,,2,087,"I-80 E/B","LEISURE TOWN ROAD",230.00,W,N,A,-,Y,,,80,,,,,,E,Y,2,0,4,1,A,-,03,22350,,N,E,I,A,A,H,-,D,D,0,,,,,Y,,A,01,3,0,1,0,0,0,0,0,0,"- ","- ",38.386428833007812,-121.93476104736328,SOLANO,VACAVILLE,-121.93518829345703,38.386978149414062
91390966,2020,2021-01-19,9365,2020-09-11,0623,016970,,5,1,5,4806,0,1,1,,2,086,"I-80 W/B","NUT TREE ROAD",689.00,W,N,A,-,Y,,,80,,,,,,W,Y,1,1,0,1,A,-,08,22107,,N,E,I,A,A,H,-,D,D,0,,,,Y,Y,,F,26,0,0,0,0,0,0,0,0,0,"- ","- ",38.368328094482422,-121.95990753173828,SOLANO,VACAVILLE,-121.95981597900391,38.368217468261719
9141979,2019,2020-09-23,4802,2019-10-25,0956,1259,,5,5,3,4802,0,0,0,,0,003,"NORTH 1ST ST","CURREY RD",0.00,,Y,A,-,Y,SOL,4,113,-,-,21.121,I,5,S,Y,2,0,1,2,A,-,09,21801,A,N,D,C,A,A,H,-,A,D,0,,,Y,Y,Y,,G,25,1,0,0,0,0,0,0,0,1,"- ","- ",,,SOLANO,DIXON,-121.82276916503906,38.471687316894531
91429982,2021,2021-05-27,9365,2021-03-10,1934,018803,,3,2,5,4803,0,1,1,,2,083,"I-80 W/B","SUISUN VALLEY RD",1000.00,E,N,C,-,Y,,,80,,,,,,W,Y,2,0,1,1,A,-,01,23152,A,N,E,I,A,B,H,-,C,D,0,,,,,Y,Y,A,01,1,0,0,0,0,0,0,0,0,"- ","- ",38.224468231201172,-122.12657165527344,SOLANO,FAIRFIELD,-122.12657928466797,38.2244873046875
9143231,2020,2020-09-14,4802,2020-03-23,1839,1291,FAIRF,1,5,3,4802,0,0,0,,0,002,"STRATFORD AV","NEWGATE WY",365.00,W,N,A,-,N,,,,,,,,,,Y,2,0,4,4,A,-,03,22350,,N,F,I,A,A,H,-,A,D,0,,,,,Y,,A,01,1,0,3,0,0,0,0,0,0,"- ","- ",,,SOLANO,DIXON,-121.82557678222656,38.456592559814453
91439481,2021,2021-05-27,9365,2021-03-23,1940,019299,,2,2,9,4800,0,3,5,,2,040,"WINTERS ROAD S/B","PUTAH CREEK ROAD",1000.00,S,N,A,-,N,,,,,,,,,,Y,2,0,1,1,A,-,08,22107,,N,E,I,A,A,H,-,D,D,0,,,,,Y,,D,22,1,0,0,0,0,0,0,0,0,"- ","- ",38.513988494873047,-121.96710205078125,SOLANO,UNINCORPORATED,-121.96743774414062,38.519359588623047
91441823,2021,2021-05-27,9365,2021-03-27,1711,021466,,6,2,6,4807,0,1,1,,2,080,"I-80 W/B FROM SR-29 S/B","SEQUOIA AVE",300.00,W,N,A,-,Y,,,80,,,,R,,W,N,2,0,1,1,A,-,01,23152,A,N,E,I,A,A,H,-,A,D,0,,,,,Y,Y,A,01,1,0,0,0,0,0,0,0,0,"- ","- ",38.076679229736328,-122.23316192626953,SOLANO,VALLEJO,-122.23316192626953,38.076679229736328
91441852,2021,2021-05-27,9365,2021-03-28,0540,016970,,7,3,5,4806,0,1,1,,2,087,"I-80 WESTBOUND","LEISURE TOWN RD",2640.00,E,N,A,-,Y,,,80,,,,,,W,Y,2,0,1,1,A,-,08,22107,,N,E,I,A,A,H,-,D,D,0,,,,,Y,,A,07,1,0,0,0,0,0,0,0,0,"- ","- ",38.381790161132812,-121.94339752197266,SOLANO,VACAVILLE,-121.94319915771484,38.381511688232422
9144323,2020,2020-10-13,4803,2020-08-14,1938,976,,5,5,5,4803,0,0,0,,0,00E,"GRANDE CIR","EAST TABOR AV",232.00,S,N,A,-,N,,,,,,,,,,Y,2,0,1,5,A,-,01,23152,A,N,C,E,A,A,H,-,A,D,0,,,,,Y,Y,A,01,1,0,0,0,0,0,0,0,0,"- ","- ",38.265209197998047,-122.01068878173828,SOLANO,FAIRFIELD,-122.01091766357422,38.264572143554688
91446570,2021,2021-05-27,9365,2021-03-28,0400,020217,,7,3,5,4803,0,1,1,,2,083,"I-80 E/B",I-680,700.00,E,N,A,-,Y,,,80,,,,,,E,Y,2,0,5,4,A,-,03,22350,,F,C,C,A,A,H,-,D,D,0,,,,,Y,,-,99,1,2,2,0,0,0,0,0,0,"- ","- ",38.217960357666016,-122.13584136962891,SOLANO,FAIRFIELD,-122.13584136962891,38.21795654296875
91447501,2020,2021-04-09,9365,2020-10-24,2002,020566,,6,2,9,4800,0,3,5,,2,020,"MANKAS CORNER RD","LEDGEWOOD RD",2640.00,W,N,A,-,N,,,,,,,,,,Y,1,1,0,1,A,-,03,22350,,N,F,A,A,A,H,-,D,D,0,,,Y,,Y,,C,02,0,0,0,0,0,0,0,1,0,"- ","- ",38.276271820068359,-122.0927734375,SOLANO,UNINCORPORATED,-122.10643768310547,38.285015106201172
91451502,2021,2021-05-27,9365,2021-04-10,1435,020428,,6,2,9,4800,0,3,5,,2,020,"GORDON VALLEY RD","BELLA VISTA RANCH RD",125.00,N,N,A,-,N,,,,,,,,,,Y,2,0,1,1,A,-,01,23152,A,N,F,A,A,A,H,-,A,C,0,,,Y,,Y,Y,C,02,1,0,0,0,0,0,0,0,1,"- ","- ",38.305530548095703,-122.10733795166016,SOLANO,UNINCORPORATED,-122.10731506347656,38.305469512939453
9145997,2020,2020-09-29,4806,2020-07-10,1421,234,301,5,5,5,4806,0,0,0,,0,003,"VACA VALLEY PKWY","CRESCENT DR",0.00,,Y,A,-,N,,,,,,,,,,Y,2,0,2,2,A,-,12,21453,A,N,A,C,A,A,H,-,A,A,0,,,,,Y,,-,"- ",1,0,1,0,0,0,0,0,0,"- ","- ",38.390159606933594,-121.93679809570312,SOLANO,VACAVILLE,-121.93669128417969,38.390220642089844
91460388,2021,2021-05-27,9365,2021-04-14,0215,017736,,3,3,3,4802,0,1,1,,2,088,"I-80 WESTBOUND","DIXON AVE",216.00,E,N,A,-,Y,,,80,,,,,,W,Y,2,0,1,1,A,-,08,22107,,N,F,A,A,A,H,-,C,D,0,,,,,Y,,D,22,1,0,0,0,0,0,0,0,0,"- ","- ",38.446338653564453,-121.85841369628906,SOLANO,DIXON,-121.85834503173828,38.446254730224609
91460784,2021,2021-05-27,9365,2021-04-21,2355,018192,,3,3,9,4800,0,3,5,,2,020,"MANKAS CORNER ROAD","ABERNATHY RD",31.00,W,N,A,-,N,,,,,,,,,,Y,2,0,1,1,A,-,01,23152,A,N,E,I,A,A,H,-,D,A,0,,,,,Y,Y,A,01,1,0,0,0,0,0,0,0,0,"- ","- ",38.161899566650391,-122.05329895019531,SOLANO,UNINCORPORATED,-122.09262084960938,38.272140502929688
91461347,2021,2021-05-27,9365,2021-04-23,1226,019195,,5,1,9,4800,0,1,1,,2,081,"I-80 E/B","AMERICAN CANYON RD",2904.00,E,N,A,-,Y,,,80,,,,,,E,Y,2,0,1,2,A,-,08,22107,,N,B,2,A,A,H,-,A,D,0,,,,Y,Y,,A,01,1,0,0,0,0,0,0,0,0,"- ","- ",38.174800872802734,-122.19265747070312,SOLANO,UNINCORPORATED,-122.19266510009766,38.174800872802734
91461607,2021,2021-05-27,9365,2021-04-23,2155,020506,,5,2,9,4800,0,1,1,,2,089,"I-80 W/B","SR-113 S/B TO I-80 E/B",755.00,W,N,A,-,Y,,,80,,,,,,W,Y,2,0,1,2,D,-,00,,,N,B,C,A,A,H,-,D,D,0,,,Y,,Y,,-,"- ",1,0,0,0,0,0,0,0,1,"- ","- ",38.519821166992188,-121.77047729492188,SOLANO,UNINCORPORATED,-121.77045440673828,38.519794464111328
91461764,2020,2021-04-29,9365,2020-09-30,2500,017654,,3,4,9,4800,0,3,5,,2,020,"HOLLAND RD","OXFORD ROAD",4085.00,S,N,A,-,N,,,,,,,,,,Y,1,1,0,1,A,-,01,23152,A,N,F,I,A,A,B,-,D,D,0,,,,,Y,Y,A,07,0,0,0,0,0,0,0,0,0,"- ","- ",38.297248840332031,-121.60530090332031,SOLANO,UNINCORPORATED,-121.60521697998047,38.297386169433594
91461770,2020,2021-05-12,9365,2020-09-25,2305,021466,,5,3,9,4800,0,1,1,,2,082,"I-80 W/B","AMERICAN CANYON ROAD",23.00,E,N,A,-,Y,,,80,,,,,,W,Y,1,1,0,2,A,-,08,22107,,N,B,C,A,A,H,-,D,D,0,,,Y,,Y,Y,C,02,0,0,0,0,0,0,0,1,0,"- ","- ",38.169609069824219,-122.20014190673828,SOLANO,UNINCORPORATED,-122.20011901855469,38.169582366943359
91464304,2021,2021-05-27,9365,2021-04-24,0150,018192,,6,3,9,4800,0,1,1,,2,088,"I-80 E/B","W. A STREET",2006.00,W,N,A,-,Y,,,80,,,,,,E,Y,2,0,4,2,A,-,01,23152,A,N,C,C,A,A,H,-,D,D,0,,,,,Y,,A,01,1,0,3,0,0,0,0,0,0,"- ","- ",38.441780090332031,-121.86369323730469,SOLANO,UNINCORPORATED,-121.86371612548828,38.441814422607422
91473786,2021,2021-05-27,9365,2021-04-29,1320,016970,,4,1,5,4806,0,1,3,,2,113,SR-113,"HAY RD",2640.00,N,N,A,-,Y,,,,,,,,,,Y,2,0,1,2,A,-,08,22107,,N,A,C,A,A,H,-,A,D,0,,,,Y,Y,,A,01,1,0,0,0,0,0,0,0,0,"- ","- ",38.324779510498047,-121.82335662841797,SOLANO,VACAVILLE,-121.82334899902344,38.322231292724609
91481235,2021,2021-05-27,9365,2021-05-22,1140,016919,,6,1,5,4803,0,3,5,,2,020,"ABERNATHY ROAD","ROCKVILLE ROAD",0.00,,Y,A,-,N,,,,,,,,,,N,2,0,2,1,A,-,03,22350,,N,F,A,A,A,H,-,A,D,0,,,Y,,Y,,C,02,1,1,0,0,0,0,0,0,2,"- ","- ",38.246089935302734,-122.09072113037109,SOLANO,FAIRFIELD,-122.090828,38.246040000000001
91499657,2021,2021-06-17,9365,2021-06-10,2215,021116,,4,3,9,4800,0,1,A,,2,030,"PEACEFUL GLEN RD","TYLER CT",420.00,E,N,A,-,N,,,,,,,,,,Y,2,0,1,1,A,-,01,23152,A,N,E,I,A,A,H,-,D,D,0,,,,,Y,Y,D,22,1,0,0,0,0,0,0,0,0,"- ","- ",38.436000823974609,-121.97693634033203,SOLANO,UNINCORPORATED,-121.97437286376953,38.437240600585938
91503092,2021,2021-06-22,9365,2021-06-11,1445,019815,,5,2,9,4800,0,2,4,,2,301,"PLEASANTS VALLEY RD","SUNNY HILLS LN",2040.00,S,N,A,-,Y,,,,,,,,,,Y,2,0,2,2,A,-,03,22350,,N,C,C,A,A,H,-,A,D,0,,,Y,,Y,,C,02,2,0,0,0,0,0,0,0,2,"- ","- ",38.349090576171875,-122.02462005615234,SOLANO,UNINCORPORATED,-122.02468109130859,38.343528747558594
91519955,2021,2021-11-18,9365,2021-07-04,1411,019109,,7,2,6,4807,0,1,1,,2,080,"I-80 EASTBOUND","TOLL PLAZA",500.00,W,N,A,-,Y,,,80,,,,,,E,Y,2,0,1,3,A,-,07,21658,A,N,B,2,A,A,H,-,A,A,0,,,,,Y,,A,01,1,0,0,0,0,0,0,0,0,"- ","- ",38.064838409423828,-122.22547912597656,SOLANO,VALLEJO,-122.22554779052734,38.064834594726562
91523418,2021,2021-07-19,9365,2021-07-10,1915,020972,,6,2,5,4803,0,1,1,,2,084,"I-80 WB","SR-12 RIO VISTA",100.00,W,N,A,-,Y,,,80,,,,,,W,Y,2,0,5,1,A,-,08,22107,,N,E,J,A,A,H,-,A,D,0,,,,,Y,,A,07,2,3,0,0,0,0,0,0,0,"- ","- ",38.239921569824219,-122.09265899658203,SOLANO,FAIRFIELD,-122.09265899658203,38.239917755126953
91534509,2021,2021-08-02,9365,2021-07-21,1715,019458,,3,2,9,4800,0,1,3,,2,121,SR-12,"SPURS TRAIL",2640.00,E,N,A,-,Y,,,12,,,,,,,Y,2,0,1,3,A,-,08,22107,,N,F,A,A,A,H,-,A,B,0,,,Y,Y,Y,,C,02,1,0,0,0,0,0,0,0,1,"- ","- ",38.206668853759766,-122.17890167236328,SOLANO,UNINCORPORATED,-122.17890930175781,38.206630706787109
91536022,2021,2021-08-03,9365,2021-07-29,2335,020217,,4,3,6,4807,0,1,1,,2,080,"I-80 E/B","CAQUINEZ BRIDGE TOLL PLAZA",15.00,W,N,A,-,Y,,,80,,,,,,E,Y,2,0,1,1,A,-,01,23152,F,N,E,I,A,A,H,-,C,A,0,,,,,Y,,A,07,1,0,0,0,0,0,0,0,0,"- ","- ",38.069019317626953,-122.2265625,SOLANO,VALLEJO,-122.22659301757812,38.069004058837891
91547332,2021,2021-08-17,9365,2021-01-15,2500,017163,,5,4,9,4800,0,1,A,,2,030,"HARTLEY RD","ROBINSON RD",0.00,,Y,E,-,N,,,,,,,,,,N,1,1,0,2,A,-,11,21956,A,F,G,B,E,A,H,-,D,D,0,Y,,,,Y,,N,60,0,0,0,1,0,0,0,0,0,"- ","- ",38.423610687255859,-121.94400024414062,SOLANO,UNINCORPORATED,-121.94396209716797,38.423583984375
91547337,2021,2021-08-17,9365,2021-03-12,1837,016919,,5,2,5,4803,0,3,5,,2,020,"ABERNATHY RD","ANDREWS LN",528.00,N,N,A,-,N,,,,,,,,,,Y,1,1,0,2,A,-,01,23152,A,F,C,C,A,A,H,-,B,D,0,,,Y,,Y,Y,A,01,0,0,0,0,0,0,0,1,0,"- ","- ",38.262111663818359,-122.09243011474609,SOLANO,FAIRFIELD,-122.09241485595703,38.261508941650391
91547347,2021,2021-08-17,9365,2021-02-28,1533,019458,,7,2,9,4800,0,1,1,,2,089,"I-80 W/B","SR-113 N/B",2000.00,W,N,A,-,Y,,,80,,,,,,W,Y,1,1,0,1,A,-,01,23152,F,N,E,8,A,A,H,-,A,D,0,,,,,Y,,A,07,0,0,0,0,0,0,0,0,0,"- ","- ",38.517059326171875,-121.77355194091797,SOLANO,UNINCORPORATED,-121.77349853515625,38.517005920410156
91547356,2020,2021-08-17,9365,2020-12-30,0440,020565,,3,3,6,4807,0,1,1,,2,081,"I-80 W/B","COLUMBUS PKWY",2376.00,E,N,A,-,Y,,,80,,,,,,W,Y,1,1,0,1,A,-,08,22107,,N,E,I,A,A,H,-,D,A,0,,,,,Y,,D,22,0,0,0,0,0,0,0,0,0,"- ","- ",38.145221710205078,-122.21714782714844,SOLANO,VALLEJO,-122.21701812744141,38.145191192626953
9155001,2020,2020-11-06,4807,2020-08-07,0023,730,VALLE,5,5,6,4807,0,0,0,,0,005,"MONTEREY ST","CAROLINA ST",150.00,N,N,A,-,N,,,,,,,,,,N,2,0,1,2,A,-,03,22350,,F,G,B,D,A,H,-,C,D,0,Y,,,,Y,,-,,1,0,0,0,1,0,0,0,0,"- ","- ",38.103950500488281,-122.24656677246094,SOLANO,VALLEJO,-122.24649810791016,38.104351043701172
91551823,2021,2021-08-23,9365,2021-08-14,1600,022063,,6,2,9,4800,0,1,3,,2,113,SR-113,"CASEY RD",2640.00,S,N,A,-,Y,,,113,,,,,,,Y,2,0,1,2,A,-,09,21801,A,M,F,A,A,A,H,-,A,D,0,,,Y,,Y,,-,99,1,0,0,0,0,0,0,0,1,"- ","- ",38.383270263671875,-121.82282257080078,SOLANO,UNINCORPORATED,-121.82285308837891,38.383270263671875
91564728,2021,2021-09-07,9365,2021-08-31,2342,018192,,2,3,9,4800,0,1,1,,2,089,"I-80 E/B","PEDRICK ROAD",200.00,W,N,B,-,Y,,,,,,,,,,Y,2,0,2,2,A,-,01,23152,A,N,E,C,A,A,H,-,C,D,0,,,,,Y,Y,D,22,2,0,0,0,0,0,0,0,0,"- ","- ",38.291801452636719,-121.48149871826172,SOLANO,UNINCORPORATED,-121.80361175537109,38.488780975341797
91569791,2021,2021-09-14,9365,2021-09-07,0205,021857,,2,3,9,4800,0,1,1,,2,505,"I-505 S/B","ALLENDALE RD",0.00,,Y,A,-,Y,,,505,,,,,,S,Y,2,0,1,1,A,-,08,22107,,N,E,I,A,A,H,-,C,D,0,,,,,Y,Y,A,01,1,0,0,0,0,0,0,0,0,"- ","- ",38.453208923339844,-121.94188690185547,SOLANO,UNINCORPORATED,-121.9420166015625,38.453212738037109
91576868,2021,2021-09-22,9365,2021-09-11,1518,019651,,6,2,9,4800,0,3,5,,2,020,"CLAYTON ROAD","HOLESAPPLE ROAD",60.00,N,N,A,-,N,,,,,,,,,,Y,2,0,1,1,C,-,18,,,N,E,J,A,A,G,-,A,D,0,,,Y,,Y,,-,"- ",1,0,0,0,0,0,0,0,1,"- ","- ",38.309810638427734,-122.09327697753906,SOLANO,UNINCORPORATED,-122.09769439697266,38.295589447021484
91582663,2021,2021-09-29,9365,2021-09-19,2215,020217,,7,3,5,4806,0,1,1,,2,086,"I-80 E/B","NUT TREE RD",600.00,W,N,A,-,Y,,,80,,,,,,E,Y,2,0,4,2,C,-,18,,,N,B,2,A,A,H,-,C,D,0,,,,,Y,,-,"- ",2,1,1,0,0,0,0,0,0,"- ","- ",38.367698669433594,-121.96006011962891,SOLANO,VACAVILLE,-121.96005249023438,38.367687225341797
91582682,2021,2021-09-29,9365,2021-09-20,2005,021645,,1,2,4,4801,0,1,1,,2,680,"I-680 N/B","LAKE HERMAN RD",1985.00,S,N,A,-,Y,,,680,,,,,,N,Y,2,0,1,1,A,-,08,22107,,N,F,A,A,A,H,-,D,D,0,,,,,Y,,D,22,1,0,0,0,0,0,0,0,0,"- ","- ",38.081451416015625,-122.11615753173828,SOLANO,BENICIA,-122.11613464355469,38.0814208984375
91586138,2021,2021-10-01,9365,2021-09-22,1320,021645,,3,1,6,4807,0,1,1,,2,080,"I-80 E/B","CAQUINEZ BRIDGE TOLL PLAZA",823.00,E,N,A,-,Y,,,80,,,,,,E,Y,2,0,1,2,A,-,07,21658,A,N,B,2,A,A,H,-,A,D,0,,,,,Y,,A,01,1,0,0,0,0,0,0,0,0,"- ","- ",38.071220397949219,-122.22789001464844,SOLANO,VALLEJO,-122.22795104980469,38.071174621582031
91600734,2021,2021-10-19,9365,2021-04-17,2130,021466,,6,2,9,4800,0,3,5,,2,040,"TREMONT RD","BULKLEY RD",3315.00,E,N,A,-,N,,,,,,,,,,N,1,1,3,1,A,-,01,23152,A,N,E,J,A,A,H,-,D,D,0,,,,,Y,Y,A,01,3,0,0,0,0,0,0,0,0,"- ","- ",38.495121002197266,-121.71157836914062,SOLANO,UNINCORPORATED,-121.71164703369141,38.495101928710938
91604237,2021,2021-10-22,9365,2021-07-23,0323,022514,,5,3,5,4806,0,1,1,,2,086,"I-80 EASTBOUND","ELMIRA ROAD",548.00,E,N,A,-,Y,,,80,,,,,,E,N,1,1,0,2,A,-,11,21954,A,N,G,B,E,A,H,-,C,D,0,Y,,,,Y,,N,60,0,0,0,1,0,0,0,0,0,"- ","- ",38.358409881591797,-121.97396087646484,SOLANO,VACAVILLE,-121.97398376464844,38.358432769775391
91604245,2021,2021-10-25,9365,2021-09-30,2325,018192,,4,3,9,4800,0,1,1,,2,082,"I-80 W/B","RED TOP ROAD",1320.00,W,N,A,-,Y,,,80,,,,,,W,Y,2,0,2,2,A,-,01,23152,F,N,C,C,A,A,H,-,D,D,0,,,,,Y,Y,A,08,2,0,0,0,0,0,0,0,0,"- ","- ",38.199321746826172,-122.16042327880859,SOLANO,UNINCORPORATED,-122.16041564941406,38.199317932128906
91605374,2021,2021-10-25,9365,2021-10-17,0345,018712,,7,3,5,4806,0,1,1,,2,087,"I-80 W/B","LEISURE TOWN ROAD O/C",1690.00,E,N,A,-,Y,,,,,,,,,,Y,2,0,2,2,A,-,01,23152,A,F,C,C,A,A,H,-,C,D,0,,,,,Y,Y,A,01,1,1,0,0,0,0,0,0,0,"- ","- ",38.155498504638672,-122.11444091796875,SOLANO,VACAVILLE,-121.92983245849609,38.391460418701172