CASE_ID,ACCIDENT_YEAR,PROC_DATE,JURIS,COLLISION_DATE,COLLISION_TIME,OFFICER_ID,REPORTING_DISTRICT,DAY_OF_WEEK,CHP_SHIFT,POPULATION,CNTY_CITY_LOC,SPECIAL_COND,BEAT_TYPE,CHP_BEAT_TYPE,CITY_DIVISION_LAPD,CHP_BEAT_CLASS,BEAT_NUMBER,PRIMARY_RD,SECONDARY_RD,DISTANCE,DIRECTION,INTERSECTION,WEATHER_1,WEATHER_2,STATE_HWY_IND,CALTRANS_COUNTY,CALTRANS_DISTRICT,STATE_ROUTE,ROUTE_SUFFIX,POSTMILE_PREFIX,POSTMILE,LOCATION_TYPE,RAMP_INTERSECTION,SIDE_OF_HWY,TOW_AWAY,COLLISION_SEVERITY,NUMBER_KILLED,NUMBER_INJURED,PARTY_COUNT,PRIMARY_COLL_FACTOR,PCF_CODE_OF_VIOL,PCF_VIOL_CATEGORY,PCF_VIOLATION,PCF_VIOL_SUBSECTION,HIT_AND_RUN,TYPE_OF_COLLISION,MVIW,PED_ACTION,ROAD_SURFACE,ROAD_COND_1,ROAD_COND_2,LIGHTING,CONTROL_DEVICE,CHP_ROAD_TYPE,PEDESTRIAN_ACCIDENT,BICYCLE_ACCIDENT,MOTORCYCLE_ACCIDENT,TRUCK_ACCIDENT,NOT_PRIVATE_PROPERTY,ALCOHOL_INVOLVED,STWD_VEHTYPE_AT_FAULT,CHP_VEHTYPE_AT_FAULT,COUNT_SEVERE_INJ,COUNT_VISIBLE_INJ,COUNT_COMPLAINT_PAIN,COUNT_PED_KILLED,COUNT_PED_INJURED,COUNT_BICYCLIST_KILLED,COUNT_BICYCLIST_INJURED,COUNT_MC_KILLED,COUNT_MC_INJURED,PRIMARY_RAMP,SECONDARY_RAMP,LATITUDE,LONGITUDE,COUNTY,CITY,POINT_X,POINT_Y
91609046,2021,2021-10-28,9365,2021-10-19,0805,014687,,2,1,9,4800,0,1,1,,2,089,"I-80 W/B TO KIDWELL RD","KIDWELL ROAD",600.00,E,N,A,-,Y,,,80,,,,R,,W,Y,2,0,1,2,A,-,08,22107,,N,C,E,A,A,H,-,A,D,0,,,,Y,Y,,A,01,1,0,0,0,0,0,0,0,0,"- ","- ",38.507431030273438,-121.78621673583984,SOLANO,UNINCORPORATED,-121.78621673583984,38.507431030273438
91612114,2021,2022-04-29,9365,2021-10-21,0000,019109,,4,3,6,4807,0,1,1,,2,089,"I-80 W/B","TENNESSEE ST",500.00,W,N,C,-,Y,,,80,,,,,,W,Y,2,0,3,4,A,-,08,22107,,N,B,C,A,B,H,-,C,D,0,,,,,Y,,A,07,1,2,0,0,0,0,0,0,0,"- ","- ",38.107898712158203,-122.22969818115234,SOLANO,VALLEJO,-122.22978973388672,38.107902526855469
9161446,2020,2021-02-02,4803,2020-09-09,0830,476,,3,5,5,4803,0,0,0,,0,00W,"FIRESTONE DR","ST ANDREWS RD",0.00,,Y,F,-,N,,,,,,,,,,N,2,0,1,2,A,-,10,21954,B,N,G,B,D,A,H,-,C,A,0,Y,,,,Y,,A,01,1,0,0,0,1,0,0,0,0,"- ","- ",38.291679382324219,-122.06971740722656,SOLANO,FAIRFIELD,-122.06979370117188,38.291721343994141
91617736,2021,2021-11-05,9365,2021-07-02,1143,016919,,5,1,5,4803,0,3,5,,2,020,"MANKAS CORNER RD","ABERNATHY RD",1584.00,E,N,A,-,N,,,,,,,,,,Y,1,1,0,1,A,-,08,22107,,N,E,I,A,A,H,-,A,D,0,,,,,Y,,A,01,0,0,0,0,0,0,0,0,0,"- ","- ",38.271289825439453,-122.08767700195312,SOLANO,FAIRFIELD,-122.08724975585938,38.271156311035156
91618998,2021,2021-11-08,9365,2021-11-05,1315,016970,,5,1,9,4800,0,1,3,,2,370,"SR-37 E/B","SOLANO COUNTY LINE",300.00,E,N,A,-,Y,,,37,,,,,,E,Y,2,0,4,5,A,-,03,22350,,N,C,C,A,A,H,-,A,D,0,,,,Y,Y,,G,25,3,1,0,0,0,0,0,0,0,"- ","- ",38.155750274658203,-122.40486145019531,SOLANO,UNINCORPORATED,-122.40486907958984,38.155532836914062
91654552,2021,2021-12-16,9365,2021-12-08,1725,017309,,3,2,9,4800,0,1,1,,2,089,"I-80 EASTBOUND","OLD DAVIS ROAD",400.00,E,N,B,C,Y,,,80,,,,,,E,Y,2,0,1,2,A,-,07,21658,A,N,D,C,A,B,H,-,D,D,0,,,,,Y,,A,01,1,0,0,0,0,0,0,0,0,"- ","- ",38.529640197753906,-121.75325775146484,SOLANO,UNINCORPORATED,-121.75325012207031,38.52960205078125
9166130,2020,2020-11-30,4803,2020-09-09,1839,976,,3,5,5,4803,0,0,0,,0,00E,"VANDEN RD","CANON RD",1543.00,S,N,A,-,,,,,,,,,,,,2,0,2,1,A,-,03,22350,,N,E,I,A,A,H,-,A,D,0,,,,,Y,,A,01,1,1,0,0,0,0,0,0,0,"- ","- ",38.305011749267578,-121.94930267333984,SOLANO,FAIRFIELD,-121.95161437988281,38.298221588134766
91666845,2021,2022-04-29,9365,2021-12-18,1259,021609,,6,1,5,4803,0,1,3,,2,122,"SR-12 E/B","BECK AVE",2640.00,W,N,B,-,Y,,,12,,,,,,E,Y,2,0,4,3,A,-,03,22350,,N,C,C,A,A,H,-,A,D,0,,,,Y,Y,Y,F,26,1,2,1,0,0,0,0,0,0,"- ","- ",38.240020751953125,-122.07476806640625,SOLANO,FAIRFIELD,-122.07476806640625,38.240001678466797
91667754,2021,2022-01-04,9365,2021-04-22,1725,017309,,4,2,5,4803,0,1,3,,2,122,"SR-12 E/B","BECK AVE",686.00,W,N,A,-,Y,,,12,,,,,,E,Y,1,1,2,6,A,-,03,22350,,M,C,C,A,A,H,-,A,D,0,,,,,Y,,D,22,0,2,0,0,0,0,0,0,0,"- ","- ",38.240211486816406,-122.06890106201172,SOLANO,FAIRFIELD,-122.06890106201172,38.24017333984375
91667768,2021,2021-12-31,9365,2021-07-31,0010,021204,,6,3,3,4802,0,1,1,,2,088,"I-80 E/B","DIXON AVENUE",9504.00,W,N,A,-,Y,,,,,,,,,,Y,1,1,0,1,A,-,01,23152,A,N,F,8,A,A,H,-,D,D,0,,,,,Y,Y,A,01,0,0,0,0,0,0,0,0,0,"- ","- ",38.4268798828125,-121.88310241699219,SOLANO,DIXON,-121.88230895996094,38.427604675292969
91674515,2021,2022-01-10,9365,2021-12-31,2225,020565,,5,3,9,4800,0,1,1,,2,089,"I-80 E/B","SR-113 N/B",528.00,E,N,A,-,Y,,,80,,,,,,E,N,2,0,1,2,A,-,08,22107,,N,B,C,A,A,H,-,D,D,0,,,,,Y,,A,01,1,0,0,0,0,0,0,0,0,"- ","- ",38.5218505859375,-121.76773071289062,SOLANO,UNINCORPORATED,-121.76776885986328,38.521896362304688
91685576,2022,2022-01-26,9365,2022-01-19,1420,017309,,3,2,3,4802,0,1,1,,2,088,"I-80 EASTBOUND","PITT SCHOOL ROAD",528.00,E,N,A,-,Y,SOL,,80,,,37.155,H,,R,Y,2,0,1,1,A,-,08,22107,,N,E,8,A,A,H,-,A,D,0,,,,,Y,,A,01,1,0,0,0,0,0,0,0,0,"- ","- ",38.462169647216797,-121.83769989013672,SOLANO,DIXON,-121.83760833740234,38.462100982666016
91685589,2022,2022-01-26,9365,2022-01-19,1600,017309,,3,2,5,4806,0,1,1,,2,087,"I-80 EASTBOUND","LEISURE TOWN ROAD",528.00,W,N,A,-,Y,SOL,,80,,,29.607,H,,R,Y,2,0,1,1,A,-,03,22350,,N,E,I,A,A,H,-,A,D,0,,,,,Y,,D,22,1,0,0,0,0,0,0,0,0,"- ","- ",38.385601043701172,-121.93711853027344,SOLANO,VACAVILLE,-121.93704986572266,38.385540008544922
91691059,2022,2022-02-01,9365,2022-01-23,1323,019195,,7,1,5,4803,0,1,1,,2,083,"I-80 E/B","SR-12 RIO VISTA",4224.00,W,N,A,-,Y,SOL,,80,,,15.045,H,,R,Y,2,0,1,1,A,-,08,22107,,N,F,A,A,A,H,-,A,D,0,,,Y,,Y,,C,02,1,0,0,0,0,0,0,0,1,"- ","- ",38.234600067138672,-122.10446166992188,SOLANO,FAIRFIELD,-122.10440063476562,38.234512329101562
91692125,2021,2022-02-03,9365,2021-07-03,1205,017820,,6,1,6,4807,0,1,1,,2,078,"I-780 W/B","GLEN COVE RD",1315.00,E,N,A,-,Y,,,780,,,,,,W,Y,1,1,0,1,A,-,03,22350,,N,E,8,A,A,H,-,A,A,0,,,,,Y,,A,01,0,0,0,0,0,0,0,0,0,"- ","- ",38.085201263427734,-122.20588684082031,SOLANO,VALLEJO,-122.20589447021484,38.085170745849609
91692127,2021,2022-02-03,9365,2021-09-16,0358,018192,,4,3,9,4800,0,1,3,,2,370,"SR-37 E/B","WALNUT AVENUE",4752.00,W,N,B,-,Y,,,37,,,,,,E,Y,1,1,0,2,A,-,11,21954,A,N,G,B,D,A,H,-,D,D,0,Y,,,,Y,,N,60,0,0,0,1,0,0,0,0,0,"- ","- ",38.118461608886719,-122.30547332763672,SOLANO,UNINCORPORATED,-122.30545043945312,38.118507385253906
91693889,2022,2022-02-04,9365,2022-01-22,2020,020667,,6,2,9,4800,0,3,5,,2,010,"LINCOLN ROAD WEST","BENICIA RD",0.00,,Y,A,-,N,,,,,,,,,,Y,2,0,1,2,A,-,09,21453,C,N,D,C,A,A,H,-,C,A,0,,,,,Y,,A,07,1,0,0,0,0,0,0,0,0,"- ","- ",38.094928741455078,-122.23103332519531,SOLANO,UNINCORPORATED,-122.23098754882812,38.094913482666016
91695299,2021,2022-02-08,9365,2021-04-11,0244,021674,,7,3,9,4800,0,1,1,,2,088,"I-80 W/B","DIXON AVE",1056.00,W,N,A,-,Y,,,80,,,,,,W,Y,1,1,3,5,A,-,01,23152,A,F,B,C,E,A,H,-,D,D,0,Y,,,,Y,Y,D,22,1,2,0,1,1,0,0,0,0,"- ","- ",38.443771362304688,-121.86151123046875,SOLANO,UNINCORPORATED,-121.86152648925781,38.443790435791016
91695825,2022,2022-02-08,9365,2022-01-31,0100,021645,,1,3,6,4807,0,1,1,,2,081,"I-80 E/B","TENNESSEE ST",1820.00,E,N,A,-,Y,SOL,,80,,,3.847,H,,R,Y,2,0,3,2,A,-,08,22107,,N,C,C,A,A,H,-,D,D,0,,,,,Y,Y,A,01,1,0,2,0,0,0,0,0,0,"- ","- ",38.114730834960938,-122.22978973388672,SOLANO,VALLEJO,-122.22988128662109,38.114727020263672
91696802,2022,2022-02-09,9365,2022-02-05,0001,018712,,6,3,9,4800,0,1,A,,2,030,"FOX RD.","CYPRESS TRAIL",30.00,N,N,A,-,N,,,,,,,,,,Y,2,0,2,2,A,-,01,23152,A,N,C,C,A,A,H,-,D,D,0,,,,,Y,Y,A,01,1,1,0,0,0,0,0,0,0,"- ","- ",38.395351409912109,-121.87812042236328,SOLANO,UNINCORPORATED,-121.87812042236328,38.395393371582031
91700046,2022,2022-02-14,9365,2022-02-05,2357,021157,,6,3,6,4807,0,1,1,,2,080,"I-80 W/B","SOLANO AVENUE",680.00,W,N,A,-,Y,SOL,,80,,,3.097,H,,L,Y,2,0,1,1,A,-,01,23152,A,N,E,I,A,A,H,-,C,D,0,,,,,Y,Y,A,01,1,0,0,0,0,0,0,0,0,"- ","- ",38.103889465332031,-122.22972869873047,SOLANO,VALLEJO,-122.22983551025391,38.103889465332031
91701513,2022,2022-02-15,9365,2022-02-09,1755,020667,,3,2,5,4806,0,1,1,,2,086,"I-80 W/B","LAGOON VALLEY RD",1584.00,E,N,A,-,Y,SOL,,80,,,23.440,H,,L,Y,2,0,3,3,A,-,03,22350,,F,C,A,A,A,H,-,D,D,0,,,,,Y,,A,01,1,1,1,0,0,0,0,0,0,"- ","- ",38.329200744628906,-122.02162170410156,SOLANO,VACAVILLE,-122.02162933349609,38.329204559326172
91704146,2022,2022-02-18,9365,2022-02-11,0115,018192,,5,3,6,4807,0,1,1,,2,080,"I-80 W/B","CAQUINEZ BRIDGE TOLL PLAZA",1000.00,W,N,A,-,Y,SOL,,80,,,0.293,H,,L,Y,2,0,1,1,A,-,08,22107,,N,E,I,A,A,H,-,C,D,0,,,,,Y,,A,01,1,0,0,0,0,0,0,0,0,"- ","- ",38.064949035644531,-122.22660064697266,SOLANO,VALLEJO,-122.22674560546875,38.064949035644531
91706203,2022,2022-02-22,9365,2022-02-13,1610,020566,,7,2,9,4800,0,1,1,,2,088,"I-80 E/B","DIXON AVE",1056.00,W,N,A,-,Y,SOL,,80,,,34.883,H,,R,N,2,0,1,1,A,-,08,22107,,N,E,I,A,A,H,-,A,D,0,,,,,Y,,A,08,1,0,0,0,0,0,0,0,0,"- ","- ",38.438919067382812,-121.86726379394531,SOLANO,UNINCORPORATED,-121.86734771728516,38.438991546630859
91706907,2022,2022-02-23,9365,2022-02-11,1450,019815,,5,2,9,4800,0,3,5,,2,040,"I-505 N/B TO MIDWAY RD.","MIDWAY ROAD",0.00,,Y,A,-,N,,,,,,,,,,Y,2,0,2,2,A,-,09,21802,A,N,D,C,A,A,H,-,A,A,0,,,Y,,Y,,A,07,1,1,0,0,0,0,0,0,1,"- ","- ",38.417068481445312,-121.94380187988281,SOLANO,UNINCORPORATED,-121.94425964355469,38.417057037353516
91712087,2022,2022-03-01,9365,2022-02-23,1800,019927,,3,2,9,4800,0,1,1,,2,086,"BATAVIA ROAD","WEBER ROAD",1633.00,N,N,A,-,N,,,,,,,,,,N,2,0,1,1,A,-,08,22107,,N,F,A,A,A,H,-,D,D,0,,,Y,,Y,,C,02,1,0,0,0,0,0,0,0,1,"- ","- ",38.407100677490234,-121.85975646972656,SOLANO,UNINCORPORATED,-121.85975646972656,38.406753540039062
91720944,2022,2022-03-11,9365,2022-03-02,1549,018712,,3,2,9,4800,0,1,1,,2,089,"I-80 E/B","SR-113 N/B OC",3115.00,W,N,A,-,Y,SOL,,80,,,42.059,H,,R,Y,2,0,1,4,A,-,03,22350,,N,C,C,A,A,H,-,A,D,0,,,,,Y,,A,01,1,0,0,0,0,0,0,0,0,"- ","- ",38.514228820800781,-121.77597045898438,SOLANO,UNINCORPORATED,-121.77598571777344,38.514236450195312
91737087,2021,2022-03-30,9365,2021-11-04,2345,021116,,4,3,5,4803,0,1,1,,2,084,"I-80 W/B","WATERMAN BLVD",706.00,W,N,B,-,Y,,,80,,,,,,W,Y,1,1,0,1,A,-,08,22107,,N,F,A,A,A,H,-,D,D,0,,,,,Y,,A,01,0,0,0,0,0,0,0,0,0,"- ","- ",38.270889282226562,-122.05200958251953,SOLANO,FAIRFIELD,-122.052001953125,38.270885467529297
91737488,2022,2022-03-30,9365,2022-03-25,1710,019651,,5,2,5,4803,0,1,1,,2,084,"I-80 EB","AIR BASE PKWY OVER-CROSSING",2185.00,E,N,A,-,Y,SOL,,80,,,19.599,H,,R,Y,2,0,1,2,A,-,03,22350,,N,C,C,A,A,H,-,D,D,0,,,Y,,Y,,C,02,1,0,0,0,0,0,0,0,1,"- ","- ",38.278499603271484,-122.04531097412109,SOLANO,FAIRFIELD,-122.04524230957031,38.278465270996094
91740548,2022,2022-04-04,9365,2022-03-28,1110,019195,,1,1,5,4803,0,1,1,,2,680,"I-680 N/B","CORDELIA ROAD",370.00,N,N,B,C,Y,SOL,,680,,,12.746,H,,R,N,2,0,1,3,A,-,03,22350,,N,C,C,A,B,H,-,A,D,0,,,,,Y,,A,01,1,0,0,0,0,0,0,0,0,"- ","- ",38.211208343505859,-122.13777923583984,SOLANO,FAIRFIELD,-122.13774871826172,38.211212158203125
91750673,2021,2022-04-19,9365,2021-09-02,1654,019458,,4,2,9,4800,0,1,1,,2,089,"I-80 E/B","SR-113 S/B TO I-80 E/B",723.00,W,N,A,-,Y,,,80,,,,,,E,Y,1,1,4,2,A,-,03,22350,,N,C,C,A,A,H,-,A,D,0,,,,,Y,,A,08,2,2,0,0,0,0,0,0,0,"- ","- ",38.523258209228516,-121.76641845703125,SOLANO,UNINCORPORATED,-121.76636505126953,38.523208618164062
91758898,2022,2022-04-28,9365,2022-04-17,0230,022796,,7,3,6,4807,0,1,1,,2,082,"I-80 W/B","SR 37 OVERCROSSING",4330.00,E,N,A,-,Y,,,,,,,,,,N,2,0,1,2,A,-,11,21954,A,F,G,B,D,A,H,-,D,D,0,Y,,,,Y,,N,60,1,0,0,0,1,0,0,0,0,"- ","- ",38.991901397705078,-122.12593841552734,SOLANO,VALLEJO,-122.24636840820312,38.039485931396484
91762253,2022,2022-06-24,9365,2022-04-24,0140,022326,,7,3,5,4806,0,1,1,,2,084,"I-80 E/B","AIRBASE PARKWAY",1650.00,W,N,A,-,Y,SOL,,80,,,18.847,H,,R,Y,2,0,6,2,A,-,03,22350,,F,C,D,A,A,H,-,C,D,0,,,,,Y,,A,01,1,1,4,0,0,0,0,0,0,"- ","- ",38.269458770751953,-122.05296325683594,SOLANO,VACAVILLE,-122.05288696289062,38.269420623779297
91764829,2021,2022-05-05,9365,2021-08-12,0451,017736,,4,3,5,4806,0,1,1,,2,086,"I-80 E/B","I-505 N/B O/C",391.00,W,N,A,-,Y,,,80,,,,,,E,Y,1,1,1,3,C,-,18,,,N,C,C,A,A,H,-,C,D,0,,,,,Y,,-,"- ",0,1,0,0,0,0,0,0,0,"- ","- ",38.372840881347656,-121.95369720458984,SOLANO,VACAVILLE,-121.95367431640625,38.372806549072266
91766329,2022,2022-05-06,9365,2022-04-28,0240,021609,,4,3,5,4803,0,1,1,,2,084,"I-80 E/B","MANUEL CAMPOS PKWY",4752.00,W,N,A,-,Y,SOL,,80,,,19.982,H,,R,Y,2,0,1,2,A,-,01,23152,A,N,C,C,A,A,H,-,D,D,0,,,,,Y,Y,A,01,1,0,0,0,0,0,0,0,0,"- ","- ",38.283069610595703,-122.04125213623047,SOLANO,FAIRFIELD,-122.04130554199219,38.283100128173828
91771009,2022,2022-05-12,9365,2022-05-05,1745,017309,,4,2,9,4800,0,3,5,,2,020,"MCCORMACK RD","MCCLOSKY ROAD",0.00,,Y,B,-,N,,,,,,,,,,Y,2,0,1,2,A,-,09,21804,A,N,C,C,A,A,H,-,A,D,0,,,Y,,Y,,D,22,1,0,0,0,0,0,0,0,1,"- ","- ",38.197818756103516,-121.7689208984375,SOLANO,UNINCORPORATED,-121.76886749267578,38.198051452636719
91779085,2022,2022-08-01,9365,2022-05-02,1205,015293,,1,1,9,4800,0,3,5,,2,040,"ROBBEN ROAD","VAUGHN ROAD",10.00,N,N,A,-,N,,,,,,,,,,N,2,0,1,2,A,-,08,22107,,N,D,G,A,A,H,-,A,A,0,,Y,,,Y,,L,04,1,0,0,0,0,0,1,0,0,"- ","- ",38.467239379882812,-121.78585815429688,SOLANO,UNINCORPORATED,-121.78585815429688,38.467117309570312
91783215,2022,2022-05-27,9365,2022-05-21,0310,022817,,6,3,6,4807,0,1,1,,2,081,"I-80 E/B","REDWOOD ST",1056.00,E,N,A,-,Y,SOL,,80,,,4.669,H,,R,Y,2,0,1,1,A,-,01,23152,A,M,E,8,A,A,H,-,C,A,0,,,,,Y,Y,A,07,1,0,0,0,0,0,0,0,0,"- ","- ",38.126308441162109,-122.22812652587891,SOLANO,VALLEJO,-122.22810363769531,38.126296997070312
91785406,2022,2022-05-31,9365,2022-05-24,1805,020566,,2,2,9,4800,0,1,1,,2,680,"I-680 N/B","LAKE HERMAN RD",5280.00,E,N,A,-,Y,SOL,,680,,R,3.359,H,,R,N,2,0,1,2,A,-,03,22350,,N,C,C,A,A,H,-,A,D,0,,,Y,,Y,,C,02,1,0,0,0,0,0,0,0,1,"- ","- ",38.092548370361328,-122.10691833496094,SOLANO,UNINCORPORATED,-122.10691833496094,38.092548370361328
91789424,2022,2022-06-06,9365,2022-05-28,0205,022326,,6,3,5,4803,0,1,1,,2,084,"I-80 E/B","WATERMAN BOULEVARD",1265.00,W,N,C,-,Y,SOL,,80,,,18.924,H,,R,Y,2,0,2,3,A,-,01,23152,A,N,C,2,E,B,H,-,D,D,0,Y,,,,Y,Y,A,01,1,1,0,0,1,0,0,0,0,"- ","- ",38.270290374755859,-122.05200958251953,SOLANO,FAIRFIELD,-122.05210876464844,38.270339965820312
91797665,2022,2022-06-17,9365,2022-06-08,1140,015293,,3,1,9,4800,0,1,1,,2,506,"I-505 S/B","ALLENDALE ROAD U/C",3326.00,S,N,A,-,Y,SOL,,505,,R,4.948,H,,L,Y,2,0,1,2,A,-,08,22107,,N,C,C,A,A,H,-,A,D,0,,,,Y,Y,,A,01,1,0,0,0,0,0,0,0,0,"- ","- ",38.444229125976562,-121.942626953125,SOLANO,UNINCORPORATED,-121.94261932373047,38.444229125976562
91804126,2022,2022-06-27,9365,2022-06-15,1748,021352,,3,2,6,4807,0,1,1,,2,080,"I-80 W/B","MAGAZINE STREET",500.00,W,N,A,-,Y,SOL,,80,,,1.715,H,,L,Y,2,0,2,2,A,-,08,22107,,N,B,2,A,A,H,-,A,A,0,,,,Y,Y,,A,01,1,1,0,0,0,0,0,0,0,"- ","- ",38.084461212158203,-122.23326110839844,SOLANO,VALLEJO,-122.23324584960938,38.084457397460938
91812013,2022,2022-07-07,9365,2022-07-06,0930,017805,,3,1,6,4807,0,1,1,,2,081,"I-80 WB","TENNESSEE ST. O/C",800.00,E,N,B,-,Y,SOL,,80,,,3.646,H,,L,Y,2,0,1,1,A,-,08,22107,,N,E,I,A,A,H,-,A,D,0,,,,,Y,,A,01,1,0,0,0,0,0,0,0,0,"- ","- ",38.111820220947266,-122.22988891601562,SOLANO,VALLEJO,-122.2298583984375,38.111820220947266
91814667,2022,2022-07-11,9365,2022-06-21,0745,017820,,2,1,6,4807,0,1,3,,2,370,"SR-37 W/B","WILSON AVE",547.00,W,N,A,-,Y,SOL,,37,,R,7.850,H,,L,Y,2,0,2,5,A,-,03,22350,,N,C,C,A,A,H,-,A,A,0,,,,,Y,,A,01,1,0,1,0,0,0,0,0,0,"- ","- ",38.121429443359375,-122.27754974365234,SOLANO,VALLEJO,-122.27761077880859,38.121532440185547
91820779,2022,2022-07-19,9365,2022-07-16,1000,016970,,6,1,9,4800,0,2,4,,2,301,"PLEASANTS VALLEY RD","BRINCK TRAIL",1056.00,N,N,A,-,N,,,,,,,,,,Y,2,0,1,1,A,-,08,22107,,N,E,I,A,A,H,-,A,D,0,,,Y,,Y,,C,02,1,0,0,0,0,0,0,0,1,"- ","- ",38.471908569335938,-122.03089904785156,SOLANO,UNINCORPORATED,-122.03117370605469,38.471820831298828
91822683,2022,2022-07-22,9365,2022-07-09,2350,021609,,6,3,9,4800,0,1,1,,2,083,"I-80 W/B","SR-12 (NAPA)",200.00,W,N,A,-,Y,SOL,,80,,R,11.923,H,,L,N,2,0,1,3,A,-,07,21658,A,F,D,C,A,A,H,-,D,D,0,,,Y,,Y,,-,99,1,0,0,0,0,0,0,0,1,"- ","- ",38.2076416015625,-122.15087127685547,SOLANO,UNINCORPORATED,-122.15090179443359,38.207660675048828
91826134,2022,2022-07-27,9365,2022-07-21,1330,021645,,4,1,6,4807,0,1,1,,2,080,"I-80 W/B TO I-780 EB","I-780 E/B",5.00,W,N,A,-,Y,SOL,,80,,,2.220,H,,L,Y,2,0,1,2,A,-,03,22350,,N,C,2,A,A,H,-,A,D,0,,,Y,,Y,,C,02,1,0,0,0,0,0,0,0,1,"- ","- ",38.091438293457031,-122.23075866699219,SOLANO,VALLEJO,-122.23060607910156,38.091407775878906
91830559,2021,2022-08-01,9365,2021-10-08,2100,021674,,5,2,5,4806,0,1,1,,2,505,"I-505 S/B TO I-80 W/B","NUT TREE RD",1320.00,N,N,A,-,Y,,,505,,,,R,,S,Y,1,1,0,1,A,-,01,23152,A,N,E,I,A,A,H,-,D,D,0,,,,,Y,Y,A,01,0,0,0,0,0,0,0,0,0,"- ","- ",38.372570037841797,-121.95503234863281,SOLANO,VACAVILLE,-121.95503234863281,38.372570037841797
91831753,2021,2022-08-02,9365,2021-04-03,0620,017654,,6,1,6,4807,0,2,S,,2,901,"COLUMBUS PARKWAY","655 COLUMBUS PARKWAY (BLUE ROCK SPRING GOLF COURSE",525.00,S,N,A,-,N,,,,,,,,,,Y,1,1,0,1,A,-,01,23152,F,N,E,I,A,A,H,-,B,D,0,,,,,Y,,A,07,0,0,0,0,0,0,0,0,0,"- ","- ",38.123981475830078,-122.19187927246094,SOLANO,VALLEJO,,
91833943,2022,2022-08-05,9365,2022-07-29,0050,021609,,5,3,6,4807,0,1,1,,2,081,"I-80 E/B",SR-37,1584.00,E,N,A,-,Y,SOL,,80,,,6.169,H,,R,Y,2,0,2,2,A,-,01,23152,A,N,C,C,A,A,H,-,C,D,0,,,,Y,Y,Y,A,01,2,0,0,0,0,0,0,0,0,"- ","- ",38.145999908447266,-122.21659851074219,SOLANO,VALLEJO,-122.21657562255859,38.14599609375
9183761,2020,2020-12-11,4807,2020-10-21,1449,651,VALLE,3,5,6,4807,0,0,0,,0,004,"SOLANO AV","CENTRAL AV",0.00,,Y,A,-,N,,,,,,,,,,Y,2,0,1,3,A,-,09,21802,B,F,D,C,A,A,H,-,A,A,0,,,,,Y,,-,,1,0,0,0,0,0,0,0,0,"- ","- ",38.100631713867188,-122.24040222167969,SOLANO,VALLEJO,-122.24034118652344,38.100658416748047
91846073,2022,2022-08-22,9365,2022-08-16,1930,021609,,2,2,6,4807,0,1,1,,2,077,"I-780 W/B","GLEN COVE RD",2112.00,E,N,A,-,Y,SOL,,780,,,5.627,H,,L,Y,2,0,2,3,A,-,08,22107,,N,D,C,A,A,H,-,A,D,0,,,,,Y,,A,07,1,1,0,0,0,0,0,0,0,"- ","- ",38.084819793701172,-122.20339965820312,SOLANO,VALLEJO,-122.20345306396484,38.084609985351562
91854572,2022,2022-08-31,9365,2022-05-13,1625,017736,,5,2,9,4800,0,2,4,,2,301,"PLEASANTS VALLEY RD","FOOTHILL DR",951.00,N,N,A,-,N,,,,,,,,,,Y,1,1,0,1,A,-,03,22350,,N,E,I,A,A,H,-,A,D,0,,,Y,,Y,Y,C,02,0,0,0,0,0,0,0,1,0,"- ","- ",38.364650726318359,-122.02327728271484,SOLANO,UNINCORPORATED,-122.02333831787109,38.364555358886719
91854589,2022,2022-08-31,9365,2022-01-27,2250,019109,,4,3,9,4800,0,1,1,,2,082,"I-80 E/B","RED TOP RD",3665.00,W,N,A,-,Y,SOL,,80,,R,10.688,H,,R,Y,1,1,0,1,A,-,01,23152,F,N,E,8,A,A,H,-,C,A,0,,,,,Y,,A,07,0,0,0,0,0,0,0,0,0,"- ","- ",38.194171905517578,-122.16552734375,SOLANO,UNINCORPORATED,-122.16558074951172,38.194194793701172
91856501,2022,2022-09-02,9365,2022-06-16,1923,019651,,4,2,9,4800,0,3,5,,2,020,"LOPES ROAD","LOPES RANCH ROAD",528.00,S,N,A,-,N,,,,,,,,,,N,1,1,0,1,A,-,01,23152,A,N,F,A,A,A,H,-,A,D,0,,,Y,,Y,Y,C,02,0,0,0,0,0,0,0,1,0,"- ","- ",38.212230682373047,-122.14418029785156,SOLANO,UNINCORPORATED,,