CASE_ID,ACCIDENT_YEAR,PROC_DATE,JURIS,COLLISION_DATE,COLLISION_TIME,OFFICER_ID,REPORTING_DISTRICT,DAY_OF_WEEK,CHP_SHIFT,POPULATION,CNTY_CITY_LOC,SPECIAL_COND,BEAT_TYPE,CHP_BEAT_TYPE,CITY_DIVISION_LAPD,CHP_BEAT_CLASS,BEAT_NUMBER,PRIMARY_RD,SECONDARY_RD,DISTANCE,DIRECTION,INTERSECTION,WEATHER_1,WEATHER_2,STATE_HWY_IND,CALTRANS_COUNTY,CALTRANS_DISTRICT,STATE_ROUTE,ROUTE_SUFFIX,POSTMILE_PREFIX,POSTMILE,LOCATION_TYPE,RAMP_INTERSECTION,SIDE_OF_HWY,TOW_AWAY,COLLISION_SEVERITY,NUMBER_KILLED,NUMBER_INJURED,PARTY_COUNT,PRIMARY_COLL_FACTOR,PCF_CODE_OF_VIOL,PCF_VIOL_CATEGORY,PCF_VIOLATION,PCF_VIOL_SUBSECTION,HIT_AND_RUN,TYPE_OF_COLLISION,MVIW,PED_ACTION,ROAD_SURFACE,ROAD_COND_1,ROAD_COND_2,LIGHTING,CONTROL_DEVICE,CHP_ROAD_TYPE,PEDESTRIAN_ACCIDENT,BICYCLE_ACCIDENT,MOTORCYCLE_ACCIDENT,TRUCK_ACCIDENT,NOT_PRIVATE_PROPERTY,ALCOHOL_INVOLVED,STWD_VEHTYPE_AT_FAULT,CHP_VEHTYPE_AT_FAULT,COUNT_SEVERE_INJ,COUNT_VISIBLE_INJ,COUNT_COMPLAINT_PAIN,COUNT_PED_KILLED,COUNT_PED_INJURED,COUNT_BICYCLIST_KILLED,COUNT_BICYCLIST_INJURED,COUNT_MC_KILLED,COUNT_MC_INJURED,PRIMARY_RAMP,SECONDARY_RAMP,LATITUDE,LONGITUDE,COUNTY,CITY,POINT_X,POINT_Y
91857898,2022,2022-09-06,9365,2022-08-25,1445,021645,,4,2,6,4807,0,1,1,,2,081,"I-80 W/B","COLUMBUS PARKWAY",1840.00,W,N,A,-,Y,SOL,,80,,,5.286,H,,L,Y,2,0,10,5,A,-,08,22107,,N,B,2,A,A,H,-,A,D,0,,,,Y,Y,,A,01,1,0,9,0,0,0,0,0,0,"- ","- ",38.1343994140625,-122.22324371337891,SOLANO,VALLEJO,-122.22322845458984,38.134395599365234
91863173,2022,2022-09-13,9365,2022-09-04,1120,020949,,7,1,6,4807,0,1,1,,2,081,"I-80 E/B","REDWOOD STREET",2410.00,E,N,A,-,Y,SOL,,80,,,4.900,H,,R,Y,2,0,3,2,A,-,03,22350,,N,C,C,A,A,H,-,A,D,0,,,,,Y,,A,07,1,0,2,0,0,0,0,0,0,"- ","- ",38.129291534423828,-122.22622680664062,SOLANO,VALLEJO,-122.22620391845703,38.129280090332031
91863349,2022,2022-09-13,9365,2022-09-05,0330,022766,,1,3,9,4800,0,1,A,,2,030,"PEABODY RD","FOXBORO PKWY",0.58,S,N,A,-,N,,,,,,,,,,N,2,0,1,2,A,-,08,22107,,F,B,G,A,A,H,-,D,D,0,,Y,,,Y,,-,99,1,0,0,0,0,0,1,0,0,"- ","- ",38.314990997314453,-121.97058868408203,SOLANO,UNINCORPORATED,-121.97045135498047,38.323467254638672
91865343,2022,2022-09-15,9365,2022-09-08,0105,021116,,4,3,9,4800,0,1,1,,2,081,"I-80 W/B","AMERICAN CANYON RD",4220.00,E,N,A,-,Y,SOL,,80,,,8.879,H,,L,N,2,0,1,2,A,-,01,23152,A,N,C,E,A,A,H,-,D,D,0,,,,Y,Y,Y,A,01,1,0,0,0,0,0,0,0,0,"- ","- ",38.177871704101562,-122.19081878662109,SOLANO,UNINCORPORATED,-122.19072723388672,38.177825927734375
91869866,2022,2022-09-21,9365,2022-09-05,1220,017820,,1,1,9,4800,0,3,5,,2,020,"CORDELIA RD","THOMASSON LN",2682.00,E,N,A,-,N,,,,,,,,,,Y,2,0,1,1,A,-,08,22107,,N,E,I,A,A,H,-,A,A,0,,,,,Y,,A,01,1,0,0,0,0,0,0,0,0,"- ","- ",38.225948333740234,-122.10398101806641,SOLANO,UNINCORPORATED,-122.10307312011719,38.226619720458984
91873859,2021,2022-09-27,9365,2021-11-11,2245,017736,,4,3,5,4806,0,1,1,,2,505,"I-505 N/B","VACA VALLEY PKY",4646.00,N,N,E,-,Y,,,505,,,,,,N,Y,1,1,3,4,A,-,03,22350,,N,C,C,A,A,H,-,D,D,0,,,,Y,Y,,G,25,1,2,0,0,0,0,0,0,0,"- ","- ",38.406581878662109,-121.94669342041016,SOLANO,VACAVILLE,-121.94671630859375,38.406585693359375
91874519,2022,2022-09-27,9365,2022-09-18,0810,019458,,7,1,5,4803,0,1,1,,2,083,"I-80 W/B TO SUISUN VALLEY ROAD","SUISUN VALLEY ROAD O/C",135.00,W,N,C,-,Y,,,,,,,,,,N,2,0,2,1,A,-,03,22350,,N,E,I,A,B,H,-,A,D,0,,,Y,,Y,,C,02,1,1,0,0,0,0,0,0,2,"- ","- ",38.222938537597656,-122.12972259521484,SOLANO,FAIRFIELD,-122.12972259521484,38.222938537597656
91874570,2022,2022-09-27,9365,2022-09-22,0032,021116,,4,3,6,4807,0,1,1,,2,080,"I-80 W/B","BENICIA RD",900.00,W,N,A,-,Y,SOL,,80,,,2.254,H,,L,N,2,0,1,1,A,-,08,22107,,N,E,I,A,A,H,-,D,D,0,,,,,Y,,A,07,1,0,0,0,0,0,0,0,0,"- ","- ",38.091869354248047,-122.23040008544922,SOLANO,VALLEJO,-122.23046112060547,38.091880798339844
91879324,2022,2022-09-30,9365,2022-07-26,0007,022286,,2,3,9,4800,0,1,A,,2,030,"LYON ROAD","BLUE MOUNTAIN DRIVE",1159.00,W,N,A,-,N,,,,,,,,,,N,1,1,0,1,A,-,01,23152,A,N,E,I,A,A,H,-,D,D,0,,,Y,,Y,Y,C,02,0,0,0,0,0,0,0,1,0,"- ","- ",38.313011169433594,-122.03327941894531,SOLANO,UNINCORPORATED,-122.03334808349609,38.312950134277344
91882849,2022,2022-10-05,9365,2022-09-24,1505,021674,,6,2,6,4807,0,1,1,,2,081,"I-80 W/B","REDWOOD ST",987.00,W,N,A,-,Y,SOL,,80,,,4.226,H,,L,N,2,0,1,2,A,-,07,21658,A,N,B,C,A,A,H,-,A,D,0,,,,,Y,,A,01,1,0,0,0,0,0,0,0,0,"- ","- ",38.120189666748047,-122.23049926757812,SOLANO,VALLEJO,-122.23049163818359,38.120189666748047
91890489,2022,2022-10-14,9365,2022-10-06,0300,020565,,4,3,9,4800,0,3,5,,2,040,"SIEVERS RD","HALLEY RD",1584.00,E,N,A,-,N,,,,,,,,,,N,2,0,1,1,A,-,08,22107,,N,A,I,A,A,H,-,D,D,0,,,,,Y,,A,01,1,0,0,0,0,0,0,0,0,"- ","- ",38.489589691162109,-121.91729736328125,SOLANO,UNINCORPORATED,-121.91822814941406,38.489643096923828
91894363,2022,2022-10-19,9365,2022-09-11,0210,022326,,7,3,9,4800,0,1,1,,2,084,"I-80 W/B","MANUEL CAMPOS PARKWAY",1584.00,E,N,B,-,Y,SOL,,80,,,21.233,H,,L,Y,2,0,3,2,A,-,03,22350,,F,C,C,A,A,D,-,C,D,0,,,,,Y,,A,01,1,2,0,0,0,0,0,0,0,"- ","- ",38.299751281738281,-122.03408813476562,SOLANO,UNINCORPORATED,-122.03414154052734,38.299751281738281
91899207,2022,2022-10-25,9365,2022-10-21,1758,021674,,5,2,6,4807,0,1,1,,2,080,"I-80 E/B","MAGAZINE ST",2550.00,W,N,A,-,Y,SOL,,80,,,1.272,H,,R,N,2,0,1,2,A,-,03,22350,,M,C,C,A,A,H,-,A,D,0,,,Y,Y,Y,,C,02,1,0,0,0,0,0,0,0,1,"- ","- ",38.078220367431641,-122.23267364501953,SOLANO,VALLEJO,-122.23265838623047,38.078224182128906
91899223,2022,2022-10-25,9365,2022-10-24,0615,017805,,1,1,6,4807,0,1,1,,2,080,"I-80 WB",I-780,150.00,W,N,A,-,Y,SOL,,80,,,2.187,H,,L,N,2,0,3,3,A,-,03,22350,,N,C,C,A,A,H,-,C,D,0,,,,,Y,,A,01,1,1,1,0,0,0,0,0,0,"- ","- ",38.090930938720703,-122.230712890625,SOLANO,VALLEJO,-122.23075866699219,38.0909423828125
91912689,2022,2022-11-08,9365,2022-11-06,0630,017508,,7,1,9,4800,0,1,3,,2,122,"SR-12 W/B",SR-113,0.00,,Y,A,-,Y,,,,,,,,,,Y,2,0,1,1,A,-,01,23152,G,N,E,I,A,A,H,-,A,D,0,,,,,Y,Y,A,01,1,0,0,0,0,0,0,0,0,"- ","- ",38.183681488037109,-121.86605834960938,SOLANO,UNINCORPORATED,-121.80597686767578,38.183769226074219
9191697,2020,2021-02-02,4806,2020-11-14,2315,777,506,6,5,5,4806,0,0,0,,0,005,"LEISURE TOWN RD","ULATIS DR",0.00,,Y,A,-,N,,,,,,,,,,Y,2,0,3,2,A,-,03,22350,,N,C,C,A,A,H,-,C,D,0,,,,,Y,,A,08,1,0,2,0,0,0,0,0,0,"- ","- ",38.358070373535156,-121.93408203125,SOLANO,VACAVILLE,-121.93402862548828,38.358001708984375
91921771,2022,2022-11-18,9365,2022-11-12,0755,016970,,6,1,5,4806,0,1,A,,2,030,"FOOTHILL DRIVE","PLEASANTS VALLEY RD.",1056.00,E,N,A,-,N,,,,,,,,,,Y,2,0,1,1,A,-,08,22107,,N,E,I,A,A,H,-,A,D,0,,,,,Y,,A,07,1,0,0,0,0,0,0,0,0,"- ","- ",38.360420227050781,-122.02034759521484,SOLANO,VACAVILLE,-122.02072143554688,38.360439300537109
91923792,2021,2022-11-22,9365,2021-12-02,0406,021204,,4,3,9,4800,0,1,1,,2,089,"I-80 E/B","RICHARDS BLVD",2640.00,W,N,E,-,Y,,,80,,,,,,E,Y,2,0,3,2,A,-,03,22350,,N,D,2,A,A,H,-,D,D,0,,,,Y,Y,,F,26,2,1,0,0,0,0,0,0,0,"- ","- ",38.534618377685547,-121.74196624755859,SOLANO,UNINCORPORATED,-121.74195098876953,38.534599304199219
91924212,2022,2022-11-22,9365,2022-11-16,0510,022766,,3,3,6,4807,0,1,1,,2,080,"I-80 E/B","GEORGIA ST",950.00,E,N,A,-,Y,SOL,,80,,,3.063,H,,R,Y,2,0,1,2,A,-,08,22107,,F,E,I,A,A,H,-,C,D,0,,,,,Y,,A,07,1,0,0,0,0,0,0,0,0,"- ","- ",38.103408813476562,-122.22968292236328,SOLANO,VALLEJO,-122.22964477539062,38.103408813476562
91929355,2022,2022-11-29,9365,2022-11-14,1705,021185,,1,2,5,4803,0,1,1,,2,085,"INTERSTATE 80 EASTBOUND","AIR BASE PARKWAY",1584.00,E,N,A,-,Y,SOL,,80,,,19.466,H,,R,Y,2,0,1,2,A,-,03,22350,,N,C,C,A,A,D,-,A,A,0,,,Y,,Y,,C,02,1,0,0,0,0,0,0,0,1,"- ","- ",38.276889801025391,-122.04663848876953,SOLANO,FAIRFIELD,-122.04659271240234,38.276866912841797
91946331,2022,2022-12-19,9365,2022-05-10,0650,015293,,2,1,9,4800,0,1,1,,2,089,"I-80 WESTBOUND","PEDRICK ROAD OVERCROSSING (WEST EDGE)",270.00,E,N,A,-,Y,SOL,,80,,,39.780,H,,L,Y,1,1,3,3,A,-,03,22350,,N,C,2,A,A,H,-,A,D,0,,,,Y,Y,,F,26,1,2,0,0,0,0,0,0,0,"- ","- ",38.489261627197266,-121.80332946777344,SOLANO,UNINCORPORATED,-121.8033447265625,38.489269256591797
91958456,2022,2023-01-03,9320,2022-12-18,0240,022915,,7,3,3,4802,0,1,S,,2,904,"I-80 W/B","DIXON AVE O/C",1336.00,E,N,A,-,Y,SOL,,80,,,35.798,H,,L,Y,2,0,2,2,A,-,01,23152,A,N,C,2,A,A,H,-,C,A,0,,,,,Y,Y,A,07,1,1,0,0,0,0,0,0,0,"- ","- ",38.448478698730469,-121.85549926757812,SOLANO,DIXON,-121.85550689697266,38.448486328125
91964578,2022,2023-01-10,9365,2022-10-10,0650,015293,,1,1,9,4800,0,3,5,,2,040,"VAUGHN ROAD","ROBBEN ROAD",0.00,,Y,A,-,N,,,,,,,,,,Y,1,1,1,2,A,-,12,22450,A,N,D,C,A,A,H,-,D,A,0,,,,Y,Y,,A,01,0,1,0,0,0,0,0,0,0,"- ","- ",38.467079162597656,-121.785888671875,SOLANO,UNINCORPORATED,-121.78585815429688,38.467090606689453
91968961,2023,2023-01-16,9365,2023-01-08,2149,022766,,7,2,6,4807,0,1,1,,2,078,"I-780 E/B","LAUREL ST",2112.00,E,N,C,-,Y,SOL,,780," "," ",6.656,H,,R,Y,2,0,2,1,A,-,08,22107,,N,E,I,A,B,H,-,C,D,0,,,,,Y,Y,A,01,1,0,1,0,0,0,0,0,0,"- ","- ",38.089168548583984,-122.22120666503906,SOLANO,VALLEJO,-122.22123718261719,38.089103698730469
91978659,2023,2023-01-26,9365,2023-01-24,"750 ",017805,,2,1,6,4807,0,1,1,,2,078,"I-780 EB","GLEN COVE RD O/C",2600.00,W,N,A,-,Y,SOL,,780," "," ",6.523,H,,R,Y,2,0,1,2,A,-,03,22350,,N,C,C,A,A,H,-,A,D,0,,,Y,,Y,,C,02,1,0,0,0,0,0,0,0,1,"- ","- ",38.088249206542969,-122.21906280517578,SOLANO,VALLEJO,-122.21896362304688,38.088397979736328
91980646,2023,2023-01-27,9365,2023-01-18,2346,018192,,3,3,9,4800,0,1,1,,2,081,"I-80 W/B",SR-37,528.00,E,N,B,C,Y,SOL,,80," "," ",6.389,H,,L,Y,2,0,2,2,C,-,18,,,N,D,C,A,B,H,-,C,D,0,,,,,Y,Y,-,"- ",1,0,1,0,0,0,0,0,0,"- ","- ",38.149261474609375,-122.217041015625,SOLANO,UNINCORPORATED,-122.21698760986328,38.149257659912109
91981927,2022,2023-01-30,9365,2022-06-03,1000,017163,,5,1,5,4803,0,1,1,,2,085,"I-80 W/B","LAGOON VALLEY RD",1530.00,W,N,A,-,Y,SOL,,80,,R,22.830,H,,L,N,1,1,0,2,A,-,01,23152,F,F,G,B,E,A,D,E,A,D,0,Y,,,,Y,,A,01,0,0,0,1,0,0,0,0,0,"- ","- ",38.321510314941406,-122.02702331542969,SOLANO,FAIRFIELD,-122.02696228027344,38.321475982666016
91982024,2022,2023-01-30,9365,2022-10-08,0735,016919,,6,1,5,4803,0,1,1,,2,681,"I-680 S/B","GOLD HILL ROAD O/C",6864.00,S,N,A,-,Y,SOL,,680,,R,8.684,H,,L,Y,1,1,0,1,A,-,08,22107,,N,E,I,A,A,H,-,A,D,0,,,,,Y,,A,01,0,0,0,0,0,0,0,0,0,"- ","- ",38.165878295898438,-122.12268829345703,SOLANO,FAIRFIELD,-122.12265014648438,38.165901184082031
91984429,2023,2023-02-01,9365,2023-01-26,1330,020949,,4,1,9,4800,0,1,3,,2,122,SR-12,"SCALLY LN",30.00,E,N,A,-,Y,SOL,,12," "," ",8.896,H,,R,Y,2,0,2,3,A,-,05,21460,A,N,B,C,A,A,H,-,A,D,0,,,,Y,Y,,F,26,1,1,0,0,0,0,0,0,0,"- ","- ",38.228511810302734,-121.97023010253906,SOLANO,UNINCORPORATED,-121.97023010253906,38.228507995605469
91987555,2023,2023-02-06,9365,2023-01-26,1855,022066,,4,2,9,4800,0,1,3,,2,121,"SR-12 W/B","RANCH RD",528.00,E,N,A,-,Y,SOL,,12," "," ",0.575,H,,L,Y,2,0,7,2,A,-,09,21801,A,N,D,C,A,A,H,-,C,D,0,,,,,Y,,A,01,1,0,6,0,0,0,0,0,0,"- ","- ",38.208721160888672,-122.1927490234375,SOLANO,UNINCORPORATED,-122.19273376464844,38.208805084228516
91987651,2023,2023-02-06,9365,2023-01-26,2310,020217,,4,3,5,4803,0,1,1,,2,084,"I-80 W/B","BLUE MOUNTAIN DR",403.00,W,N,A,-,Y,SOL,,80," ",R,22.245,H,,L,Y,2,0,1,1,A,-,08,22107,,N,E,8,A,A,H,-,D,D,0,,,,,Y,,-,"- ",1,0,0,0,0,0,0,0,0,"- ","- ",38.314361572265625,-122.03285217285156,SOLANO,FAIRFIELD,-122.03263854980469,38.314315795898438
91996083,2023,2023-04-07,9365,2023-02-11,"511 ",018712,,6,3,9,4800,0,1,1,,2,088,"I-80 W/B","SR-113 S/B",150.00,E,N,C,-,Y,SOL,,80," "," ",38.240,H,,L,Y,2,0,2,3,A,-,03,22350,,N,D,C,E,B,H,-,B,D,0,Y,,,,Y,,A,01,1,0,1,0,1,0,0,0,0,"- ","- ",38.473381042480469,-121.82341766357422,SOLANO,UNINCORPORATED,-121.82347106933594,38.473419189453125
91996447,2023,2023-02-16,9365,2023-02-05,"855 ",017820,,7,1,5,4803,0,1,1,,2,083,"WB I-80 TO SB I-680 TRANSISTION ROAD","PITTMAN AVE",3010.00,W,N,C,-,Y,,,,,,,,,,N,2,0,1,1,A,-,08,22107,,N,E,I,A,B,H,-,A,D,0,,,,,Y,,D,22,1,0,0,0,0,0,0,0,0,"- ","- ",38.217918395996094,-122.13755035400391,SOLANO,FAIRFIELD,-122.13755035400391,38.217918395996094
92000396,2023,2023-02-22,9365,2023-02-21,"809 ",016970,,2,1,5,4806,0,1,A,,2,030,"HAWKINS RD","BYRNES RD",0.00,,Y,A,-,N,,,,,,,,,,Y,2,0,2,2,A,-,09,21802,A,N,D,C,A,A,H,-,A,A,0,,,,Y,Y,,A,01,1,0,1,0,0,0,0,0,0,"- ","- ",38.358959197998047,-121.90606689453125,SOLANO,VACAVILLE,-121.90605163574219,38.358909606933594
92015080,2023,2023-03-10,9365,2023-03-04,"629 ",017508,,6,1,9,4800,0,1,1,,2,085,"I-80 E/B","LAGOON VALLEY ROAD OVER CROSSING",15.00,W,N,A,-,Y,SOL,,80," ",R,23.122,H,,R,Y,2,0,2,1,A,-,08,22107,,N,E,I,A,A,D,-,B,D,0,,,,,Y,,A,01,2,0,0,0,0,0,0,0,0,"- ","- ",38.32489013671875,-122.02381896972656,SOLANO,UNINCORPORATED,-122.02397918701172,38.324951171875
92040366,2023,2023-04-10,9365,2023-03-31,1515,021609,,5,2,6,4807,0,1,1,,2,081,"I-80 E/B","REDWOOD STREET",1584.00,E,N,B,-,Y,SOL,,80," "," ",4.718,H,,R,N,2,0,1,2,A,-,03,22350,,F,C,C,A,A,H,-,A,D,0,,,Y,,Y,,C,02,1,0,0,0,0,0,0,0,1,"- ","- ",38.126930236816406,-122.22769927978516,SOLANO,VALLEJO,-122.22771453857422,38.126934051513672
92041446,2023,2023-04-10,9365,2023-03-28,1055,017820,,2,1,6,4807,0,1,1,,2,085,"I-80 E/B","ALAMO DR",3802.00,W,N,B,C,Y,SOL,,80," "," ",24.693,H,,R,Y,2,0,1,1,A,-,08,22107,,N,E,I,A,B,D,-,A,A,0,,,,,Y,,A,01,1,0,0,0,0,0,0,0,0,"- ","- ",38.342700958251953,-122.00740051269531,SOLANO,VALLEJO,-122.00733947753906,38.342571258544922
92042276,2023,2023-04-11,9365,2023-04-10,1846,022066,,1,2,4,4801,0,1,1,,2,077,"I-780 W/B","WEST K ST",2112.00,W,N,A,-,Y,SOL,,780," "," ",4.403,H,,L,Y,2,0,2,2,A,-,07,21658,A,F,E,I,A,A,H,-,A,A,0,,,,,Y,,-,99,1,1,0,0,0,0,0,0,0,"- ","- ",38.073429107666016,-122.1871337890625,SOLANO,BENICIA,-122.18724822998047,38.073371887207031
92074716,2023,2023-05-22,9365,2023-05-06,"145 ",023231,,6,3,9,4800,0,1,3,,2,121,SR-12,"MINERS TRAIL",3120.00,W,N,B,-,Y,SOL,,12," "," ",0.573,H,,R,N,2,0,2,2,A,-,01,23152,A,N,A,C,A,A,H,-,D,D,0,,,,,Y,Y,A,01,1,0,1,0,0,0,0,0,0,"- ","- ",38.208709716796875,-122.19284057617188,SOLANO,UNINCORPORATED,-122.19284057617188,38.208690643310547
92077542,2023,2023-05-25,9365,2023-05-17,2025,022019,,3,2,5,4803,0,1,1,,2,083,"I-80 E/B","GREEN VALLEY ROAD",1800.00,W,N,A,-,Y,SOL,,80," "," ",12.433,H,,R,N,2,0,1,2,C,-,18,,,N,G,B,E,A,D,E,A,A,0,Y,,,,Y,,-,"- ",1,0,0,0,1,0,0,0,0,"- ","- ",38.212741851806641,-122.14347839355469,SOLANO,FAIRFIELD,-122.14342498779297,38.212688446044922
92077779,2022,2023-05-25,9365,2022-10-07,2320,018712,,5,3,9,4800,0,3,5,,2,040,"PEDRICK RD","TREMONT RD",3896.00,N,N,A,-,N,,,,,,,,,,Y,1,1,1,3,A,-,01,23152,A,N,B,C,A,A,H,-,D,D,0,,,,,Y,,D,22,1,0,0,0,0,0,0,0,0,"- ","- ",38.507148742675781,-121.80351257324219,SOLANO,UNINCORPORATED,-121.80355072021484,38.506858825683594
92079553,2023,2023-05-26,9365,2023-05-20,1443,021674,,6,2,6,4807,0,1,3,,2,371,"SR-37 E/B","FAIRGROUNDS DR",248.00,E,N,A,-,Y,SOL,,37," "," ",11.021,H,,R,N,2,0,2,2,A,-,01,23152,F,N,B,C,A,A,H,-,A,D,0,,,,,Y,,A,01,2,0,0,0,0,0,0,0,0,"- ","- ",38.141258239746094,-122.23148345947266,SOLANO,VALLEJO,-122.23148345947266,38.141265869140625
92086416,2023,2023-06-05,9365,2023-05-31,1310,017805,,3,1,6,4807,0,1,3,,2,370,"SR-37 EB","SACRAMENTO ST O/C",820.00,W,N,A,-,Y,SOL,,37," ",R,8.328,H,,R,N,2,0,1,1,A,-,08,22107,,N,E,I,A,A,H,-,A,D,0,,,,,Y,,A,01,1,0,0,0,0,0,0,0,0,"- ","- ",38.124568939208984,-122.27052307128906,SOLANO,VALLEJO,-122.27059173583984,38.124622344970703
92089111,2023,2023-06-08,9365,2023-05-29,1850,020835,,1,2,9,4800,0,2,4,,2,301,"PLEASANTS VALLEY ROAD","VACA VALLEY ROAD",5650.00,N,N,A,-,N,,,,,,,,,,Y,2,0,1,1,A,-,01,23152,A,N,E,8,A,A,H,-,A,D,0,,,Y,,Y,Y,C,02,1,0,0,0,0,0,0,0,1,"- ","- ",38.393909454345703,-122.03768920898438,SOLANO,UNINCORPORATED,-122.03762817382812,38.393543243408203
92104335,2023,2023-06-28,9365,2023-06-25,1345,016970,,7,1,9,4800,0,2,4,,2,301,"PLEASANTS VALLEY ROAD","SUNNY HILLS LANE",500.00,S,N,A,-,N,,,,,,,,,,Y,2,0,1,2,A,-,06,21750,A,N,B,2,A,A,H,-,A,D,0,,,,,Y,,A,07,1,0,0,0,0,0,0,0,0,"- ","- ",38.353248596191406,-122.02461242675781,SOLANO,UNINCORPORATED,-122.02463531494141,38.347755432128906
9211590,2020,2021-02-11,4807,2020-12-02,1938,635,,3,5,6,4807,0,0,0,,0,006,"WILSON AV","LIGHTHOUSE DR",347.00,N,N,A,-,N,,,,,,,,,,Y,1,1,0,2,A,-,11,21956,A,N,G,B,D,A,H,-,C,D,0,Y,,,,Y,,N,60,0,0,0,1,0,0,0,0,0,"- ","- ",38.119899749755859,-122.27510070800781,SOLANO,VALLEJO,-122.27552795410156,38.120746612548828
92116232,2023,2023-07-13,9365,2023-07-01,2209,022796,,6,3,5,4803,0,3,5,,2,020,"2147 CORDELIA ROAD","RITCHIE ROAD",66.00,W,N,A,-,N,,,,,,,,,,N,2,0,1,1,A,-,01,23152,A,N,F,A,A,A,H,-,C,D,0,,,Y,,Y,Y,C,02,1,0,0,0,0,0,0,0,1,"- ","- ",38.210990905761719,-122.13350677490234,SOLANO,FAIRFIELD,-122.1334228515625,38.210979461669922
9211630,2020,2022-06-18,4807,2020-10-24,1912,635,,6,5,6,4807,0,0,0,,0,006,"SACRAMENTO ST","RT 37",580.00,S,N,A,-,N,,,,,,,,,,Y,1,1,0,2,A,-,11,21956,A,N,G,B,D,A,H,-,D,D,0,Y,,,,Y,,N,60,0,0,0,1,0,0,0,0,0,"- ",WF,,,SOLANO,VALLEJO,-122.27095794677734,38.125900268554688
9211824,2020,2022-06-13,4807,2020-09-09,2242,705,VALLE,3,5,6,4807,0,0,0,,0,007,"SONOMA BL","LEWIS BROWN DR",136.00,S,N,A,-,Y,SOL,4,29,-,-,4.070,H,-,S,N,1,1,0,2,D,-,00,,,F,D,G,A,A,H,-,C,D,0,,Y,,,Y,,-,"- ",0,0,0,0,0,1,0,0,0,"- ","- ",38.137428283691406,-122.25627136230469,SOLANO,VALLEJO,-122.25583648681641,38.128944396972656
92127663,2023,2023-07-27,9365,2023-07-21,1640,020991,,5,2,5,4806,0,1,1,,2,086,"I-80 E/B","RIVERA RD",702.00,E,N,A,-,Y,SOL,,80," "," ",24.094,H,,R,Y,2,0,4,3,A,-,08,22107,,N,B,C,A,A,D,-,A,D,0,,,,,Y,,A,01,1,3,0,0,0,0,0,0,0,"- ","- ",38.337501525878906,-122.01586151123047,SOLANO,VACAVILLE,-122.01591491699219,38.3375244140625
92134113,2023,2023-08-02,9365,2023-07-26,"635 ",023328,,3,1,6,4807,0,3,5,,2,010,"GLEN COVE RD","LEWIS AVE",0.00,,Y,A,-,N,,,,,,,,,,N,2,0,1,2,A,-,09,21801,A,N,D,G,A,A,H,-,B,A,0,,Y,,,Y,,A,01,1,0,0,0,0,0,1,0,0,"- ","- ",38.084911346435547,-122.21131134033203,SOLANO,VALLEJO,-122.21122741699219,38.084884643554688
92135558,2022,2023-08-03,9365,2022-10-05,2028,019651,,3,2,9,4800,0,3,5,,2,020,"MANKAS CORNER ROAD","ABERNATHY ROAD",1363.00,N,N,A,-,N,,,,,,,,,,N,1,2,0,1,A,-,01,23152,A,N,E,8,A,A,H,-,D,D,0,,,,,Y,Y,A,01,0,0,0,0,0,0,0,0,0,"- ","- ",38.27587890625,-122.09262084960938,SOLANO,UNINCORPORATED,-122.09272766113281,38.275875091552734
92135569,2022,2023-08-03,9365,2022-10-02,2140,022326,,7,2,9,4800,0,1,1,,2,085,"I-80 E/B","CHERRY GLEN ROAD OVERCROSSING",2878.00,W,N,A,-,Y,SOL,,80,,R,22.558,H,,R,Y,1,1,0,1,A,-,01,23152,F,N,E,I,A,A,D,-,D,D,0,,,,,Y,Y,-,"- ",0,0,0,0,0,0,0,0,0,"- ","- ",38.318050384521484,-122.02948760986328,SOLANO,UNINCORPORATED,-122.02960968017578,38.318119049072266
92138470,2023,2023-08-08,9365,2023-07-30,1155,023294,,7,1,5,4806,0,1,1,,2,087,"I-80 E/B","MERIDIAN ROAD",1475.00,W,N,A,-,Y,SOL,,80," "," ",31.069,H,,R,Y,2,0,5,2,C,-,18,,,N,B,0,A,A,H,-,A,D,0,,,,,Y,,-,"- ",1,4,0,0,0,0,0,0,0,"- ","- ",38.400459289550781,-121.91776275634766,SOLANO,VACAVILLE,-121.91783905029297,38.400524139404297
92145508,2023,2023-08-16,9365,2023-08-13,1445,022277,,7,2,3,4802,0,1,1,,2,089,"I-80 W/B TO SR-113 N/B","GARROD DRIVE OVER CROSS",2125.00,S,N,A,-,Y,,,,,,,,,,Y,2,0,1,1,A,-,08,22107,,N,E,I,A,A,H,-,A,D,0,,,,,Y,,A,01,1,0,0,0,0,0,0,0,0,"- ","- ",38.526229858398438,-121.76689910888672,SOLANO,DIXON,,