CASE_ID,ACCIDENT_YEAR,PROC_DATE,JURIS,COLLISION_DATE,COLLISION_TIME,OFFICER_ID,REPORTING_DISTRICT,DAY_OF_WEEK,CHP_SHIFT,POPULATION,CNTY_CITY_LOC,SPECIAL_COND,BEAT_TYPE,CHP_BEAT_TYPE,CITY_DIVISION_LAPD,CHP_BEAT_CLASS,BEAT_NUMBER,PRIMARY_RD,SECONDARY_RD,DISTANCE,DIRECTION,INTERSECTION,WEATHER_1,WEATHER_2,STATE_HWY_IND,CALTRANS_COUNTY,CALTRANS_DISTRICT,STATE_ROUTE,ROUTE_SUFFIX,POSTMILE_PREFIX,POSTMILE,LOCATION_TYPE,RAMP_INTERSECTION,SIDE_OF_HWY,TOW_AWAY,COLLISION_SEVERITY,NUMBER_KILLED,NUMBER_INJURED,PARTY_COUNT,PRIMARY_COLL_FACTOR,PCF_CODE_OF_VIOL,PCF_VIOL_CATEGORY,PCF_VIOLATION,PCF_VIOL_SUBSECTION,HIT_AND_RUN,TYPE_OF_COLLISION,MVIW,PED_ACTION,ROAD_SURFACE,ROAD_COND_1,ROAD_COND_2,LIGHTING,CONTROL_DEVICE,CHP_ROAD_TYPE,PEDESTRIAN_ACCIDENT,BICYCLE_ACCIDENT,MOTORCYCLE_ACCIDENT,TRUCK_ACCIDENT,NOT_PRIVATE_PROPERTY,ALCOHOL_INVOLVED,STWD_VEHTYPE_AT_FAULT,CHP_VEHTYPE_AT_FAULT,COUNT_SEVERE_INJ,COUNT_VISIBLE_INJ,COUNT_COMPLAINT_PAIN,COUNT_PED_KILLED,COUNT_PED_INJURED,COUNT_BICYCLIST_KILLED,COUNT_BICYCLIST_INJURED,COUNT_MC_KILLED,COUNT_MC_INJURED,PRIMARY_RAMP,SECONDARY_RAMP,LATITUDE,LONGITUDE,COUNTY,CITY,POINT_X,POINT_Y
92148708,2022,2023-08-21,9365,2022-12-14,1925,021645,,3,2,6,4807,0,1,3,,2,371,"SR-37 E/B TO I-80 W/B","COLUMBUS PARKWAY",1206.00,E,N,B,-,Y,SOL,,80,,,5.420,H,,L,Y,1,1,1,1,A,-,08,22107,,N,E,8,A,A,H,-,C,D,0,,,,,Y,,D,22,1,0,0,0,0,0,0,0,0,"- ","- ",38.136238098144531,-122.22232055664062,SOLANO,VALLEJO,-122.22212219238281,38.136161804199219
92149180,2022,2023-08-21,9365,2022-05-15,0020,022326,,7,3,6,4807,0,1,1,,2,080,"I-80 W/B","MAGAZINE STREET",429.00,W,N,A,-,Y,SOL,,80,,,1.689,H,,L,Y,1,1,1,2,A,-,11,21954,A,F,G,B,E,A,H,-,D,D,0,Y,,,,Y,,N,60,0,0,1,1,0,0,0,0,0,"- ","- ",38.084091186523438,-122.23326110839844,SOLANO,VALLEJO,-122.23330688476562,38.084095001220703
92152632,2022,2024-04-05,9365,2022-07-03,0015,021857,,7,3,9,4800,0,1,A,,2,030,"PUTAH CREEK ROAD","CANAL LANE",2112.00,W,N,B,-,N,,,,,,,,,,Y,1,1,1,1,A,-,08,22107,,N,E,8,A,A,H,-,D,D,0,,,,,Y,,D,22,0,1,0,0,0,0,0,0,0,"- ","- ",38.489398956298828,-122.01158905029297,SOLANO,UNINCORPORATED,-122.01081085205078,38.4898681640625
92161060,2023,2023-09-01,9365,2023-08-30,1000,017163,,3,1,9,4800,0,3,5,,2,040,"ROBBEN RD","MIDWAY RD",0.00,,Y,A,-,N,,,,,,,,,,Y,2,0,3,2,A,-,09,21802,A,N,D,C,A,A,H,-,A,A,0,,,,,Y,,A,07,1,2,0,0,0,0,0,0,0,"- ","- ",38.416339874267578,-121.78591156005859,SOLANO,UNINCORPORATED,-121.78597259521484,38.41632080078125
92162817,2023,2023-09-15,9365,2023-08-25,2350,023302,,5,3,5,4806,0,1,1,,2,087,"I-80 E/B","LEISURE TOWN ROAD",4032.26,W,N,A,-,Y,SOL,,80," ",R,29.047,H,,R,Y,2,0,1,7,A,-,01,23152,A,N,C,2,A,A,D,-,C,D,0,,,,,Y,Y,A,01,1,0,0,0,0,0,0,0,0,"- ","- ",38.380180358886719,-121.94413757324219,SOLANO,VACAVILLE,-121.94412994384766,38.380168914794922
9217165,2021,2021-03-15,4806,2021-01-15,1413,234,904,5,5,5,4806,0,0,0,,0,009,"ORANGE DR","NUT TREE RD",13.00,E,N,A,-,N,,,,,,,,,,N,2,0,1,2,A,-,12,21453,A,N,D,G,A,A,H,-,A,A,0,,Y,,,Y,,L,04,1,0,0,0,0,0,1,0,0,"- ","- ",38.368000030517578,-121.95600128173828,SOLANO,VACAVILLE,-121.95626068115234,38.368450164794922
92172406,2022,2023-09-18,9365,2022-08-18,0040,022460,,4,3,3,4802,0,1,1,,2,088,"I-80 E/B","WEST A STREET",2232.00,W,N,A,-,Y,SOL,,80,,,35.127,H,,R,N,1,1,1,2,A,-,03,22350,,N,C,C,A,A,H,-,C,D,0,,,,,Y,,A,01,0,1,0,0,0,0,0,0,0,"- ","- ",38.441490173339844,-121.86405944824219,SOLANO,DIXON,-121.86409759521484,38.441516876220703
92176056,2023,2023-09-21,9365,2023-09-09,1810,022277,,6,2,3,4802,0,1,1,,2,088,"I-80 W/B","CURREY ROAD",1170.00,E,N,A,-,Y,SOL,,80," "," ",38.579,H,,L,Y,2,0,1,1,A,-,08,22107,,N,F,A,A,A,H,-,A,D,0,,,,,Y,,A,01,1,0,0,0,0,0,0,0,0,"- ","- ",38.476860046386719,-121.8189697265625,SOLANO,DIXON,-121.81901550292969,38.476894378662109
92183825,2023,2023-10-02,9365,2023-09-16,"235 ",023301,,6,3,5,4803,0,1,1,,2,083,"I-80 E/B","SUISUN VALLEY RD",4858.00,E,N,A,-,Y,SOL,,80," "," ",14.422,H,,R,Y,2,0,1,1,A,-,01,23152,A,N,E,I,A,A,H,-,A,D,0,,,,,Y,Y,A,01,1,0,0,0,0,0,0,0,0,"- ","- ",38.230209350585938,-122.11470794677734,SOLANO,FAIRFIELD,-122.11463165283203,38.230094909667969
92193149,2023,2023-10-06,9365,2023-09-30,"500 ",022286,,6,3,5,4806,0,1,1,,2,087,"I-80 EB","DIXON AVE",900.00,W,N,B,-,Y,SOL,,80," "," ",35.214,H,,R,N,2,0,1,1,A,-,08,22107,,N,E,I,A,B,H,-,C,D,0,,,,,Y,Y,A,01,1,0,0,0,0,0,0,0,0,"- ","- ",38.442470550537109,-121.86299133300781,SOLANO,VACAVILLE,-121.86293029785156,38.442424774169922
92194716,2023,2023-10-09,9365,2023-09-28,1523,020991,,4,2,3,4802,0,1,1,,2,088,"I-80 W/B","DIXON AVE",976.00,W,N,A,-,Y,SOL,,80," "," ",35.354,H,,L,N,2,0,8,2,A,-,03,22350,,N,C,C,A,A,H,-,A,D,0,,,,,Y,,A,01,1,2,5,0,0,0,0,0,0,"- ","- ",38.443931579589844,-121.86128997802734,SOLANO,DIXON,-121.86132049560547,38.443950653076172
92208173,2023,2023-10-25,9365,2023-07-20,"212 ",022834,,4,3,5,4803,0,1,1,,2,085,"INTERSTATE 80 EASTBOUND","MANUEL CAMPOS PARKWAY OVER CROSSING",402.80,E,N,A,-,Y,SOL,,80," "," ",21.011,H,,R,N,1,1,0,2,A,-,11,21954,A,N,G,B,E,A,D,-,D,D,0,Y,,,,Y,,N,60,0,0,0,1,0,0,0,0,0,"- ","- ",38.296421051025391,-122.03391265869141,SOLANO,FAIRFIELD,-122.03388977050781,38.296421051025391
9221153,2021,2021-03-24,4806,2021-02-12,1624,770,4806,5,5,5,4806,0,0,0,,0,001,"MOJAVE CT","ALAMO DR",295.00,E,N,A,-,N,,,,,,,,,,,2,0,1,2,A,-,03,22350,,N,G,B,E,A,H,-,A,D,0,Y,,,,Y,,D,22,1,0,0,0,1,0,0,0,0,"- ","- ",38.360569000244141,-122.01235198974609,SOLANO,VACAVILLE,-122.01138305664062,38.360771179199219
92244255,2023,2023-11-27,9365,2023-11-21,"740 ",023328,,2,1,5,4803,0,1,1,,2,083,"I-80 W/B","RIO VISTA 12",134.00,W,N,A,-,Y,SOL,,80," "," ",15.783,H,,L,Y,2,0,1,1,C,-,18,,,N,E,8,A,A,H,-,A,D,0,,,,,Y,,-,"- ",1,0,0,0,0,0,0,0,0,"- ","- ",38.239799499511719,-122.09278106689453,SOLANO,FAIRFIELD,-122.09281158447266,38.239849090576172
92254479,2023,2023-12-06,9365,2023-11-24,2350,022833,,5,3,5,4803,0,1,1,,2,084,"I-80 WB","CHADBOURNE RD",2590.00,E,N,B,-,Y,SOL,,80," "," ",16.653,H,,L,Y,2,0,1,1,A,-,01,23152,A,N,E,I,A,A,H,-,D,A,0,,,,,Y,Y,A,01,1,0,0,0,0,0,0,0,0,"- ","- ",38.245891571044922,-122.07872009277344,SOLANO,FAIRFIELD,-122.07878875732422,38.245983123779297
92258595,2023,2023-12-11,9365,2023-12-06,1425,019299,,3,2,9,4800,0,1,3,,2,113,"SR-113 N/B","OLD DAVIS RD",1000.00,W,N,C,-,Y,,,,,,,,,,Y,2,0,2,1,A,-,08,22107,,N,E,I,A,B,H,-,A,D,0,,,,,Y,,-,"- ",1,1,0,0,0,0,0,0,0,"- ","- ",38.525539398193359,-121.76236724853516,SOLANO,UNINCORPORATED,,
92258613,2023,2023-12-11,9365,2023-11-08,1541,020068,,3,2,9,4800,0,1,1,,2,680,"GOODYEAR RD","PARISH RD",0.00,,Y,A,-,N,,,,,,,,,,Y,2,0,1,2,A,-,09,21802,A,N,A,C,A,A,H,-,A,A,0,,,Y,,Y,,A,01,1,0,0,0,0,0,0,0,1,"- ","- ",38.115871429443359,-122.10459136962891,SOLANO,UNINCORPORATED,-122.10457611083984,38.115829467773438
92273719,2023,2023-12-28,9365,2023-12-20,2100,023294,,3,2,6,4807,0,1,1,,2,080,"I-80 W/B","SONOMA BLVD",239.00,E,N,B,G,Y,SOL,,80," "," ",1.250,H,,L,Y,2,0,1,1,A,-,01,23152,A,N,E,I,A,B,H,-,C,D,0,,,,,Y,Y,A,01,1,0,0,0,0,0,0,0,0,"- ","- ",38.077838897705078,-122.23297882080078,SOLANO,VALLEJO,-122.23276519775391,38.077888488769531
92280210,2023,2024-01-05,9365,2023-12-26,1420,023423,,2,2,9,4800,0,1,A,,2,030,"BYRNES ROAD","HAWKINS RD",0.00,,Y,B,-,N,,,,,,,,,,N,2,0,1,2,A,-,09,21802,A,N,D,C,A,A,H,-,A,A,0,,,Y,,Y,,A,08,1,0,0,0,0,0,0,0,1,"- ","- ",38.358951568603516,-121.90606689453125,SOLANO,UNINCORPORATED,-121.90605163574219,38.358909606933594
92280220,2023,2024-01-05,9365,2023-12-27,2212,023390,,3,3,6,4807,0,1,1,,2,081,"I-80 W/B","SR-37 W/B",5650.00,E,N,C,-,Y,SOL,,80," "," ",6.755,H,,L,Y,2,0,1,2,A,-,01,23152,A,N,E,I,A,B,H,-,C,D,0,,,,Y,Y,Y,D,22,1,0,0,0,0,0,0,0,0,"- ","- ",38.154369354248047,-122.21553039550781,SOLANO,VALLEJO,-122.21541595458984,38.154323577880859
92293616,2024,2024-01-22,9365,2024-01-09,"745 ",019815,,2,1,9,4800,0,1,A,,2,030,"BYRNES ROAD","HAWKINS ROAD",0.00,,Y,B,-,N,,,,,,,,,,Y,2,0,3,2,A,-,09,21800,A,N,D,C,A,B,H,-,A,A,0,,,,,Y,,D,22,1,0,2,0,0,0,0,0,0,"- ","- ",38.358959197998047,-121.90609741210938,SOLANO,UNINCORPORATED,-121.90605163574219,38.358909606933594
92295151,2022,2024-01-23,9365,2022-12-18,0341,022801,,7,3,6,4807,0,1,3,,2,370,"SR-37 W/B","WALNUT AVENUE OVERCROSSING",1767.00,W,N,A,-,Y,SOL,,37,,R,6.886,H,,L,N,1,1,0,2,A,-,11,21954,A,F,G,B,E,A,H,-,D,D,0,Y,,,,Y,Y,N,60,0,0,0,1,0,0,0,0,0,"- ","- ",38.117481231689453,-122.29496002197266,SOLANO,VALLEJO,-122.29496002197266,38.117462158203125
92295263,2023,2024-01-23,9365,2023-05-11,"455 ",022796,,4,3,9,4800,0,2,4,,1,206,"PEABODY ROAD N/B","CHUCK HAMMOND DR",2112.00,N,N,A,-,N,,,,,,,,,,Y,1,1,0,1,A,-,01,23152,F,N,E,I,A,A,H,-,D,D,0,,,,,Y,,A,01,0,0,0,0,0,0,0,0,0,"- ","- ",38.309928894042969,-121.97026062011719,SOLANO,UNINCORPORATED,-121.97039031982422,38.309814453125
92296286,2023,2024-01-24,9365,2023-04-04,"445 ",022460,,2,3,5,4806,0,1,1,,2,086,"I-80 W/B","MASON ST UNDERCROSSING",1512.00,E,N,A,-,Y,SOL,,80," ",R,26.797,H,,L,N,1,1,0,2,A,-,11,21954,A,N,G,B,E,A,H,-,D,D,0,Y,,,,Y,,N,60,0,0,0,1,0,0,0,0,0,"- ","- ",38.357891082763672,-121.97496032714844,SOLANO,VACAVILLE,-121.97498321533203,38.357902526855469
92298260,2023,2024-01-26,9365,2023-04-04,"924 ",016970,,2,1,3,4802,0,3,5,,2,040,"TREMONT ROAD","RAILROAD CROSSING",0.00,,Y,A,-,N,,,,,,,,,,Y,1,1,0,2,A,-,12,22451,A,N,E,9,A,A,H,-,A,A,0,,,,,Y,,A,01,0,0,0,0,0,0,0,0,0,"- ","- ",38.495880126953125,-121.78035736083984,SOLANO,DIXON,,
92324710,2023,2024-02-27,9365,2023-08-15,2224,022286,,2,3,3,4802,0,1,1,,2,088,"I-80 W/B","CURREY RD",3245.00,W,N,A,-,Y,SOL,,80," "," ",37.713,H,,L,N,2,0,1,2,A,-,07,21658,A,N,B,C,A,A,H,-,C,D,0,,,,,Y,,D,22,1,0,0,0,0,0,0,0,0,"- ","- ",38.468120574951172,-121.83042144775391,SOLANO,DIXON,-121.83032989501953,38.468048095703125
92325739,2024,2024-02-28,9365,2024-02-12,1413,023674,,1,2,9,4800,0,1,1,,2,082,"I-80 E/B","RED TOP ROAD",3740.00,W,N,A,-,Y,SOL,,80," ",R,10.691,H,,R,Y,2,0,2,1,A,-,01,23152,A,N,E,8,A,A,D,-,A,D,0,,,,,Y,Y,A,01,1,0,1,0,0,0,0,0,0,"- ","- ",38.194229125976562,-122.16555023193359,SOLANO,UNINCORPORATED,-122.16555023193359,38.194229125976562
92335371,2024,2024-03-11,9365,2024-03-03,"445 ",023294,,7,3,5,4806,0,1,1,,2,086,"I-80 E/B","RIVERA RD",2112.00,E,N,B,C,Y,SOL,,80," "," ",24.368,H,,R,Y,2,0,5,2,A,-,01,23152,A,M,C,C,A,B,H,-,D,A,0,,,,,Y,Y,A,01,1,0,4,0,0,0,0,0,0,"- ","- ",38.340488433837891,-122.01264190673828,SOLANO,VACAVILLE,-122.01263427734375,38.340484619140625
92336529,2024,2024-03-12,9365,2024-02-11,1904,023300,,7,2,6,4807,0,1,1,,2,080,"I-80 W/B","SEQUOIA AVE",959.00,E,N,A,-,Y,SOL,,80," "," ",1.449,H,,L,N,2,0,1,2,A,-,08,22107,,M,E,I,A,A,H,-,D,D,0,,,,,Y,,D,22,1,0,0,0,0,0,0,0,0,"- ","- ",38.080669403076172,-122.2335205078125,SOLANO,VALLEJO,-122.23341369628906,38.080677032470703
92337076,2024,2024-03-13,9365,2024-03-03,"505 ",023300,,7,3,5,4806,0,1,1,,2,086,"I-80 E/B","PENA ADOBE RD",2312.00,E,N,B,C,Y,SOL,,80," "," ",24.403,H,,R,N,2,0,6,2,A,-,01,23152,A,N,C,C,A,B,D,-,D,D,0,,,,,Y,Y,A,01,3,0,3,0,0,0,0,0,0,"- ","- ",38.340740203857422,-122.01206970214844,SOLANO,VACAVILLE,-122.01212310791016,38.340793609619141
92337143,2024,2024-03-13,9365,2024-03-06,"625 ",017654,,3,1,5,4806,0,1,1,,2,086,"I-80 E/B","DAVIS STREET",75.00,E,N,A,-,Y,SOL,,80," ",R,26.029,H,,R,Y,2,0,2,3,A,-,01,23152,A,N,A,C,A,A,H,-,B,D,0,,,,,Y,Y,A,01,2,0,0,0,0,0,0,0,0,"- ","- ",38.350929260253906,-121.98513793945312,SOLANO,VACAVILLE,-121.98513031005859,38.350917816162109
92347699,2024,2024-03-26,9365,2024-03-16,1540,022277,,6,2,5,4806,0,1,1,,2,086,"I-80 E/B","RIVERA RD",1025.00,W,N,A,-,Y,SOL,,80," "," ",23.760,H,,R,N,2,0,1,2,A,-,07,21658,A,N,B,C,A,A,D,-,A,A,0,,,Y,,Y,,A,01,1,0,0,0,0,0,0,0,1,"- ","- ",38.333229064941406,-122.01873016357422,SOLANO,VACAVILLE,-122.01870727539062,38.333221435546875
92349627,2024,2024-03-28,9365,2024-03-18,"10  ",023301,,1,3,9,4800,0,1,A,,2,030,"PEDRICK RD","MIDWAY RD",1848.00,S,N,A,-,N,,,,,,,,,,Y,2,0,1,1,A,-,01,23152,A,N,F,A,A,A,H,-,D,D,0,,,,,Y,Y,A,07,1,0,0,0,0,0,0,0,0,"- ","- ",38.411239624023438,-121.80435943603516,SOLANO,UNINCORPORATED,-121.80431365966797,38.411334991455078
92349777,2024,2024-03-28,9365,2024-03-21,"400 ",023623,,4,3,5,4803,0,1,1,,2,084,"I-80 E/B","CHADBOURNE RD",3538.00,E,N,A,-,Y,SOL,,80," "," ",16.839,H,,R,Y,2,0,1,1,A,-,08,22107,,N,E,I,A,A,D,-,C,D,0,,,,,Y,,A,07,1,0,0,0,0,0,0,0,0,"- ","- ",38.247051239013672,-122.07560729980469,SOLANO,FAIRFIELD,-122.07554626464844,38.246913909912109
92368965,2023,2024-04-19,9365,2023-04-25,1036,016970,,2,1,5,4806,0,1,1,,2,086,"I-80 E/B","RIVERA RD",200.00,E,N,A,-,Y,SOL,,80," "," ",24.066,H,,R,Y,2,0,2,3,A,-,03,22350,,F,E,B,F,A,D,-,A,A,0,Y,,,,Y,,A,07,1,1,0,0,1,0,0,0,0,"- ","- ",38.337211608886719,-122.01625823974609,SOLANO,VACAVILLE,-122.01616668701172,38.337169647216797
92372170,2023,2024-04-22,9365,2023-11-03,1809,022796,,5,2,4,4801,0,1,1,,2,680,"INTERSTATE 680 N/B TO LAKE HERMAN ROAD","LAKE HERMAN ROAD",90.00,S,N,A,-,Y,SOL,,680," ",R,2.731,H,,R,Y,1,1,0,1,A,-,08,22107,,N,E,I,A,A,H,-,B,D,0,,,,,Y,,A,07,0,0,0,0,0,0,0,0,0,"- ","- ",38.084579467773438,-122.11245727539062,SOLANO,BENICIA,-122.11270141601562,38.084716796875
92374073,2024,2024-04-24,9365,2024-04-17,2154,023408,,3,2,9,4800,0,1,1,,2,082,"I-80 E/B","LYNCH RD",1478.00,E,N,A,-,Y,SOL,,80," "," ",9.376,H,,R,Y,2,0,3,5,A,-,01,23152,A,N,B,C,A,A,H,-,D,D,0,,,,,Y,Y,A,01,2,1,0,0,0,0,0,0,0,"- ","- ",38.182388305664062,-122.18364715576172,SOLANO,UNINCORPORATED,-122.18367004394531,38.182399749755859
92377110,2023,2024-04-29,9365,2023-10-20,1523,021293,,5,2,9,4800,0,1,1,,2,089,"I-80 W/B","KIDWELL RD OVERCROSSING",1239.00,E,N,A,-,Y,SOL,,80," "," ",41.496,H,,L,N,1,1,0,2,A,-,03,22350,,N,C,C,A,A,H,-,A,D,0,,,Y,,Y,,C,02,0,0,0,0,0,0,0,1,0,"- ","- ",38.508098602294922,-121.78291320800781,SOLANO,UNINCORPORATED,-121.78297424316406,38.508140563964844
92377156,2023,2024-04-29,9365,2023-07-31,1600,021609,,1,2,5,4803,0,2,4,,2,201,"ROCKVILLE ROAD","RUSSELL ROAD",176.00,E,N,B,-,N,,,,,,,,,,Y,1,1,1,1,A,-,08,22107,,N,E,I,A,A,H,-,A,D,0,,,,,Y,,A,01,1,0,0,0,0,0,0,0,0,"- ","- ",38.246021270751953,-122.09773254394531,SOLANO,FAIRFIELD,-122.09754943847656,38.245937347412109
92388465,2024,2024-05-13,9320,2024-05-07,"631 ",016503,,2,1,9,4800,0,1,1,,2,685,"I-680 S/B","CONTRA COSTA/ SOLANO COUNTY LINE",250.00,N,N,A,-,Y,SOL,,680," "," ",0.072,H,,L,Y,2,0,1,2,A,-,03,22350,,N,C,2,A,A,H,-,A,D,0,,,Y,,Y,,C,02,1,0,0,0,0,0,0,0,1,"- ","- ",38.039348602294922,-122.12187957763672,SOLANO,UNINCORPORATED,-122.12194061279297,38.039318084716797
92389633,2024,2024-05-14,9365,2024-05-13,1540,019815,,1,2,9,4800,0,3,5,,2,020,"GOODYEAR ROAD","MARSHVIEW ROAD",1780.00,S,N,A,-,N,,,,,,,,,,Y,2,0,2,1,A,-,08,22107,,N,F,A,A,A,H,-,A,D,0,,,,,Y,,A,07,1,1,0,0,0,0,0,0,0,"- ","- ",38.144359588623047,-122.10894012451172,SOLANO,UNINCORPORATED,-122.10908508300781,38.144313812255859
92391841,2024,2024-05-16,9365,2024-04-29,2240,023676,,1,3,9,4800,0,3,5,,2,010,"LEWIS AVE","GILCREST AVE",500.00,E,N,A,-,N,,,,,,,,,,N,2,0,1,1,A,-,08,22107,,M,E,I,A,A,H,-,C,A,0,,,,,Y,,A,08,1,0,0,0,0,0,0,0,0,"- ","- ",38.086620330810547,-122.21707916259766,SOLANO,UNINCORPORATED,-122.21709442138672,38.086647033691406
92397418,2024,2024-05-23,9365,2024-05-12,2240,023623,,7,3,5,4803,0,1,1,,2,083,"I-80 W/B","GREEN VALLEY RD",5280.00,E,N,A,-,Y,SOL,,80," "," ",14.515,H,,L,N,2,0,1,1,A,-,01,23152,A,N,E,I,A,A,H,-,C,D,0,,,,,Y,,A,01,1,0,0,0,0,0,0,0,0,"- ","- ",38.231109619140625,-122.11328125,SOLANO,FAIRFIELD,-122.11319732666016,38.230987548828125
92398311,2023,2024-05-24,9365,2023-09-02,"241 ",023206,,6,3,6,4807,0,1,1,,2,081,"INTERSTATE 80 E/B","STATE ROUTE 37",216.00,E,N,B,-,Y,SOL,,80," "," ",6.223,H,,R,Y,1,1,2,1,A,-,01,23152,A,M,E,I,A,A,H,-,D,D,0,,,,,Y,Y,D,22,0,2,0,0,0,0,0,0,0,"- ","- ",38.14678955078125,-122.21666717529297,SOLANO,VALLEJO,-122.21652984619141,38.146785736083984
92401194,2024,2024-05-29,9365,2024-05-20,1740,023715,,1,2,5,4806,0,1,1,,2,087,"I-80 WB","N. MERIDIAN RD",264.00,W,N,A,-,Y,SOL,,80," "," ",31.336,H,,L,Y,2,0,1,1,A,-,08,22107,,N,E,9,A,A,H,-,A,D,0,,,,,Y,,-,"- ",1,0,0,0,0,0,0,0,0,"- ","- ",38.403598785400391,-121.91465759277344,SOLANO,VACAVILLE,-121.91445159912109,38.403430938720703
92403213,2024,2024-05-31,9365,2024-05-25,1025,023390,,6,1,9,4800,0,2,4,,2,301,"PLEASANTS VALLEY RD","VACA VALLEY RD",4594.00,N,N,A,-,N,,,,,,,,,,Y,2,0,1,1,A,-,08,22107,,N,E,I,A,A,H,-,A,D,0,,,,,Y,,A,01,1,0,0,0,0,0,0,0,0,"- ","- ",38.390968322753906,-122.03662109375,SOLANO,UNINCORPORATED,-122.03646087646484,38.390800476074219
92406768,2024,2024-06-05,9365,2024-05-29,1610,020074,,3,2,9,4800,0,1,3,,2,370,"SR-37 E/B","MARE ISLAND RAILROAD",1600.00,E,N,A,-,Y,SOL,,37," ",R,6.994,H,,R,N,2,0,2,3,A,-,08,22107,,N,E,E,E,A,H,-,A,D,0,Y,,,,Y,,A,01,1,1,0,0,1,0,0,0,0,"- ","- ",38.117279052734375,-122.29293823242188,SOLANO,UNINCORPORATED,-122.29293823242188,38.117332458496094
92408158,2023,2024-06-06,9365,2023-10-02,"415 ",023231,,1,3,9,4800,0,1,1,,2,082,"I-80 E/B","AMERICAN CANYON ROAD",4805.00,E,N,A,-,Y,SOL,,80," "," ",9.021,H,,R,Y,1,1,0,1,A,-,01,23152,F,N,E,I,A,A,H,-,C,D,0,,,,,Y,,A,07,0,0,0,0,0,0,0,0,0,"- ","- ",38.179100036621094,-122.18862915039062,SOLANO,UNINCORPORATED,-122.18854522705078,38.179019927978516
92412007,2024,2024-06-11,9365,2024-05-06,1220,023786,,1,1,9,4800,0,2,4,,2,301,"PLEASANTS VALLEY RD","FOOTHILL DR",1531.00,S,N,A,-,N,,,,,,,,,,Y,2,0,2,2,A,-,01,23152,A,N,B,C,A,A,H,-,A,D,0,,,,,Y,Y,A,07,1,1,0,0,0,0,0,0,0,"- ","- ",38.358058929443359,-122.02456665039062,SOLANO,UNINCORPORATED,-122.02457427978516,38.358119964599609
92414846,2023,2024-06-14,9365,2023-12-31,1649,023362,,7,2,5,4806,0,1,1,,2,086,"I-80 W/B","LAGOON VALLEY RD",183.73,E,N,B,-,Y,SOL,,80," "," ",23.249,H,,L,Y,1,1,4,1,A,-,08,22107,,N,E,I,A,A,D,-,A,D,0,,,,,Y,,A,07,4,0,0,0,0,0,0,0,0,"- ","- ",38.326690673828125,-122.02310180664062,SOLANO,VACAVILLE,-122.02316284179688,38.326717376708984
92434290,2024,2024-07-09,9365,2024-07-03,1327,021853,,3,1,5,4803,0,1,1,,2,085,"I-80 W/B","AIR BASE PKY",1056.00,E,N,A,-,Y,SOL,,80," "," ",19.445,H,,L,N,2,0,1,1,C,-,18,,,N,E,9,A,A,D,-,A,D,0,,,Y,,Y,,-,"- ",1,0,0,0,0,0,0,0,1,"- ","- ",38.276588439941406,-122.04698944091797,SOLANO,FAIRFIELD,-122.04710388183594,38.276649475097656
92442841,2024,2024-07-18,9365,2024-06-29,2342,023076,,6,3,5,4803,0,1,1,,2,083,"I-80 W/B","SUISUN VALLEY RD",1732.00,E,N,A,-,Y,SOL,,80," "," ",13.773,H,,L,Y,2,0,4,5,A,-,01,23152,A,N,D,2,A,A,H,-,C,D,0,,,,,Y,Y,A,07,1,0,3,0,0,0,0,0,0,"- ","- ",38.225490570068359,-122.12473297119141,SOLANO,FAIRFIELD,-122.12479400634766,38.225563049316406
92443780,2024,2024-07-19,9365,2024-05-21,2239,023676,,2,3,9,4800,0,1,A,,2,030,SR-113,"FLANNERY ROAD",4752.00,N,N,A,-,Y,SOL,,113," "," ",2.885,H,,R,N,2,0,1,2,A,-,11,21956,A,F,G,B,E,A,H,-,D,A,0,Y,,,,Y,,N,60,1,0,0,0,1,0,0,0,0,"- ","- ",38.225360870361328,-121.80577087402344,SOLANO,UNINCORPORATED,-121.80579376220703,38.225360870361328