CASE_ID,ACCIDENT_YEAR,PROC_DATE,JURIS,COLLISION_DATE,COLLISION_TIME,OFFICER_ID,REPORTING_DISTRICT,DAY_OF_WEEK,CHP_SHIFT,POPULATION,CNTY_CITY_LOC,SPECIAL_COND,BEAT_TYPE,CHP_BEAT_TYPE,CITY_DIVISION_LAPD,CHP_BEAT_CLASS,BEAT_NUMBER,PRIMARY_RD,SECONDARY_RD,DISTANCE,DIRECTION,INTERSECTION,WEATHER_1,WEATHER_2,STATE_HWY_IND,CALTRANS_COUNTY,CALTRANS_DISTRICT,STATE_ROUTE,ROUTE_SUFFIX,POSTMILE_PREFIX,POSTMILE,LOCATION_TYPE,RAMP_INTERSECTION,SIDE_OF_HWY,TOW_AWAY,COLLISION_SEVERITY,NUMBER_KILLED,NUMBER_INJURED,PARTY_COUNT,PRIMARY_COLL_FACTOR,PCF_CODE_OF_VIOL,PCF_VIOL_CATEGORY,PCF_VIOLATION,PCF_VIOL_SUBSECTION,HIT_AND_RUN,TYPE_OF_COLLISION,MVIW,PED_ACTION,ROAD_SURFACE,ROAD_COND_1,ROAD_COND_2,LIGHTING,CONTROL_DEVICE,CHP_ROAD_TYPE,PEDESTRIAN_ACCIDENT,BICYCLE_ACCIDENT,MOTORCYCLE_ACCIDENT,TRUCK_ACCIDENT,NOT_PRIVATE_PROPERTY,ALCOHOL_INVOLVED,STWD_VEHTYPE_AT_FAULT,CHP_VEHTYPE_AT_FAULT,COUNT_SEVERE_INJ,COUNT_VISIBLE_INJ,COUNT_COMPLAINT_PAIN,COUNT_PED_KILLED,COUNT_PED_INJURED,COUNT_BICYCLIST_KILLED,COUNT_BICYCLIST_INJURED,COUNT_MC_KILLED,COUNT_MC_INJURED,PRIMARY_RAMP,SECONDARY_RAMP,LATITUDE,LONGITUDE,COUNTY,CITY,POINT_X,POINT_Y
9254120,2021,2021-04-30,4806,2021-03-17,1410,686,905,3,5,5,4806,0,0,0,,0,009,"MONTE VISTA AV","COUNTY AIRPORT RD",820.00,N,N,A,-,N,,,,,,,,,,Y,2,0,1,1,A,-,08,22107,,N,A,I,A,A,H,-,A,A,0,,,,,Y,,D,22,1,0,0,0,0,0,0,0,0,"- ","- ",38.373401641845703,-121.95619201660156,SOLANO,VACAVILLE,-121.95464324951172,38.375076293945312
9256476,2021,2023-06-20,4806,2021-06-19,1445,770,4806,6,5,5,4806,0,0,0,,0,006,"PEABODY RD","FOXBORO PKY",2138.00,S,N,A,-,N,,,,,,,,,,Y,1,1,0,1,A,-,08,22107,,N,E,I,A,A,H,-,A,A,0,,,,,Y,,B,08,0,0,0,0,0,0,0,0,0,"- ","- ",38.3236083984375,-121.97045135498047,SOLANO,VACAVILLE,-121.97047424316406,38.317596435546875
9259355,2021,2021-05-25,4807,2021-04-15,0846,2092,,4,5,6,4807,0,0,0,,0,002,"RESIDENCE HALL RD","MARITIME DR",70.00,W,N,A,-,N,,,,,,,,,,N,2,0,1,1,A,-,03,22350,,N,F,A,A,A,H,-,A,A,0,,Y,,,Y,,L,04,1,0,0,0,0,0,1,0,0,"- ","- ",37.775188446044922,-122.41264343261719,SOLANO,VALLEJO,,
9283876,2021,2021-09-02,4806,2021-06-27,1926,686,4806,7,5,5,4806,0,0,0,,0,008,"MONTE VISTA AV","DEPOT ST",820.00,E,N,A,-,,,,,,,,,,,Y,2,0,1,2,A,-,03,22350,,N,C,C,A,A,H,-,A,A,0,,,Y,,Y,Y,C,02,1,0,0,0,0,0,0,0,1,"- ","- ",38.358970642089844,-121.98190307617188,SOLANO,VACAVILLE,-121.97901153564453,38.359298706054688
9314198,2021,2021-10-16,4806,2021-08-05,1208,234,906,4,5,5,4806,0,0,0,,0,009,"ORANGE DR","GILLEY WY",148.00,S,N,A,-,N,,,,,,,,,,Y,2,0,1,1,A,-,08,22107,,N,E,I,A,A,H,-,A,A,0,,,,,Y,,M,96,1,0,0,0,0,0,0,0,0,"- ","- ",38.382431030273438,-121.93865966796875,SOLANO,VACAVILLE,-121.93901062011719,38.382148742675781
9353379,2021,2021-11-12,4806,2021-10-18,1355,553,,1,5,5,4806,0,0,0,,0,,"NUT TREE RD","YELLOWSTONE DR E",187.00,N,N,A,-,N,,,,,,,,,,Y,2,0,2,2,A,-,05,21651,A,N,A,C,A,A,H,-,A,D,0,,,,,Y,,A,01,1,1,0,0,0,0,0,0,0,"- ","- ",38.362541198730469,-121.94915771484375,SOLANO,VACAVILLE,-121.95011901855469,38.362705230712891
9367921,2021,2021-12-07,4806,2021-10-31,2050,655,615,7,5,5,4806,0,0,0,,0,006,"LEISURE TOWN RD","VANDEN RD N",0.00,,Y,B,-,N,,,,,,,,,,Y,2,0,1,2,A,-,05,21651,B,N,A,C,A,A,H,-,C,D,0,,,,,Y,,A,01,1,0,0,0,0,0,0,0,0,"- ","- ",38.317020416259766,-121.94304656982422,SOLANO,VACAVILLE,-121.9429931640625,38.317039489746094
9372665,2021,2021-12-08,4805,2021-10-25,1305,5L59,4805,1,5,4,4805,0,0,0,,0,003,"WALTERS RD","BELLA VISTA DR",762.00,N,N,A,-,N,,,,,,,,,,Y,2,0,2,3,A,-,03,22350,,N,C,E,F,A,H,-,A,D,0,Y,,,,Y,,A,01,1,0,1,0,1,0,0,0,0,"- ","- ",38.25299072265625,-121.98822021484375,SOLANO,"SUISUN CITY",-121.98814392089844,38.255111694335938
9375662,2021,2021-12-30,4806,2021-11-21,1720,655,703,7,5,5,4806,0,0,0,,0,007,"PEABODY RD","SOUTHWOOD DR",0.00,,Y,A,-,N,,,,,,,,,,,2,0,1,2,A,-,11,21950,B,N,G,B,D,A,H,-,C,D,0,Y,,,,Y,,N,60,1,0,0,0,1,0,0,0,0,"- ","- ",38.338329315185547,-121.97010040283203,SOLANO,VACAVILLE,-121.97010040283203,38.33837890625
9384625,2021,2022-01-24,4806,2021-12-18,0017,756,803,6,5,5,4806,0,0,0,,0,008,"PEABODY RD","CLIFFSIDE DR",0.00,,Y,-,-,N,,,,,,,,,,N,2,0,4,2,A,-,01,23153,F,N,A,C,A,A,H,-,C,A,0,,,,,Y,,A,01,1,0,3,0,0,0,0,0,0,"- ","- ",38.352241516113281,-121.97622680664062,SOLANO,VACAVILLE,-121.97611999511719,38.352176666259766
9391114,2021,2022-02-17,4801,2021-09-13,2108,4345,2,1,5,4,4801,0,0,0,,0,002,"E H ST","E 4TH ST",225.00,W,N,A,-,N,,,,,,,,,,Y,2,0,1,4,A,-,01,23152,A,F,C,E,A,A,H,-,C,D,0,,,,,Y,Y,A,07,1,0,0,0,0,0,0,0,0,"- ","- ",,,SOLANO,BENICIA,-122.15251159667969,38.048076629638672
9395681,2022,2022-02-03,4806,2022-01-19,2201,686,701,3,5,5,4806,0,0,0,,0,007,"ALAMO DR","ALAMO LN",415.00,E,N,A,-,N,,,,,,,,,,N,2,0,1,2,A,-,11,21954,A,N,G,B,D,A,H,-,C,A,0,Y,,,,Y,,N,60,1,0,0,0,1,0,0,0,0,"- ","- ",38.333480834960938,-121.98525238037109,SOLANO,VACAVILLE,-121.98374938964844,38.33551025390625
9408814,2022,2022-03-08,4806,2022-02-10,1542,770,104,4,5,5,4806,0,0,0,,0,002,"MONTE VISTA AV","HILLSIDE LN",224.00,W,N,A,-,N,,,,,,,,,,N,2,0,1,2,A,-,09,21801,A,N,A,C,A,A,H,-,B,D,0,,,Y,,Y,,A,07,1,0,0,0,0,0,0,0,1,"- ","- ",38.358970642089844,-121.98670196533203,SOLANO,VACAVILLE,-121.98822021484375,38.358993530273438
9410093,2022,2022-03-14,4806,2022-01-13,1635,770,206,4,5,5,4806,0,0,0,,0,002,"MARKHAM AV","ROCKY HILL RD",12.00,N,N,A,-,N,,,,,,,,,,Y,2,0,1,2,A,-,03,22350,,N,C,E,A,A,H,-,A,D,0,,,,,Y,Y,A,01,1,0,0,0,0,0,0,0,0,"- ","- ",38.362678527832031,-121.98088073730469,SOLANO,VACAVILLE,-121.98086547851562,38.362659454345703
9421532,2022,2022-03-22,4801,2022-01-27,1936,4207,3,4,5,4,4801,0,0,0,,0,003,"COLUMBUS PKWY","ROSE DR",523.00,W,N,A,-,N,,,,,,,,,,Y,2,0,1,1,A,-,01,23152,,N,F,I,A,A,H,-,C,D,0,,,Y,,Y,Y,C,03,1,0,0,0,0,0,0,0,1,"- ","- ",38.081268310546875,-122.19216918945312,SOLANO,BENICIA,-122.19337463378906,38.082260131835938
9422351,2022,2022-05-03,4806,2022-02-12,0251,603,,6,5,5,4806,0,0,0,,0,,"ORANGE DR","GILLEY WY",177.00,E,N,A,-,N,,,,,,,,,,Y,2,0,1,1,A,-,03,22350,,N,E,I,A,A,H,-,C,D,0,,,Y,,Y,,C,02,1,0,0,0,0,0,0,0,1,"- ","- ",38.382431030273438,-121.93865966796875,SOLANO,VACAVILLE,-121.938232421875,38.382793426513672
9435059,2022,2022-05-03,4806,2022-04-07,1912,805,502,4,5,5,4806,0,0,0,,0,005,"ELMIRA RD","NUT TREE RD",475.00,E,N,A,-,N,,,,,,,,,,,2,0,1,2,A,-,09,21804,A,N,D,C,A,A,H,-,B,D,0,,,Y,,Y,,A,01,1,0,0,0,0,0,0,0,0,"- ","- ",38.351741790771484,-121.95317840576172,SOLANO,VACAVILLE,-121.95157623291016,38.351654052734375
94364476,2024,2024-08-21,9365,2024-08-17,"315 ",023390,,6,3,5,4803,0,1,1,,2,084,"I-80 W/B","TRAVIS BLVD",3177.00,E,N,A,-,Y,SOL,,80," "," ",18.536,H,,L,Y,2,0,1,2,A,-,03,22350,,N,C,C,A,A,D,-,C,A,0,,,,Y,Y,,A,01,1,0,0,0,0,0,0,0,0,"- ","- ",38.265701293945312,-122.05631256103516,SOLANO,FAIRFIELD,-122.05638122558594,38.265739440917969
94366592,2024,2024-08-23,9365,2024-08-12,1236,023890,,1,1,5,4803,0,1,1,,2,083,"I-80 W/B","LOPES RD",200.00,W,N,A,-,Y,SOL,,80," "," ",12.732,H,,L,Y,2,0,3,4,A,-,07,21658,A,N,B,C,A,A,H,-,A,A,0,,,,,Y,,A,01,1,2,0,0,0,0,0,0,0,"- ","- ",38.215801239013672,-122.13957977294922,SOLANO,FAIRFIELD,-122.13949584960938,38.215724945068359
94372120,2024,2024-08-27,9365,2024-07-28,1340,023328,,7,1,5,4806,0,1,1,,2,505,"I-505 N/B","I-80 W/B",817.00,N,N,A,-,Y,SOL,,505," ",R,0.214,H,,R,Y,2,0,2,4,A,-,08,22107,,N,D,D,A,A,H,-,A,A,0,,,,,Y,,A,01,1,1,0,0,0,0,0,0,0,"- ","- ",38.376380920410156,-121.95381927490234,SOLANO,VACAVILLE,-121.95379638671875,38.376377105712891
94375969,2024,2024-08-29,9365,2024-07-07,"140 ",023076,,7,3,5,4806,0,1,1,,2,505,"I-505 N/B","MIDWAY RD",3598.00,S,N,A,-,Y,SOL,,505," ",R,2.381,H,,R,N,2,0,3,2,A,-,01,23152,A,F,A,C,A,A,H,-,D,D,0,,,,,Y,Y,A,07,2,1,0,0,0,0,0,0,0,"- ","- ",38.407279968261719,-121.94660186767578,SOLANO,VACAVILLE,-121.94654846191406,38.407272338867188
94380991,2024,2024-09-04,9365,2024-08-23,1830,023294,,5,2,6,4807,0,1,1,,2,081,"I-80 W/B","STATE ROUTE 37",5544.00,E,N,G,-,Y,SOL,,80," "," ",6.760,H,,L,Y,2,0,2,2,A,-,01,23152,F,N,E,I,A,A,H,-,A,D,0,,,,Y,Y,,A,01,2,0,0,0,0,0,0,0,0,"- ","- ",38.1544189453125,-122.21543121337891,SOLANO,VALLEJO,-122.21537017822266,38.154392242431641
9438698,2022,2022-05-13,4804,2022-04-20,1452,11546RV,,3,5,2,4804,0,0,0,,0,,"RT 12","CHURCH RD",2015.00,E,N,A,-,Y,SON,4,12,-,-,25.220,H,-,E,Y,2,0,1,2,A,-,03,22350,,N,C,C,A,A,H,-,A,D,0,,,,,Y,,A,01,1,0,0,0,0,0,0,0,0,"- ","- ",,,SOLANO,"RIO VISTA",-122.56784057617188,38.431079864501953
94389237,2024,2024-09-10,9365,2024-08-25,2217,023676,,7,3,5,4803,0,1,1,,2,083,"I-80 E/B","RED TOP ROAD",4224.00,W,N,A,-,Y,SOL,,80," ",R,10.597,H,,R,N,2,0,1,1,A,-,08,22107,,N,F,A,A,A,H,-,D,D,0,,,Y,,Y,,C,02,1,0,0,0,0,0,0,0,1,"- ","- ",38.193168640136719,-122.16664123535156,SOLANO,FAIRFIELD,-122.16652679443359,38.193111419677734
94405045,2024,2024-09-23,9365,2024-09-11,2300,023890,,3,3,9,4800,0,1,A,,2,030,"PEACEFUL GLEN RD","TYLER CT",388.60,W,N,A,-,N,,,,,,,,,,Y,2,0,1,1,A,-,01,23152,A,N,E,I,A,A,H,-,D,A,0,,,,,Y,Y,A,01,1,0,0,0,0,0,0,0,0,"- ","- ",38.436191558837891,-121.97669982910156,SOLANO,UNINCORPORATED,-121.97676849365234,38.436065673828125
94422003,2024,2024-10-07,9365,2024-09-28,1935,023408,,6,2,5,4803,0,1,1,,2,084,"I-80 W/B","TRAVIS BLVD",3379.00,E,N,A,-,Y,SOL,,80," "," ",17.272,H,,L,Y,2,0,1,2,A,-,07,21658,A,N,C,C,A,A,H,-,C,D,0,,,Y,,Y,,A,07,1,0,0,0,0,0,0,0,1,"- ","- ",38.250389099121094,-122.06925964355469,SOLANO,FAIRFIELD,-122.06932067871094,38.250423431396484
94424580,2024,2024-10-09,9365,2024-10-03,"603 ",018499,,4,1,5,4806,0,1,1,,2,086,"I-80 W/B","ALAMO DR",890.00,W,N,A,-,Y,SOL,,80," ",R,25.138,H,,L,Y,2,0,1,2,A,-,08,22107,,N,C,C,A,A,H,-,C,D,0,,,,Y,Y,,D,22,1,0,0,0,0,0,0,0,0,"- ","- ",38.345470428466797,-122.00000762939453,SOLANO,VACAVILLE,-121.99997711181641,38.345424652099609
9443587,2022,2022-05-10,4801,2022-03-27,1408,4447,3,7,5,4,4801,0,0,0,,0,003,"ROSE DR","COLUMBUS PKWY",0.00,,Y,A,-,N,,,,,,,,,,N,2,0,2,2,A,-,08,22101,D,N,A,C,A,A,H,-,A,A,0,,,,,Y,Y,A,01,1,1,0,0,0,0,0,0,0,"- ","- ",38.081268310546875,-122.19216918945312,SOLANO,BENICIA,-122.19219207763672,38.0811767578125
9443604,2022,2022-05-13,4801,2022-04-08,1457,4447,1,5,5,4,4801,0,0,0,,0,001,"WEST K ST","DANIEL HILLS CT",15.00,E,N,A,-,N,,,,,,,,,,N,2,0,1,2,A,-,12,22450,A,N,H,G,A,-,H,-,A,A,0,,Y,,,Y,,L,04,1,0,0,0,0,0,1,0,0,"- ","- ",38.058891296386719,-122.169677734375,SOLANO,BENICIA,-122.16968536376953,38.059127807617188
94447864,2024,2024-10-28,9365,2024-10-18,2301,023740,,5,3,5,4803,0,1,1,,2,083,"I-80 W/B","REDTOP RD",3542.00,W,N,A,-,Y,SOL,,80," ",R,10.726,H,,L,Y,2,0,1,3,A,-,01,23152,A,N,D,C,A,A,H,-,D,D,0,,,,,Y,Y,A,07,1,0,0,0,0,0,0,0,0,"- ","- ",38.194839477539062,-122.16542053222656,SOLANO,FAIRFIELD,-122.16542816162109,38.194847106933594
94452591,2024,2024-10-31,9365,2024-10-22,"350 ",018712,,2,3,9,4800,0,3,5,,2,040,"TREMONT RD","ROBBEN RD",2640.00,S,N,A,-,N,,,,,,,,,,Y,2,0,1,2,A,-,03,22350,,F,C,C,A,A,H,-,D,A,0,,,,,Y,,A,01,1,0,0,0,0,0,0,0,0,"- ","- ",34.495891571044922,-121.77803039550781,SOLANO,UNINCORPORATED,-121.78752136230469,38.495998382568359
94452636,2024,2024-10-31,9365,2024-10-18,"405 ",022286,,5,3,5,4806,0,1,1,,2,086,"I-80 WB","I-505 N/B",1600.00,E,N,A,-,Y,SOL,,80," "," ",29.276,H,,L,N,2,0,1,1,A,-,08,22107,,N,F,A,A,A,H,-,C,D,0,,,,,Y,,D,22,1,0,0,0,0,0,0,0,0,"- ","- ",38.382568359375,-121.9417724609375,SOLANO,VACAVILLE,-121.94173431396484,38.382537841796875
94458489,2024,2024-11-05,9365,2024-10-29,"800 ",023852,,2,1,5,4803,0,1,1,,2,084,"I-80 E/B","TRAVIS BLVD",950.00,W,N,A,-,Y,SOL,,80," "," ",17.718,H,,R,Y,2,0,1,1,A,-,08,22107,,N,E,I,A,A,H,-,A,D,0,,,,,Y,,A,01,1,0,0,0,0,0,0,0,0,"- ","- ",38.255790710449219,-122.06420135498047,SOLANO,FAIRFIELD,-122.06433868408203,38.255863189697266
94482074,2024,2024-11-25,9365,2024-11-09,1900,023715,,6,2,6,4807,0,1,1,,2,080,"I-80 W/B","SEQUOIA AVENUE",1500.00,W,N,A,-,Y,SOL,,80," "," ",0.952,H,,L,N,2,0,1,1,A,-,01,23152,A,N,E,I,A,A,H,-,A,D,0,,,,,Y,,A,01,1,0,0,0,0,0,0,0,0,"- ","- ",38.073951721191406,-122.23027038574219,SOLANO,VALLEJO,-122.23039245605469,38.073894500732422
94482770,2024,2024-11-25,9365,2024-11-17,"220 ",023623,,7,3,9,4800,0,1,1,,2,086,"I-80 W/B","LAGOON VALLEY RD",1795.00,E,N,A,-,Y,SOL,,80," "," ",23.562,H,,L,N,2,0,1,2,A,-,01,23152,A,N,B,C,A,A,H,-,D,D,0,,,,Y,Y,Y,A,01,1,0,0,0,0,0,0,0,0,"- ","- ",38.330718994140625,-122.02046966552734,SOLANO,UNINCORPORATED,-122.02061462402344,38.330776214599609
94489584,2024,2024-12-02,9365,2024-11-27,2340,018712,,3,3,9,4800,0,1,A,,2,030,"PEACEFUL GLEN RD","TIMM RD",770.00,W,N,A,-,N,,,,,,,,,,Y,2,0,1,1,A,-,01,23152,A,N,E,8,A,A,H,-,D,D,0,,,,,Y,Y,D,22,1,0,0,0,0,0,0,0,0,"- ","- ",38.437808990478516,-121.97324371337891,SOLANO,UNINCORPORATED,-121.97319030761719,38.437744140625
94498273,2024,2024-12-13,9365,2024-02-10,"258 ",023231,,6,3,5,4803,0,1,1,,2,085,"INTERSTATE 80 E/B","MANUEL CAMPOS PARKWAY",3097.00,E,N,A,-,Y,SOL,,80," "," ",21.517,H,,R,N,2,0,5,4,A,-,01,23152,A,N,C,E,E,A,D,-,C,D,0,Y,,,,Y,Y,A,01,1,0,4,0,1,0,0,0,0,"- ","- ",38.303730010986328,-122.03366851806641,SOLANO,FAIRFIELD,-122.03372955322266,38.303730010986328
94509855,2024,2024-12-19,9365,2024-06-09,1930,023294,,7,2,9,4800,0,3,5,,2,020,"EAST RYER ROAD","3-15 MILE MARKER",186.00,N,N,A,-,N,,,,,,,,,,Y,1,1,0,1,A,-,01,23152,A,N,F,8,A,A,H,-,A,D,0,,,,,Y,Y,D,22,0,0,0,0,0,0,0,0,0,"- ","- ",38.255081176757812,-121.601318359375,SOLANO,UNINCORPORATED,,
94530093,2024,2025-01-08,9365,2024-12-26,1655,020835,,4,2,6,4807,0,1,1,,2,081,"I-80 WESTBOUND",SR-37,1000.00,W,N,B,C,Y,SOL,,80," "," ",5.306,H,,L,Y,2,0,1,3,A,-,03,22350,,N,C,C,A,B,H,-,C,D,0,,,,,Y,,A,01,1,0,0,0,0,0,0,0,0,"- ","- ",38.134639739990234,-122.22300720214844,SOLANO,VALLEJO,-122.22306823730469,38.134658813476562
94535479,2024,2025-01-13,9365,2024-12-29,1145,023206,,7,1,4,4801,0,1,1,,2,680,"I-680 N/B","LAKE HERMAN RD",5174.00,N,N,B,-,Y,SOL,,680," ",R,3.803,H,,R,N,2,0,2,1,A,-,08,22107,,N,E,I,A,B,H,-,A,D,0,,,,,Y,,A,07,1,1,0,0,0,0,0,0,0,"- ","- ",38.098781585693359,-122.10481262207031,SOLANO,BENICIA,-122.10486602783203,38.098793029785156
9453766,2022,2022-07-11,4806,2022-06-03,1907,756,303,5,5,5,4806,0,0,0,,0,003,"CROCKER DR","COTTING LN",150.00,N,N,B,-,N,,,,,,,,,,,2,0,1,2,A,-,11,21954,A,N,G,B,D,A,H,-,A,D,0,Y,,,,Y,,N,60,1,0,0,0,1,0,0,0,0,"- ","- ",38.396099090576172,-121.95240020751953,SOLANO,VACAVILLE,-121.95201873779297,38.396354675292969
94562721,2025,2025-02-03,9365,2025-01-23,1903,024150,,4,2,9,4800,0,3,5,,2,020,"GRIZZLY ISLAND ROAD","SR-12 E/B",2713.00,S,N,A,-,N,,,,,,,,,,N,2,0,1,2,A,-,03,22350,,N,B,2,A,A,H,-,D,A,0,,,Y,,Y,,C,02,1,0,0,0,0,0,0,0,1,"- ","- ",38.235851287841797,-122.02043914794922,SOLANO,UNINCORPORATED,-122.02030181884766,38.236091613769531
94564671,2024,2025-02-04,9365,2024-12-09,"50  ",023785,,1,3,9,4800,0,1,1,,2,089,"I-80 W/B","KIDWELL RD",1320.00,E,N,A,-,Y,SOL,,80," "," ",41.818,H,,L,Y,2,0,3,3,A,-,01,23152,A,N,C,E,A,A,H,-,C,D,0,,,,,Y,Y,A,01,1,1,1,0,0,0,0,0,0,"- ","- ",38.511688232421875,-121.77906799316406,SOLANO,UNINCORPORATED,-121.77912139892578,38.511726379394531
9457180,2022,2022-07-11,4806,2022-06-02,0757,770,602,4,5,5,4806,0,0,0,,0,006,"NUT TREE RD","NORTHAMPTON CT",0.00,,Y,A,-,N,,,,,,,,,,N,2,0,1,2,A,-,10,21950,A,N,G,B,D,A,H,-,A,A,0,Y,,,,Y,,D,22,1,0,0,0,1,0,0,0,0,"- ","- ",38.333789825439453,-121.95279693603516,SOLANO,VACAVILLE,-121.95278930664062,38.333824157714844
94588010,2025,2025-02-24,9365,2025-02-16,"115 ",023785,,7,3,9,4800,0,1,1,,2,085,"I-80 W/B","CHERRY GLEN RD",2798.00,W,N,A,-,Y,SOL,,80," ",R,22.605,H,,L,Y,2,0,3,2,C,-,18,,,N,C,E,A,A,D,-,D,D,0,,,,,Y,,-,"- ",1,2,0,0,0,0,0,0,0,"- ","- ",38.318801879882812,-122.02931976318359,SOLANO,UNINCORPORATED,-122.02936553955078,38.318828582763672
94593154,2024,2025-02-28,9365,2024-06-18,2051,023408,,2,2,5,4803,0,1,1,,2,681,"I-680 N/B TO I-80 E/B","GREEN VALLEY RD",1300.00,E,N,B,-,Y,,,,,,,,,,Y,1,1,0,1,A,-,01,23152,A,N,F,I,A,A,H,-,C,D,0,,,,,Y,Y,A,01,0,0,0,0,0,0,0,0,0,"- ","- ",38.218429565429688,-122.13458251953125,SOLANO,FAIRFIELD,-122.137939453125,38.214290618896484
94597806,2025,2025-03-05,9365,2025-03-03,1233,024294,,1,1,5,4806,0,1,1,,2,086,"I-80 WB","ALAMO DR",4000.00,W,N,A,-,Y,SOL,,80," "," ",24.532,H,,L,Y,2,0,3,2,A,-,08,22107,,N,E,8,A,A,D,-,A,D,0,,,,,Y,,A,01,1,1,1,0,0,0,0,0,0,"- ","- ",38.342010498046875,-122.01035308837891,SOLANO,VACAVILLE,-122.01030731201172,38.341930389404297
94610271,2025,2025-03-18,9365,2025-03-14,1156,023408,,5,1,5,4803,0,1,1,,2,681,"I-80 W/B TO I-680 S/B","CORDELIA RD",2534.00,N,N,B,-,Y,,,,,,,,,,Y,2,0,1,1,A,-,08,22107,,N,E,J,A,B,H,-,A,D,0,,,,,Y,,A,01,1,0,0,0,0,0,0,0,0,"- ","- ",38.217288970947266,-122.13777923583984,SOLANO,FAIRFIELD,-121.96314239501953,38.255691528320312
94626471,2025,2025-03-25,9365,2025-03-02,2014,023839,,7,2,5,4803,0,1,1,,2,083,"I-80 E/B","SR-12 E/B",4224.00,W,N,A,-,Y,,,,,,,,,,Y,2,0,1,1,A,-,08,22107,,N,E,I,A,A,H,-,C,D,0,,,,,Y,,A,01,1,0,0,0,0,0,0,0,0,"- ","- ",38.233810424804688,-122.10523223876953,SOLANO,FAIRFIELD,-117.25426483154297,33.901325225830078
94645231,2025,2025-04-10,9365,2025-03-14,2301,023889,,5,3,6,4807,0,1,1,,2,080,"I-80 W/B","CAQUINEZ BRIDGE TOLL PLAZA",55.69,E,N,B,-,Y,SOL,,80," "," ",0.612,H,,R,Y,2,0,1,2,A,-,01,23152,A,M,C,C,A,A,H,-,C,D,0,,,,Y,Y,Y,A,01,1,0,0,0,0,0,0,0,0,"- ","- ",38.069461822509766,-122.22657775878906,SOLANO,VALLEJO,-122.22679138183594,38.069393157958984
94648868,2025,2025-04-14,9365,2025-04-07,"335 ",023740,,1,3,6,4807,0,1,1,,2,078,"I-780 W/B","GLEN COVE RD",1780.00,W,N,A,-,Y,SOL,,780," "," ",6.353,H,,L,Y,2,0,2,1,A,-,08,22107,,N,E,I,A,B,H,-,C,D,0,,,,,Y,,A,01,1,1,0,0,0,0,0,0,0,"- ","- ",38.087249755859375,-122.21617889404297,SOLANO,VALLEJO,-122.21633911132812,38.087028503417969
94655368,2024,2025-04-18,9365,2024-08-07,"47  ",022286,,3,3,9,4800,0,1,1,,2,082,"INTERSTATE 80 W/B","LYNCH RD",2112.00,W,N,A,-,Y,SOL,,80," "," ",9.306,H,,L,Y,1,1,2,2,A,-,01,23152,A,N,C,E,A,A,H,-,C,D,0,,,,,Y,Y,A,07,0,2,0,0,0,0,0,0,0,"- ","- ",38.182041168212891,-122.18502044677734,SOLANO,UNINCORPORATED,-122.18495178222656,38.181991577148438
94662521,2025,2025-04-24,9365,2025-04-15,2300,024276,,2,3,5,4806,0,1,1,,2,086,"I-80 WESTBOUND","RIVERA RD",121.00,W,N,A,-,Y,SOL,,80," "," ",23.946,H,,L,Y,2,0,1,1,A,-,08,22107,,N,F,J,A,A,D,-,C,D,0,,,Y,,Y,,C,02,1,0,0,0,0,0,0,0,1,"- ","- ",38.335769653320312,-122.01750946044922,SOLANO,VACAVILLE,-122.01744842529297,38.335746765136719
94673175,2025,2025-05-02,9365,2025-04-30,"515 ",023302,,3,3,9,4800,0,1,1,,2,089,"I-80 W/B","KIDWELL RD",2957.00,W,N,A,-,Y,SOL,,80," "," ",40.684,H,,L,Y,2,0,1,3,A,-,17,22109,,F,B,C,A,A,H,-,A,D,0,,,,,Y,Y,-,99,1,0,0,0,0,0,0,0,0,"- ","- ",38.499191284179688,-121.79261016845703,SOLANO,UNINCORPORATED,-121.79255676269531,38.499156951904297
94679007,2025,2025-06-23,9365,2025-05-01,1535,024294,,4,2,9,4800,0,1,A,,2,030,"HAY RD","LEWIS RD",0.00,,Y,A,-,N,,,,,,,,,,Y,2,0,2,2,A,-,06,21750,A,N,D,C,A,A,H,-,A,A,0,,,,,Y,,A,01,1,1,0,0,0,0,0,0,0,"- ","- ",38.315391540527344,-121.89707946777344,SOLANO,UNINCORPORATED,-121.89706420898438,38.315349578857422
94704192,2024,2025-05-28,9365,2024-09-25,1200,020835,,3,1,9,4800,0,3,5,,2,020,"MANKAS CORNER ROAD","ABERNATHY ROAD",0.00,,Y,A,-,N,,,,,,,,,,Y,1,1,0,1,A,-,01,23152,F,N,E,I,A,A,H,-,A,A,0,,,,,Y,,A,07,0,0,0,0,0,0,0,0,0,"- ","- ",38.272201538085938,-122.09272003173828,SOLANO,UNINCORPORATED,-122.09262084960938,38.272140502929688