CASE_ID,ACCIDENT_YEAR,PROC_DATE,JURIS,COLLISION_DATE,COLLISION_TIME,OFFICER_ID,REPORTING_DISTRICT,DAY_OF_WEEK,CHP_SHIFT,POPULATION,CNTY_CITY_LOC,SPECIAL_COND,BEAT_TYPE,CHP_BEAT_TYPE,CITY_DIVISION_LAPD,CHP_BEAT_CLASS,BEAT_NUMBER,PRIMARY_RD,SECONDARY_RD,DISTANCE,DIRECTION,INTERSECTION,WEATHER_1,WEATHER_2,STATE_HWY_IND,CALTRANS_COUNTY,CALTRANS_DISTRICT,STATE_ROUTE,ROUTE_SUFFIX,POSTMILE_PREFIX,POSTMILE,LOCATION_TYPE,RAMP_INTERSECTION,SIDE_OF_HWY,TOW_AWAY,COLLISION_SEVERITY,NUMBER_KILLED,NUMBER_INJURED,PARTY_COUNT,PRIMARY_COLL_FACTOR,PCF_CODE_OF_VIOL,PCF_VIOL_CATEGORY,PCF_VIOLATION,PCF_VIOL_SUBSECTION,HIT_AND_RUN,TYPE_OF_COLLISION,MVIW,PED_ACTION,ROAD_SURFACE,ROAD_COND_1,ROAD_COND_2,LIGHTING,CONTROL_DEVICE,CHP_ROAD_TYPE,PEDESTRIAN_ACCIDENT,BICYCLE_ACCIDENT,MOTORCYCLE_ACCIDENT,TRUCK_ACCIDENT,NOT_PRIVATE_PROPERTY,ALCOHOL_INVOLVED,STWD_VEHTYPE_AT_FAULT,CHP_VEHTYPE_AT_FAULT,COUNT_SEVERE_INJ,COUNT_VISIBLE_INJ,COUNT_COMPLAINT_PAIN,COUNT_PED_KILLED,COUNT_PED_INJURED,COUNT_BICYCLIST_KILLED,COUNT_BICYCLIST_INJURED,COUNT_MC_KILLED,COUNT_MC_INJURED,PRIMARY_RAMP,SECONDARY_RAMP,LATITUDE,LONGITUDE,COUNTY,CITY,POINT_X,POINT_Y
94716447,2025,2025-06-06,9365,2025-05-25,"50  ",023785,,7,3,5,4803,0,1,1,,2,084,"I-80 W/B","TRAVIS BLVD",1848.00,E,N,A,-,Y,SOL,,80," "," ",18.349,H,,L,Y,2,0,2,2,A,-,01,23152,A,N,C,C,A,A,H,-,D,D,0,,,,,Y,Y,A,01,1,1,0,0,0,0,0,0,0,"- ","- ",38.263481140136719,-122.05825042724609,SOLANO,FAIRFIELD,-122.05826568603516,38.26348876953125
94722024,2024,2025-06-11,9365,2024-07-07,2200,023623,,7,3,9,4800,0,1,1,,2,089,"INTERSTATE 80 W/B","KIDWELL RD",46.24,E,N,A,-,Y,SOL,,80," "," ",41.263,H,,L,Y,1,2,0,1,A,-,01,23152,G,N,E,I,A,A,H,-,D,D,0,,,,,Y,Y,A,07,0,0,0,0,0,0,0,0,0,"- ","- ",38.505718231201172,-121.78600311279297,SOLANO,UNINCORPORATED,-121.78574371337891,38.505550384521484
94732265,2024,2025-06-19,9365,2024-09-28,2115,023785,,6,2,6,4807,0,1,1,,2,080,"INTERSTATE 80 EASTBOUND","CAQUINEZ BRIDGE TOLL PLAZA",222.00,W,N,A,-,Y,SOL,,80," "," ",0.550,H,,R,Y,1,1,0,1,A,-,01,23152,A,N,E,8,A,A,H,-,C,D,0,,,Y,,Y,Y,C,02,0,0,0,0,0,0,0,1,0,"- ","- ",38.068470001220703,-122.22663116455078,SOLANO,VALLEJO,-122.22635650634766,38.068561553955078
94733633,2025,2025-06-20,9365,2025-06-17,"320 ",023294,,2,3,9,4800,0,2,4,,2,301,"PLEASANTS VALLEY RD","VACA VALLEY RD",3643.00,N,N,A,-,N,,,,,,,,,,N,2,0,1,1,A,-,03,22350,,N,E,8,A,A,H,-,D,D,0,,,,,Y,,A,07,1,0,0,0,0,0,0,0,0,"- ","- ",38.389041900634766,-122.03453826904297,SOLANO,UNINCORPORATED,-122.034423828125,38.388874053955078
94742247,2025,2025-06-27,9365,2025-06-22,1530,024276,,7,2,9,4800,0,1,1,,2,681,"INTERSTATE 680","GOLD HILL RD",100.00,N,N,A,-,Y,SOL,,680," ",R,9.994,H,,R,N,2,0,1,3,A,-,03,22350,,N,C,C,A,A,H,-,A,D,0,,,,,Y,,A,07,1,0,0,0,0,0,0,0,0,"- ","- ",38.182449340820312,-122.13423919677734,SOLANO,UNINCORPORATED,-122.13401794433594,38.182521820068359
94742550,2025,2025-06-27,9365,2025-06-18,2140,024416,,3,2,5,4803,0,1,1,,2,082,"MCGARY RD","HIDDENBROOKE  PARKWAY",5069.00,E,N,A,-,N,,,,,,,,,,N,2,0,1,2,A,-,11,21954,A,F,G,B,D,A,H,-,B,D,0,Y,,,,Y,,N,60,1,0,0,0,1,0,0,0,0,"- ","- ",38.179508209228516,-122.18750762939453,SOLANO,FAIRFIELD,-122.18773651123047,38.179286956787109
94751944,2025,2025-07-07,9365,2025-06-26,"153 ",023889,,4,3,5,4806,0,1,1,,2,086,"I-80 E/B","ALAMO DR",1373.00,E,N,A,-,Y,SOL,,80," ",R,25.582,H,,R,Y,2,0,1,2,A,-,03,22350,,N,C,2,A,A,D,-,C,A,0,,,,Y,Y,,G,25,1,0,0,0,0,0,0,0,0,"- ","- ",38.347999572753906,-121.99257659912109,SOLANO,VACAVILLE,-121.99258422851562,38.348011016845703
94753953,2025,2025-07-08,9365,2025-06-20,"208 ",023676,,5,3,9,4800,0,1,1,,2,082,"I-80 E/B","AMERICAN CANYON ROAD",2469.00,E,N,A,-,Y,SOL,,80," "," ",8.574,H,,R,N,2,0,1,2,A,-,07,21658,A,N,C,C,A,A,H,-,D,A,0,,,,Y,Y,,A,01,1,0,0,0,0,0,0,0,0,"- ","- ",38.173881530761719,-122.1934814453125,SOLANO,UNINCORPORATED,-122.19351196289062,38.173900604248047
94756831,2025,2025-07-10,9365,2025-06-29,2119,023858,,7,2,9,4800,0,1,A,,2,030,"MIDWAY RD W/B","GENTILE LN",109.00,E,N,A,-,N,,,,,,,,,,Y,2,0,1,1,A,-,08,22107,,N,F,A,A,A,H,-,D,D,0,,,Y,,Y,,C,02,1,0,0,0,0,0,0,0,1,"- ","- ",38.417049407958984,-121.89936065673828,SOLANO,UNINCORPORATED,-121.89934539794922,38.416942596435547
94762161,2025,2025-07-15,9365,2025-03-23,1810,023328,,7,2,9,4800,0,1,1,,2,082,"INTERSTATE 80 E/B","AMERICAN CANYON ROAD",2429.00,E,N,A,-,Y,SOL,,80," "," ",8.571,H,,R,Y,1,1,1,1,A,-,01,23152,F,N,E,I,A,A,H,-,A,D,0,,,,,Y,,A,07,1,0,0,0,0,0,0,0,0,"- ","- ",38.173908233642578,-122.19362640380859,SOLANO,UNINCORPORATED,-122.19355773925781,38.173862457275391
9476664,2022,2022-08-08,4806,2022-07-06,1942,756,902,3,5,5,4806,0,0,0,,0,009,"ULATIS DR","HARBISON DR",0.00,,Y,A,-,N,,,,,,,,,,Y,2,0,1,2,A,-,01,23152,A,N,D,C,A,A,H,-,A,A,0,,,,,Y,Y,A,07,1,0,0,0,0,0,0,0,0,"- ","- ",38.357341766357422,-121.96248626708984,SOLANO,VACAVILLE,-121.96246337890625,38.357341766357422
94768011,2025,2025-08-19,9365,2025-04-22,"418 ",023231,,2,3,5,4806,0,1,1,,2,087,"INTERSTATE 80","LEISURE TOWN ROAD",1679.29,E,N,A,-,Y,SOL,,80," "," ",30.186,H,,R,Y,1,1,0,2,A,-,03,22350,,N,C,C,A,A,D,-,C,D,0,,,,Y,Y,,G,25,0,0,0,0,0,0,0,0,0,"- ","- ",38.391380310058594,-121.92951965332031,SOLANO,VACAVILLE,-121.92951965332031,38.391376495361328
9486178,2022,2022-09-16,4806,2022-07-21,1444,234,204,4,5,5,4806,0,0,0,,0,002,"MARKHAM AV","HILLTOP CT",268.00,W,N,A,-,N,,,,,,,,,,N,2,0,1,2,A,-,08,22107,,N,A,E,A,A,H,-,A,A,0,,,Y,,Y,,C,02,1,0,0,0,0,0,0,0,1,"- ","- ",38.371078491210938,-121.98317718505859,SOLANO,VACAVILLE,-121.98390960693359,38.370643615722656
9486180,2022,2022-09-16,4806,2022-07-07,2203,756,302,4,5,5,4806,0,0,0,,0,003,"VACA VALLEY PKWY","EUBANKS CT",557.00,W,N,A,-,N,,,,,,,,,,N,2,0,3,2,A,-,01,23152,A,N,A,C,A,A,H,-,C,D,0,,,,,Y,,A,01,2,1,0,0,0,0,0,0,0,"- ","- ",38.396358489990234,-121.96028900146484,SOLANO,VACAVILLE,-121.96210479736328,38.396659851074219
9486864,2022,2022-09-15,4806,2022-07-16,1219,533,904,6,5,5,4806,0,0,0,,0,009,"NUT TREE PKWY","HELEN POWER DR",560.00,E,N,A,-,N,,,,,,,,,,Y,2,0,3,2,A,-,08,22107,,N,D,C,A,A,H,-,A,D,0,,,Y,,Y,,A,07,1,0,2,0,0,0,0,0,1,"- ","- ",38.365871429443359,-121.96183776855469,SOLANO,VACAVILLE,-121.96006011962891,38.366447448730469
9486880,2022,2022-09-19,4806,2022-07-22,0203,779,805,5,5,5,4806,0,0,0,,0,008,"MAPLE ST","CYPRESS ST",75.00,W,N,A,-,N,,,,,,,,,,Y,2,0,1,3,A,-,08,22107,,F,D,E,A,A,H,-,C,D,0,,,,,Y,Y,A,01,1,0,0,0,0,0,0,0,0,"- ","- ",38.349899291992188,-121.99136352539062,SOLANO,VACAVILLE,-121.9915771484375,38.349800109863281
9504075,2022,2022-10-18,4806,2022-08-11,0828,583,,4,5,5,4806,0,0,0,,0,,"ELMIRA RD","LEISURE TOWN RD",903.00,E,N,A,-,N,,,,,,,,,,Y,1,1,0,2,A,-,00,27160,,N,C,G,A,A,H,-,A,D,0,,Y,,,Y,,A,01,0,0,0,0,0,1,0,0,0,"- ","- ",38.351341247558594,-121.93405151367188,SOLANO,VACAVILLE,-121.93088531494141,38.351272583007812
9504159,2022,2022-11-10,4804,2022-07-27,2012,11860RV,,3,5,2,4804,0,0,0,,0,,RT-12,"SUMERSET DR",31.00,E,N,A,-,Y,SOL,4,12,-,-,24.010,H,-,W,N,1,4,6,2,A,-,01,23152,G,N,A,C,A,A,H,-,A,D,0,,,,,Y,,A,01,3,3,0,0,0,0,0,0,0,"- ","- ",,,SOLANO,"RIO VISTA",-121.71957397460938,38.178726196289062
9520118,2022,2022-12-13,4806,2022-10-30,2011,686,504,7,5,5,4806,0,0,0,,0,00S,"NUT TREE DR","BEL AIR DR",300.00,S,N,A,-,N,,,,,,,,,,Y,1,1,0,1,A,-,03,22350,,N,E,I,A,A,H,-,C,A,0,,,,,Y,,A,01,0,0,0,0,0,0,0,0,0,"- ","- ",38.342239379882812,-121.9532470703125,SOLANO,VACAVILLE,-121.95326232910156,38.341655731201172
9520658,2022,2023-06-28,4804,2022-11-17,1510,11298RV,4604,4,5,2,4804,0,0,0,,0,,"RIVER RD","MILE MARKER .5",0.00,,Y,A,-,N,,,,,,,,,,Y,1,2,3,2,A,-,01,23152,G,N,A,C,A,A,H,-,A,D,0,,,,,Y,Y,A,01,2,0,1,0,0,0,0,0,0,"- ","- ",38.168869018554688,-121.58022308349609,SOLANO,"RIO VISTA",-121.34120941162109,37.978569030761719
9534133,2023,2023-03-03,4806,2023-01-09,1045,553,,1,5,5,4806,0,0,0,,0,,"ALAMO DR","ALAMO CT",18.00,S,N,B,-,N,,,,,,,,,,Y,2,0,2,3,A,-,03,22350,,N,A,C,A,B,H,-,A,D,0,,,,,Y,,A,01,1,1,0,0,0,0,0,0,0,"- ","- ",38.3360595703125,-121.98609161376953,SOLANO,VACAVILLE,-121.98595428466797,38.336067199707031
9534165,2022,2023-02-10,4804,2022-12-12,1108,13625RV,4804,1,5,2,4804,0,0,0,,0,007,"RT 12","CHURCH RD",63.00,E,N,A,-,Y,SOL,4,12,-,-,24.840,H,-,W,Y,2,0,1,3,A,-,09,21802,A,N,D,C,A,A,H,-,A,D,0,,,,Y,Y,,A,01,1,0,0,0,0,0,0,0,0,"- ","- ",,,SOLANO,"RIO VISTA",-121.70903015136719,38.17034912109375
9534779,2022,2023-01-24,4806,2022-04-16,2250,699,,6,5,5,4806,0,0,0,,0,,"ORANGE DR","GILLEY WY",554.00,W,N,B,-,N,,,,,,,,,,N,2,0,1,2,A,-,05,21651,A,N,A,G,A,A,H,-,C,D,0,,Y,,,Y,Y,L,04,1,0,0,0,0,0,1,0,0,"- ","- ",38.382431030273438,-121.93865966796875,SOLANO,VACAVILLE,-121.94002532958984,38.381370544433594
9541233,2023,2023-02-16,4806,2023-01-06,1830,639,703,5,5,5,4806,0,0,0,,0,007,ALAMEDA,"PEABODY RD",347.00,E,N,B,-,N,,,,,,,,,,N,2,0,2,2,A,-,01,23152,A,F,D,C,A,A,H,-,C,D,0,,,Y,,Y,Y,A,08,1,0,1,0,0,0,0,0,0,"- ","- ",38.33544921875,-121.97048950195312,SOLANO,VACAVILLE,,
9543843,2022,2023-01-24,4806,2022-12-20,0621,341,504,2,5,5,4806,0,0,0,,0,005,"NUT TREE RD","ALAMO DR",293.00,N,N,A,-,N,,,,,,,,,,Y,2,0,2,2,A,-,05,21651,A,N,D,G,A,A,H,-,C,A,0,,Y,,,Y,,L,04,1,1,0,0,0,0,1,0,0,"- ","- ",38.335369110107422,-121.95330810546875,SOLANO,VACAVILLE,-121.95330047607422,38.336143493652344
9546796,2023,2023-03-01,4806,2023-01-18,2022,763,615,3,5,5,4806,0,0,0,,0,006,"VANDEN RD","LEISURE TOWN RD N",0.00,,Y,C,-,N,,,,,,,,,,Y,2,0,1,1,A,-,03,22350,,N,E,I,A,B,H,-,C,A,0,,,,,Y,,A,01,1,0,0,0,0,0,0,0,0,"- ","- ",38.317020416259766,-121.94304656982422,SOLANO,VACAVILLE,-121.9429931640625,38.317039489746094
9564757,2023,2023-05-11,4806,2023-04-09,1011,829,,7,5,5,4806,0,0,0,,0,003,"ALLISON PKY","VACA VALLEY PKWY",2640.00,S,N,A,-,N,,,,,,,,,,Y,2,0,3,2,A,-,05,21651,B,F,A,C,A,A,H,-,A,A,0,,,,,Y,,A,01,1,2,0,0,0,0,0,0,0,"- ","- ",38.394901275634766,-121.96810150146484,SOLANO,VACAVILLE,-121.96714782714844,38.388641357421875
9572391,2023,2023-08-24,4806,2023-06-18,1733,826,711,7,5,5,4806,0,0,0,,0,007,"LA COSTA DR","PENA ADOBE RD",651.00,E,N,A,-,N,,,,,,,,,,Y,2,0,1,1,A,-,01,23152,A,N,E,J,A,A,H,-,A,D,0,,,,,Y,Y,A,01,1,0,0,0,0,0,0,0,0,"- ","- ",38.335079193115234,-122.01306915283203,SOLANO,VACAVILLE,,
9574455,2023,2023-05-02,4806,2023-03-18,"949 ",770,910,6,5,5,4806,0,0,0,,0,009,"LEISURE TOWN RD","ORANGE DR",0.00,,Y,A,-,N,,,,,,,,,,Y,2,0,1,2,A,-,09,21453,C,N,A,C,A,A,H,-,A,A,0,,,,,Y,,A,07,1,0,0,0,0,0,0,0,0,"- ","- ",38.384490966796875,-121.93376159667969,SOLANO,VACAVILLE,-121.93369293212891,38.384494781494141
9582928,2023,2023-06-22,4802,2023-05-16,"819 ",1258,,2,5,3,4802,0,0,0,,0,,"HOMESTEAD WAY","PITT SCHOOL RD",28.00,E,N,A,-,N,,,,,,,,,,N,2,0,1,2,A,-,10,21950,A,N,G,B,B,A,H,-,A,A,0,Y,,,,Y,,A,07,1,0,0,0,1,0,0,0,0,"- ","- ",,,SOLANO,DIXON,,
9596084,2023,2023-07-21,4801,2023-06-03,2257,4416,2,6,5,4,4801,0,0,0,,0,002,"E 2ND ST","RT 780",12.00,S,N,A,-,Y,SOL,4,780,-,-,2.204,R,4,W,Y,2,0,3,2,A,-,09,21453,C,F,D,C,A,A,H,-,C,A,0,,,,,Y,Y,A,01,1,2,0,0,0,0,0,0,0,"- ",WF,38.059440612792969,-122.14914703369141,SOLANO,BENICIA,-122.15193176269531,38.0601806640625
9598616,2023,2023-07-19,4806,2023-04-16,"859 ",770,407,7,5,5,4806,0,0,0,,0,004,"BEELARD DR","TULARE DR",0.00,,Y,A,-,N,,,,,,,,,,Y,2,0,1,2,A,-,"- ",,,N,G,B,D,A,H,-,A,A,0,Y,,,,Y,,A,01,1,0,0,0,1,0,0,0,0,"- ","- ",38.343948364257812,-121.96579742431641,SOLANO,VACAVILLE,-121.96578979492188,38.343940734863281
9621999,2023,2023-12-02,4806,2023-10-02,"919 ",638,103,1,5,5,4806,0,0,0,,0,001,"ALAMO DR","MONTE VISTA AV",0.00,,Y,A,-,N,,,,,,,,,,N,2,0,1,2,A,-,10,21950,A,N,G,B,B,A,H,-,A,A,0,Y,,,,Y,,A,01,1,0,0,0,0,0,0,0,0,"- ","- ",38.358318328857422,-122.01139068603516,SOLANO,VACAVILLE,-122.01138305664062,38.358280181884766
9624078,2022,2023-10-17,4807,2022-03-21,1519,671,"V PD",1,5,6,4807,0,0,0,,0,001,"ASCOT PKY","GARNET DR",350.00,S,N,A,-,N,,,,,,,,,,Y,1,1,1,1,A,-,08,22107,,N,E,I,A,A,H,-,A,D,0,,,,,Y,,A,01,1,0,0,0,0,0,0,0,0,"- ","- ",38.12493896484375,-122.21047973632812,SOLANO,VALLEJO,-122.2098388671875,38.124126434326172
9624079,2022,2023-10-17,4807,2022-01-27,1248,621,"V PD",4,5,6,4807,0,0,0,,0,001,"REDWOOD PKWY","EAGLE RIDGE DR",37.00,S,N,A,-,N,,,,,,,,,,Y,1,1,0,2,A,-,03,22350,,N,C,C,A,A,H,-,A,D,0,,,,,Y,,A,01,0,0,0,0,0,0,0,0,0,"- ","- ",38.126930236816406,-122.20379638671875,SOLANO,VALLEJO,-122.20380401611328,38.126850128173828
9627513,2023,2023-10-12,4806,2023-09-05,2043,805,911,2,5,5,4806,0,0,0,,0,009,"LEISURE TOWN RD","POPLAR RD",10.00,N,N,A,-,N,,,,,,,,,,N,2,0,1,2,A,-,11,21954,A,N,G,B,D,A,H,-,D,D,0,Y,,,,Y,,N,60,1,0,0,0,1,0,0,0,0,"- ","- ",38.380451202392578,-121.93377685546875,SOLANO,VACAVILLE,-121.93379974365234,38.380416870117188
9635598,2023,2024-01-23,4801,2023-11-16,"653 ",2092,2,4,5,4,4801,0,0,0,,0,002,"E 5TH ST","MILITARY EAST",0.00,,Y,B,-,N,,,,,,,,,,Y,2,0,1,2,A,-,17,21451,A,N,D,C,A,A,H,-,A,A,0,,,Y,,Y,,D,22,1,0,0,0,0,0,0,0,1,"- ","- ",38.050910949707031,-122.14687347412109,SOLANO,BENICIA,-122.1468505859375,38.050884246826172
9640347,2023,2025-06-26,4806,2023-11-08,"119 ",686,802,3,5,5,4806,0,0,0,,0,008,"DAVIS ST","HICKORY LN",0.00,S,N,A,-,N,,,,,,,,,,Y,1,1,0,1,A,-,01,23152,B,N,E,I,A,A,H,-,C,A,0,,,,,Y,Y,A,01,0,0,0,0,0,0,0,0,0,"- ","- ",38.352020263671875,-121.98636627197266,SOLANO,VACAVILLE,-121.98632049560547,38.352024078369141
9640766,2023,2024-09-04,4807,2023-08-30,1738,635,VALLE,3,5,6,4807,0,0,0,,0,002,"SPRINGS RD","HALABUK CT",0.00,,Y,A,-,N,,,,,,,,,,Y,1,1,2,4,A,-,03,22350,,F,C,C,A,A,H,-,A,A,0,,,,,Y,,A,01,0,0,2,0,0,0,0,0,0,"- ","- ",38.105918884277344,-122.22205352783203,SOLANO,VALLEJO,-122.22202301025391,38.106052398681641
9640938,2023,2024-09-18,4807,2023-09-01,"632 ",586,VALLE,5,5,6,4807,0,0,0,,0,001,"COLUMBUS PKWY","REDWOODS PKWY",500.00,E,N,B,-,N,,,,,,,,,,Y,1,1,1,1,A,-,08,22107,,N,E,I,A,A,H,-,A,D,0,,,,,Y,,D,22,0,0,1,0,0,0,0,0,0,"- ","- ",38.133541107177734,-122.19899749755859,SOLANO,VALLEJO,-122.19750213623047,38.132858276367188
9656692,2023,2024-02-08,4802,2023-12-03,2102,1329,,7,5,3,4802,0,0,0,,0,001,"BASE ST","MISFELDT ST",0.00,,Y,A,-,N,,,,,,,,,,Y,2,0,1,1,D,-,00,,,N,E,J,A,A,H,-,C,D,0,,,,,Y,,-,"- ",1,0,0,0,0,0,0,0,0,"- ","- ",,,SOLANO,DIXON,,
9665017,2024,2024-04-08,4802,2024-02-24,1927,1259,4802,6,5,3,4802,0,0,0,,0,002,"WEST H ST","NORTH LINCOLN ST",0.00,,Y,A,-,N,,,,,,,,,,Y,2,0,2,2,A,-,00,23215,B,N,D,C,A,A,H,-,C,A,0,,,Y,,Y,Y,C,02,1,1,0,0,0,0,0,0,1,"- ","- ",,,SOLANO,DIXON,-121.83580017089844,38.452922821044922
9666802,2023,2024-02-15,4801,2023-12-23,1025,2092,2,6,5,4,4801,0,0,0,,0,002,"2ND ST","MILITARY EAST",0.00,,Y,A,-,N,,,,,,,,,,N,2,0,3,4,A,-,05,21460,A,N,D,C,E,A,H,-,A,A,0,Y,,,,Y,,A,01,2,1,0,0,1,0,0,0,0,"- ","- ",38.053691864013672,-122.15300750732422,SOLANO,BENICIA,-122.15299224853516,38.053657531738281
9676894,2024,2024-06-05,4801,2024-04-18,2249,3932,1,4,5,4,4801,0,0,0,,0,001,"WEST H ST","W 2ND ST",0.00,,Y,A,-,N,,,,,,,,,,N,2,0,1,2,A,-,01,21221,5,N,B,C,A,A,H,-,C,A,0,,,Y,,Y,Y,C,03,1,0,0,0,0,0,0,0,1,"- ","- ",38.051498413085938,-122.16001892089844,SOLANO,BENICIA,-122.16002655029297,38.051467895507812
9689266,2024,2024-06-25,4806,2024-04-09,"819 ",674,408,2,5,5,4806,0,0,0,,0,004,"SOUTHWOOD DR","GREENWOOD DR",0.00,,Y,A,-,N,,,,,,,,,,N,2,0,1,2,A,-,10,21950,A,F,G,B,F,A,H,-,A,A,0,Y,,,,Y,,D,22,1,0,0,0,1,0,0,0,0,"- ","- ",38.338321685791016,-121.96949005126953,SOLANO,VACAVILLE,-121.969482421875,38.338298797607422
9700266,2024,2024-06-27,4806,2024-05-25,2015,756,508,6,5,5,4806,0,0,0,,0,005,"OAK VALLEY CT","WHITE OAK LN",0.00,,Y,A,-,N,,,,,,,,,,N,2,0,1,2,A,-,11,21954,A,N,G,B,E,A,H,-,A,D,0,Y,,,,Y,,N,60,1,0,0,0,1,0,0,0,0,"- ","- ",38.346000671386719,-121.94329833984375,SOLANO,VACAVILLE,-121.94329833984375,38.346767425537109
9723366,2024,2024-10-08,4806,2024-09-24,2243,827,303,2,5,5,4806,0,0,0,,0,003,"VACA VALLEY PKWY","MONTE VISTA AV",1049.00,E,N,A,-,N,,,,,,,,,,Y,2,0,1,2,A,-,01,23152,A,F,G,B,E,A,H,-,C,A,0,Y,,,,Y,Y,A,01,1,0,0,0,1,0,0,0,0,"- ","- ",38.394001007080078,-121.9530029296875,SOLANO,VACAVILLE,-121.94947052001953,38.393947601318359
9724152,2024,2024-10-21,4806,2024-10-10,"804 ",674,102,4,5,5,4806,0,0,0,,0,001,"ALAMO DR","EL CAMINO AV",31.00,S,N,A,-,N,,,,,,,,,,N,2,0,1,2,A,-,11,21954,A,N,G,B,D,A,H,-,A,A,0,Y,,,,Y,Y,N,60,1,0,0,0,1,0,0,0,0,"- ","- ",38.349349975585938,-122.00009155273438,SOLANO,VACAVILLE,-121.99998474121094,38.349273681640625
9753399,2024,2024-12-12,4801,2024-08-14,"559 ",4293,2,3,5,4,4801,0,0,0,,0,002,"5TH ST","RT 780",0.00,,Y,A,-,Y,SOL,4,780,-,-,1.734,R,4,W,N,2,0,1,2,A,-,11,21954,A,N,G,B,E,A,H,-,C,D,0,Y,,,,Y,,N,60,1,0,0,0,1,0,0,0,0,"- ","- ",,,SOLANO,BENICIA,-122.14694213867188,38.054634094238281
9768763,2024,2025-01-21,4802,2024-12-17,"829 ",1288,4802,2,5,3,4802,0,0,0,,0,001,"A ST","WASHINGTON ST",0.00,,Y,B,-,N,,,,,,,,,,N,2,0,1,2,A,-,05,21651,B,N,D,C,A,B,G,-,A,A,0,,,,Y,Y,,M,94,1,0,0,0,0,0,0,0,0,"- ","- ",38.445629119873047,-121.82752227783203,SOLANO,DIXON,-121.82746887207031,38.445625305175781
9780765,2024,2025-03-19,4806,2024-11-06,"527 ",815,,3,5,5,4806,0,0,0,,0,,"ORANGE DR","EDWARD EARL WY",475.00,W,N,A,-,N,,,,,,,,,,N,2,0,1,2,A,-,11,21955,,N,G,B,D,A,H,-,C,A,0,Y,,,,Y,,N,60,1,0,0,0,1,0,0,0,0,"- ","- ",38.370929718017578,-121.953857421875,SOLANO,VACAVILLE,-121.95490264892578,38.369808197021484
9786218,2024,2025-05-03,4807,2024-11-26,"131 ",781,VALLE,2,5,6,4807,0,0,0,,0,007,"SONOMA BL","YOLANO DR",181.00,S,N,C,-,N,,,,,,,,,,Y,1,1,0,2,A,-,11,21956,,N,G,B,D,B,H,-,C,D,0,Y,,,,Y,,N,60,0,0,0,1,0,0,0,0,0,"- ","- ",38.132419586181641,-122.25614929199219,SOLANO,VALLEJO,-122.25586700439453,38.131862640380859
9786223,2024,2025-05-03,4807,2024-12-24,2321,717,VALLE,2,5,6,4807,0,0,0,,0,006,"MARIN ST","FLORIDA ST",0.00,,Y,A,-,N,,,,,,,,,,Y,1,1,0,2,A,-,01,23152,B,N,D,C,A,A,H,-,C,A,0,,,Y,Y,Y,Y,C,02,0,0,0,0,0,0,0,1,0,"- ","- ",38.105060577392578,-122.256591796875,SOLANO,VALLEJO,-122.25652313232422,38.105072021484375
9786292,2024,2025-07-15,4807,2024-09-21,2046,765,VALPD,6,5,6,4807,0,0,0,,0,002,"AVIAN DR","RAINBOW CT",175.00,S,N,A,-,N,,,,,,,,,,Y,2,0,1,1,A,-,08,22107,,N,E,I,A,A,H,-,C,D,0,,,,,Y,Y,A,01,1,0,0,0,0,0,0,0,0,"- ","- ",38.108310699462891,-122.20487976074219,SOLANO,VALLEJO,-122.20533752441406,38.108051300048828
9786315,2024,2025-07-10,4806,2024-09-24,"808 ",836,,2,5,5,4806,0,0,0,,0,002,"MONTE VISTA AV","BROWN ST",436.00,W,N,A,-,N,,,,,,,,,,Y,1,1,0,2,A,-,11,21954,A,N,G,B,D,A,H,-,A,A,0,Y,,,,Y,,N,60,0,0,0,1,0,0,0,0,0,"- ","- ",38.359970092773438,-121.97727203369141,SOLANO,VACAVILLE,-121.97866058349609,38.35943603515625
9826723,2025,2025-07-03,4802,2025-05-10,1306,1336,,6,5,3,4802,0,0,0,,0,,"WEST A ST","NORTH ALMOND ST",0.00,,Y,A,-,N,,,,,,,,,,N,2,0,1,2,A,-,10,21950,A,F,G,B,B,A,H,-,A,D,0,Y,,,,Y,,A,07,1,0,0,0,1,0,0,0,0,"- ","- ",,,SOLANO,DIXON,-121.83184051513672,38.445667266845703
9829690,2025,2025-07-01,4806,2025-06-07,2320,871,102,6,5,5,4806,0,0,0,,0,001,"EDGEWOOD DR","WELLINGTON WY",71.00,N,N,A,-,N,,,,,,,,,,Y,2,0,1,2,A,-,01,23152,A,N,C,E,A,A,H,-,C,A,0,,,Y,,Y,Y,C,02,1,0,0,0,0,0,0,0,1,"- ","- ",38.352710723876953,-122.00521087646484,SOLANO,VACAVILLE,-122.00527191162109,38.352890014648438